
   ***   $sdf_annotate() version 1.2R
   ***    SDF file: "/MasterClass/M143010027_ALU/Hws/HW1/gate_level/FLP_mul/Delay/round2/timing.sdf"
   ***    Annotation scope: testbench.test_module
   ***    SDF Annotator log file: "sdf_annotation.log"
   ***    MTM selection: "MAXIMUM"
   ***    No SCALE FACTORS argument specified
   ***    No SCALE TYPE argument specified
   ***    SCALE FACTORS defaulted to "1.0:1.0:1.0":
   ***    SCALE TYPE defaulted to: "FROM_MTM"
   ***    Turnoff delay: "FROM_FILE"
   ***    Approximation (mipd) policy: "MAXIMUM"

   ***    SDF annotation begin: Mon Oct  5 20:42:39 2026


SDF Info: +pulse_r/100, +pulse_e/100 in effect

Warning-[SDFCOM_IWSBA] INTERCONNECT will still be annotated
/MasterClass/M143010027_ALU/Hws/HW1/gate_level/FLP_mul/Delay/round2/timing.sdf, 166
module: XNR2D4BWP16P90LVT, "instance: testbench.test_module.mult_31.U2560"
  SDF Warning: INTERCONNECT from mult_31.U2560.ZN to U100.I has Instance at 
  /MasterClass/M143010027_ALU/Hws/HW1/gate_level/FLP_mul/Delay/round2/netlist.v:2937,
  delay will still be annotated.


Warning-[SDFCOM_SWC] Simple Wire Connection
/MasterClass/M143010027_ALU/Hws/HW1/gate_level/FLP_mul/Delay/round2/timing.sdf, 169
module: XNR2D2BWP16P90LVT, "instance: testbench.test_module.mult_31.U3127"
  SDF Warning: The path from mult_31.U3127.ZN to U98.I0 doesn't have a simple 
  wire connection, delay will still be annotated.


Warning-[SDFCOM_SWC] Simple Wire Connection
/MasterClass/M143010027_ALU/Hws/HW1/gate_level/FLP_mul/Delay/round2/timing.sdf, 170
module: XNR2D2BWP16P90LVT, "instance: testbench.test_module.mult_31.U3123"
  SDF Warning: The path from mult_31.U3123.ZN to U98.I1 doesn't have a simple 
  wire connection, delay will still be annotated.


Warning-[SDFCOM_SWC] Simple Wire Connection
/MasterClass/M143010027_ALU/Hws/HW1/gate_level/FLP_mul/Delay/round2/timing.sdf, 172
module: XNR2D1BWP16P90LVT, "instance: testbench.test_module.mult_31.U1899"
  SDF Warning: The path from mult_31.U1899.ZN to U97.A1 doesn't have a simple 
  wire connection, delay will still be annotated.


Warning-[SDFCOM_SWC] Simple Wire Connection
/MasterClass/M143010027_ALU/Hws/HW1/gate_level/FLP_mul/Delay/round2/timing.sdf, 180
module: XNR2D1BWP16P90LVT, "instance: testbench.test_module.mult_31.U1898"
  SDF Warning: The path from mult_31.U1898.ZN to U94.A2 doesn't have a simple 
  wire connection, delay will still be annotated.


Warning-[SDFCOM_SWC] Simple Wire Connection
/MasterClass/M143010027_ALU/Hws/HW1/gate_level/FLP_mul/Delay/round2/timing.sdf, 190
module: XOR2D1BWP16P90, "instance: testbench.test_module.mult_31.U2349"
  SDF Warning: The path from mult_31.U2349.Z to U89.A1 doesn't have a simple 
  wire connection, delay will still be annotated.


Warning-[SDFCOM_SWC] Simple Wire Connection
/MasterClass/M143010027_ALU/Hws/HW1/gate_level/FLP_mul/Delay/round2/timing.sdf, 192
module: XNR2D1BWP16P90LVT, "instance: testbench.test_module.mult_31.U1899"
  SDF Warning: The path from mult_31.U1899.ZN to U88.I0 doesn't have a simple 
  wire connection, delay will still be annotated.


Warning-[SDFCOM_SWC] Simple Wire Connection
/MasterClass/M143010027_ALU/Hws/HW1/gate_level/FLP_mul/Delay/round2/timing.sdf, 193
module: XNR2D1BWP16P90LVT, "instance: testbench.test_module.mult_31.U3247"
  SDF Warning: The path from mult_31.U3247.ZN to U88.I1 doesn't have a simple 
  wire connection, delay will still be annotated.


Warning-[SDFCOM_SWC] Simple Wire Connection
/MasterClass/M143010027_ALU/Hws/HW1/gate_level/FLP_mul/Delay/round2/timing.sdf, 197
module: XNR2D2BWP16P90LVT, "instance: testbench.test_module.mult_31.U1683"
  SDF Warning: The path from mult_31.U1683.ZN to U86.I0 doesn't have a simple 
  wire connection, delay will still be annotated.


Warning-[SDFCOM_SWC] Simple Wire Connection
/MasterClass/M143010027_ALU/Hws/HW1/gate_level/FLP_mul/Delay/round2/timing.sdf, 198
module: XNR2D1BWP16P90LVT, "instance: testbench.test_module.mult_31.U1898"
  SDF Warning: The path from mult_31.U1898.ZN to U86.I1 doesn't have a simple 
  wire connection, delay will still be annotated.


Warning-[SDFCOM_SWC] Simple Wire Connection
/MasterClass/M143010027_ALU/Hws/HW1/gate_level/FLP_mul/Delay/round2/timing.sdf, 200
module: XOR2D1BWP16P90LVT, "instance: testbench.test_module.mult_31.U2266"
  SDF Warning: The path from mult_31.U2266.Z to U85.I0 doesn't have a simple 
  wire connection, delay will still be annotated.


Warning-[SDFCOM_SWC] Simple Wire Connection
/MasterClass/M143010027_ALU/Hws/HW1/gate_level/FLP_mul/Delay/round2/timing.sdf, 201
module: XNR2D2BWP16P90LVT, "instance: testbench.test_module.mult_31.U1769"
  SDF Warning: The path from mult_31.U1769.ZN to U85.I1 doesn't have a simple 
  wire connection, delay will still be annotated.


Warning-[SDFCOM_SWC] Simple Wire Connection
/MasterClass/M143010027_ALU/Hws/HW1/gate_level/FLP_mul/Delay/round2/timing.sdf, 203
module: XOR2D1BWP16P90, "instance: testbench.test_module.mult_31.U1721"
  SDF Warning: The path from mult_31.U1721.Z to U84.I0 doesn't have a simple 
  wire connection, delay will still be annotated.


Warning-[SDFCOM_SWC] Simple Wire Connection
/MasterClass/M143010027_ALU/Hws/HW1/gate_level/FLP_mul/Delay/round2/timing.sdf, 204
module: XNR2D2BWP16P90LVT, "instance: testbench.test_module.mult_31.U3140"
  SDF Warning: The path from mult_31.U3140.ZN to U84.I1 doesn't have a simple 
  wire connection, delay will still be annotated.


Warning-[SDFCOM_SWC] Simple Wire Connection
/MasterClass/M143010027_ALU/Hws/HW1/gate_level/FLP_mul/Delay/round2/timing.sdf, 206
module: XNR2D2BWP16P90LVT, "instance: testbench.test_module.mult_31.U1686"
  SDF Warning: The path from mult_31.U1686.ZN to U83.I0 doesn't have a simple 
  wire connection, delay will still be annotated.


Warning-[SDFCOM_SWC] Simple Wire Connection
/MasterClass/M143010027_ALU/Hws/HW1/gate_level/FLP_mul/Delay/round2/timing.sdf, 207
module: XNR2D2BWP16P90LVT, "instance: testbench.test_module.mult_31.U1683"
  SDF Warning: The path from mult_31.U1683.ZN to U83.I1 doesn't have a simple 
  wire connection, delay will still be annotated.


Warning-[SDFCOM_SWC] Simple Wire Connection
/MasterClass/M143010027_ALU/Hws/HW1/gate_level/FLP_mul/Delay/round2/timing.sdf, 209
module: XNR2D1BWP16P90LVT, "instance: testbench.test_module.mult_31.U1897"
  SDF Warning: The path from mult_31.U1897.ZN to U82.I0 doesn't have a simple 
  wire connection, delay will still be annotated.


Warning-[SDFCOM_SWC] Simple Wire Connection
/MasterClass/M143010027_ALU/Hws/HW1/gate_level/FLP_mul/Delay/round2/timing.sdf, 210
module: XOR2D1BWP16P90LVT, "instance: testbench.test_module.mult_31.U2266"
  SDF Warning: The path from mult_31.U2266.Z to U82.I1 doesn't have a simple 
  wire connection, delay will still be annotated.


Warning-[SDFCOM_SWC] Simple Wire Connection
/MasterClass/M143010027_ALU/Hws/HW1/gate_level/FLP_mul/Delay/round2/timing.sdf, 212
module: XNR2D2BWP16P90LVT, "instance: testbench.test_module.mult_31.U1769"
  SDF Warning: The path from mult_31.U1769.ZN to U81.I0 doesn't have a simple 
  wire connection, delay will still be annotated.


Warning-[SDFCOM_SWC] Simple Wire Connection
/MasterClass/M143010027_ALU/Hws/HW1/gate_level/FLP_mul/Delay/round2/timing.sdf, 213
module: XNR2D1BWP16P90LVT, "instance: testbench.test_module.mult_31.U3278"
  SDF Warning: The path from mult_31.U3278.ZN to U81.I1 doesn't have a simple 
  wire connection, delay will still be annotated.


Warning-[SDFCOM_SWC] Simple Wire Connection
/MasterClass/M143010027_ALU/Hws/HW1/gate_level/FLP_mul/Delay/round2/timing.sdf, 217
module: XOR2D1BWP16P90LVT, "instance: testbench.test_module.mult_31.U2060"
  SDF Warning: The path from mult_31.U2060.Z to U79.A2 doesn't have a simple 
  wire connection, delay will still be annotated.


Warning-[SDFCOM_SWC] Simple Wire Connection
/MasterClass/M143010027_ALU/Hws/HW1/gate_level/FLP_mul/Delay/round2/timing.sdf, 220
module: XNR2D2BWP16P90LVT, "instance: testbench.test_module.mult_31.U1682"
  SDF Warning: The path from mult_31.U1682.ZN to U76.I0 doesn't have a simple 
  wire connection, delay will still be annotated.


Warning-[SDFCOM_SWC] Simple Wire Connection
/MasterClass/M143010027_ALU/Hws/HW1/gate_level/FLP_mul/Delay/round2/timing.sdf, 221
module: XNR2D2BWP16P90LVT, "instance: testbench.test_module.mult_31.U1686"
  SDF Warning: The path from mult_31.U1686.ZN to U76.I1 doesn't have a simple 
  wire connection, delay will still be annotated.


Warning-[SDFCOM_SWC] Simple Wire Connection
/MasterClass/M143010027_ALU/Hws/HW1/gate_level/FLP_mul/Delay/round2/timing.sdf, 226
module: XNR2D1BWP16P90LVT, "instance: testbench.test_module.mult_31.U2226"
  SDF Warning: The path from mult_31.U2226.ZN to U73.I0 doesn't have a simple 
  wire connection, delay will still be annotated.


Warning-[SDFCOM_SWC] Simple Wire Connection
/MasterClass/M143010027_ALU/Hws/HW1/gate_level/FLP_mul/Delay/round2/timing.sdf, 227
module: XNR2D1BWP16P90LVT, "instance: testbench.test_module.mult_31.U3088"
  SDF Warning: The path from mult_31.U3088.ZN to U73.I1 doesn't have a simple 
  wire connection, delay will still be annotated.


Warning-[SDFCOM_SWC] Simple Wire Connection
/MasterClass/M143010027_ALU/Hws/HW1/gate_level/FLP_mul/Delay/round2/timing.sdf, 229
module: XNR2D1BWP16P90LVT, "instance: testbench.test_module.mult_31.U3088"
  SDF Warning: The path from mult_31.U3088.ZN to U72.I0 doesn't have a simple 
  wire connection, delay will still be annotated.


Warning-[SDFCOM_SWC] Simple Wire Connection
/MasterClass/M143010027_ALU/Hws/HW1/gate_level/FLP_mul/Delay/round2/timing.sdf, 230
module: XNR2D2BWP16P90LVT, "instance: testbench.test_module.mult_31.U3127"
  SDF Warning: The path from mult_31.U3127.ZN to U72.I1 doesn't have a simple 
  wire connection, delay will still be annotated.


Warning-[SDFCOM_SWC] Simple Wire Connection
/MasterClass/M143010027_ALU/Hws/HW1/gate_level/FLP_mul/Delay/round2/timing.sdf, 232
module: XNR2D2BWP16P90LVT, "instance: testbench.test_module.mult_31.U1770"
  SDF Warning: The path from mult_31.U1770.ZN to U71.I0 doesn't have a simple 
  wire connection, delay will still be annotated.


Warning-[SDFCOM_SWC] Simple Wire Connection
/MasterClass/M143010027_ALU/Hws/HW1/gate_level/FLP_mul/Delay/round2/timing.sdf, 233
module: XNR2D2BWP16P90LVT, "instance: testbench.test_module.mult_31.U1940"
  SDF Warning: The path from mult_31.U1940.ZN to U71.I1 doesn't have a simple 
  wire connection, delay will still be annotated.


Warning-[SDFCOM_SWC] Simple Wire Connection
/MasterClass/M143010027_ALU/Hws/HW1/gate_level/FLP_mul/Delay/round2/timing.sdf, 237
module: XNR2D2BWP16P90LVT, "instance: testbench.test_module.mult_31.U3123"
  SDF Warning: The path from mult_31.U3123.ZN to U69.I0 doesn't have a simple 
  wire connection, delay will still be annotated.


Warning-[SDFCOM_SWC] Simple Wire Connection
/MasterClass/M143010027_ALU/Hws/HW1/gate_level/FLP_mul/Delay/round2/timing.sdf, 238
module: XNR2D1BWP16P90LVT, "instance: testbench.test_module.mult_31.U1897"
  SDF Warning: The path from mult_31.U1897.ZN to U69.I1 doesn't have a simple 
  wire connection, delay will still be annotated.


Warning-[SDFCOM_SWC] Simple Wire Connection
/MasterClass/M143010027_ALU/Hws/HW1/gate_level/FLP_mul/Delay/round2/timing.sdf, 240
module: XNR2D1BWP16P90LVT, "instance: testbench.test_module.mult_31.U2230"
  SDF Warning: The path from mult_31.U2230.ZN to U68.I0 doesn't have a simple 
  wire connection, delay will still be annotated.


Warning-[SDFCOM_SWC] Simple Wire Connection
/MasterClass/M143010027_ALU/Hws/HW1/gate_level/FLP_mul/Delay/round2/timing.sdf, 241
module: XNR2D2BWP16P90LVT, "instance: testbench.test_module.mult_31.U2952"
  SDF Warning: The path from mult_31.U2952.ZN to U68.I1 doesn't have a simple 
  wire connection, delay will still be annotated.


Warning-[SDFCOM_SWC] Simple Wire Connection
/MasterClass/M143010027_ALU/Hws/HW1/gate_level/FLP_mul/Delay/round2/timing.sdf, 243
module: XNR2D1BWP16P90LVT, "instance: testbench.test_module.mult_31.U2227"
  SDF Warning: The path from mult_31.U2227.ZN to U67.I0 doesn't have a simple 
  wire connection, delay will still be annotated.


Warning-[SDFCOM_SWC] Simple Wire Connection
/MasterClass/M143010027_ALU/Hws/HW1/gate_level/FLP_mul/Delay/round2/timing.sdf, 244
module: XNR2D1BWP16P90LVT, "instance: testbench.test_module.mult_31.U2226"
  SDF Warning: The path from mult_31.U2226.ZN to U67.I1 doesn't have a simple 
  wire connection, delay will still be annotated.


Warning-[SDFCOM_SWC] Simple Wire Connection
/MasterClass/M143010027_ALU/Hws/HW1/gate_level/FLP_mul/Delay/round2/timing.sdf, 246
module: XNR2D2BWP16P90LVT, "instance: testbench.test_module.mult_31.U3140"
  SDF Warning: The path from mult_31.U3140.ZN to U66.I0 doesn't have a simple 
  wire connection, delay will still be annotated.


Warning-[SDFCOM_SWC] Simple Wire Connection
/MasterClass/M143010027_ALU/Hws/HW1/gate_level/FLP_mul/Delay/round2/timing.sdf, 247
module: XNR2D1BWP16P90LVT, "instance: testbench.test_module.mult_31.U2227"
  SDF Warning: The path from mult_31.U2227.ZN to U66.I1 doesn't have a simple 
  wire connection, delay will still be annotated.


Warning-[SDFCOM_SWC] Simple Wire Connection
/MasterClass/M143010027_ALU/Hws/HW1/gate_level/FLP_mul/Delay/round2/timing.sdf, 249
module: XOR2D1BWP16P90, "instance: testbench.test_module.mult_31.U2349"
  SDF Warning: The path from mult_31.U2349.Z to U65.I0 doesn't have a simple 
  wire connection, delay will still be annotated.


Warning-[SDFCOM_SWC] Simple Wire Connection
/MasterClass/M143010027_ALU/Hws/HW1/gate_level/FLP_mul/Delay/round2/timing.sdf, 250
module: XOR2D1BWP16P90, "instance: testbench.test_module.mult_31.U1721"
  SDF Warning: The path from mult_31.U1721.Z to U65.I1 doesn't have a simple 
  wire connection, delay will still be annotated.


Warning-[SDFCOM_SWC] Simple Wire Connection
/MasterClass/M143010027_ALU/Hws/HW1/gate_level/FLP_mul/Delay/round2/timing.sdf, 252
module: XNR2D2BWP16P90LVT, "instance: testbench.test_module.mult_31.U1939"
  SDF Warning: The path from mult_31.U1939.ZN to U64.I0 doesn't have a simple 
  wire connection, delay will still be annotated.


Warning-[SDFCOM_SWC] Simple Wire Connection
/MasterClass/M143010027_ALU/Hws/HW1/gate_level/FLP_mul/Delay/round2/timing.sdf, 253
module: XNR2D1BWP16P90LVT, "instance: testbench.test_module.mult_31.U2230"
  SDF Warning: The path from mult_31.U2230.ZN to U64.I1 doesn't have a simple 
  wire connection, delay will still be annotated.


Warning-[SDFCOM_SWC] Simple Wire Connection
/MasterClass/M143010027_ALU/Hws/HW1/gate_level/FLP_mul/Delay/round2/timing.sdf, 255
module: XNR2D1BWP16P90LVT, "instance: testbench.test_module.mult_31.U3278"
  SDF Warning: The path from mult_31.U3278.ZN to U63.I0 doesn't have a simple 
  wire connection, delay will still be annotated.


Warning-[SDFCOM_SWC] Simple Wire Connection
/MasterClass/M143010027_ALU/Hws/HW1/gate_level/FLP_mul/Delay/round2/timing.sdf, 256
module: XNR2D2BWP16P90LVT, "instance: testbench.test_module.mult_31.U1770"
  SDF Warning: The path from mult_31.U1770.ZN to U63.I1 doesn't have a simple 
  wire connection, delay will still be annotated.


Warning-[SDFCOM_SWC] Simple Wire Connection
/MasterClass/M143010027_ALU/Hws/HW1/gate_level/FLP_mul/Delay/round2/timing.sdf, 263
module: XOR2D1BWP16P90LVT, "instance: testbench.test_module.mult_31.U2060"
  SDF Warning: The path from mult_31.U2060.Z to U58.A1 doesn't have a simple 
  wire connection, delay will still be annotated.


Warning-[SDFCOM_SWC] Simple Wire Connection
/MasterClass/M143010027_ALU/Hws/HW1/gate_level/FLP_mul/Delay/round2/timing.sdf, 265
module: XOR2D1BWP16P90LVT, "instance: testbench.test_module.mult_31.U3135"
  SDF Warning: The path from mult_31.U3135.Z to U57.A1 doesn't have a simple 
  wire connection, delay will still be annotated.


Warning-[SDFCOM_SWC] Simple Wire Connection
/MasterClass/M143010027_ALU/Hws/HW1/gate_level/FLP_mul/Delay/round2/timing.sdf, 268
module: XNR2D2BWP16P90LVT, "instance: testbench.test_module.mult_31.U1940"
  SDF Warning: The path from mult_31.U1940.ZN to U55.I0 doesn't have a simple 
  wire connection, delay will still be annotated.


Warning-[SDFCOM_SWC] Simple Wire Connection
/MasterClass/M143010027_ALU/Hws/HW1/gate_level/FLP_mul/Delay/round2/timing.sdf, 269
module: XNR2D2BWP16P90LVT, "instance: testbench.test_module.mult_31.U1939"
  SDF Warning: The path from mult_31.U1939.ZN to U55.I1 doesn't have a simple 
  wire connection, delay will still be annotated.


Warning-[SDFCOM_SWC] Simple Wire Connection
/MasterClass/M143010027_ALU/Hws/HW1/gate_level/FLP_mul/Delay/round2/timing.sdf, 271
module: XNR2D2BWP16P90LVT, "instance: testbench.test_module.mult_31.U2952"
  SDF Warning: The path from mult_31.U2952.ZN to U54.I0 doesn't have a simple 
  wire connection, delay will still be annotated.


Warning-[SDFCOM_SWC] Simple Wire Connection
/MasterClass/M143010027_ALU/Hws/HW1/gate_level/FLP_mul/Delay/round2/timing.sdf, 272
module: XNR2D2BWP16P90LVT, "instance: testbench.test_module.mult_31.U1682"
  SDF Warning: The path from mult_31.U1682.ZN to U54.I1 doesn't have a simple 
  wire connection, delay will still be annotated.


Warning-[SDFCOM_SWC] Simple Wire Connection
/MasterClass/M143010027_ALU/Hws/HW1/gate_level/FLP_mul/Delay/round2/timing.sdf, 425
module: MUX2D2BWP16P90LVT, "instance: testbench.test_module.U64"
  SDF Warning: The path from U64.Z to add_42.U254.A2 doesn't have a simple 
  wire connection, delay will still be annotated.


Warning-[SDFCOM_SWC] Simple Wire Connection
/MasterClass/M143010027_ALU/Hws/HW1/gate_level/FLP_mul/Delay/round2/timing.sdf, 447
module: MUX2D2BWP16P90LVT, "instance: testbench.test_module.U54"
  SDF Warning: The path from U54.Z to add_42.U242.I doesn't have a simple wire
  connection, delay will still be annotated.


Warning-[SDFCOM_SWC] Simple Wire Connection
/MasterClass/M143010027_ALU/Hws/HW1/gate_level/FLP_mul/Delay/round2/timing.sdf, 452
module: MUX2D1BWP16P90LVT, "instance: testbench.test_module.U76"
  SDF Warning: The path from U76.Z to add_42.U239.A2 doesn't have a simple 
  wire connection, delay will still be annotated.


Warning-[SDFCOM_SWC] Simple Wire Connection
/MasterClass/M143010027_ALU/Hws/HW1/gate_level/FLP_mul/Delay/round2/timing.sdf, 454
module: MUX2D2BWP16P90LVT, "instance: testbench.test_module.U68"
  SDF Warning: The path from U68.Z to add_42.U238.A2 doesn't have a simple 
  wire connection, delay will still be annotated.


Warning-[SDFCOM_SWC] Simple Wire Connection
/MasterClass/M143010027_ALU/Hws/HW1/gate_level/FLP_mul/Delay/round2/timing.sdf, 456
module: MUX2D2BWP16P90LVT, "instance: testbench.test_module.U55"
  SDF Warning: The path from U55.Z to add_42.U237.A2 doesn't have a simple 
  wire connection, delay will still be annotated.


Warning-[SDFCOM_SWC] Simple Wire Connection
/MasterClass/M143010027_ALU/Hws/HW1/gate_level/FLP_mul/Delay/round2/timing.sdf, 487
module: MUX2D1BWP16P90LVT, "instance: testbench.test_module.U82"
  SDF Warning: The path from U82.Z to add_42.U219.I doesn't have a simple wire
  connection, delay will still be annotated.


Warning-[SDFCOM_SWC] Simple Wire Connection
/MasterClass/M143010027_ALU/Hws/HW1/gate_level/FLP_mul/Delay/round2/timing.sdf, 503
module: MUX2D2BWP16P90LVT, "instance: testbench.test_module.U66"
  SDF Warning: The path from U66.Z to add_42.U210.A2 doesn't have a simple 
  wire connection, delay will still be annotated.


Warning-[SDFCOM_SWC] Simple Wire Connection
/MasterClass/M143010027_ALU/Hws/HW1/gate_level/FLP_mul/Delay/round2/timing.sdf, 509
module: MUX2D1BWP16P90LVT, "instance: testbench.test_module.U81"
  SDF Warning: The path from U81.Z to add_42.U206.I doesn't have a simple wire
  connection, delay will still be annotated.


Warning-[SDFCOM_SWC] Simple Wire Connection
/MasterClass/M143010027_ALU/Hws/HW1/gate_level/FLP_mul/Delay/round2/timing.sdf, 512
module: MUX2D1BWP16P90LVT, "instance: testbench.test_module.U83"
  SDF Warning: The path from U83.Z to add_42.U203.I doesn't have a simple wire
  connection, delay will still be annotated.


Warning-[SDFCOM_SWC] Simple Wire Connection
/MasterClass/M143010027_ALU/Hws/HW1/gate_level/FLP_mul/Delay/round2/timing.sdf, 515
module: MUX2D1BWP16P90LVT, "instance: testbench.test_module.U65"
  SDF Warning: The path from U65.Z to add_42.U201.I doesn't have a simple wire
  connection, delay will still be annotated.


Warning-[SDFCOM_SWC] Simple Wire Connection
/MasterClass/M143010027_ALU/Hws/HW1/gate_level/FLP_mul/Delay/round2/timing.sdf, 518
module: MUX2D2BWP16P90LVT, "instance: testbench.test_module.U66"
  SDF Warning: The path from U66.Z to add_42.U199.I doesn't have a simple wire
  connection, delay will still be annotated.


Warning-[SDFCOM_SWC] Simple Wire Connection
/MasterClass/M143010027_ALU/Hws/HW1/gate_level/FLP_mul/Delay/round2/timing.sdf, 522
module: MUX2D1BWP16P90LVT, "instance: testbench.test_module.U88"
  SDF Warning: The path from U88.Z to add_42.U197.A2 doesn't have a simple 
  wire connection, delay will still be annotated.


Warning-[SDFCOM_SWC] Simple Wire Connection
/MasterClass/M143010027_ALU/Hws/HW1/gate_level/FLP_mul/Delay/round2/timing.sdf, 524
module: MUX2D1BWP16P90LVT, "instance: testbench.test_module.U86"
  SDF Warning: The path from U86.Z to add_42.U196.A2 doesn't have a simple 
  wire connection, delay will still be annotated.


Warning-[SDFCOM_SWC] Simple Wire Connection
/MasterClass/M143010027_ALU/Hws/HW1/gate_level/FLP_mul/Delay/round2/timing.sdf, 526
module: MUX2D2BWP16P90LVT, "instance: testbench.test_module.U64"
  SDF Warning: The path from U64.Z to add_42.U195.A2 doesn't have a simple 
  wire connection, delay will still be annotated.


Warning-[SDFCOM_SWC] Simple Wire Connection
/MasterClass/M143010027_ALU/Hws/HW1/gate_level/FLP_mul/Delay/round2/timing.sdf, 530
module: MUX2D2BWP16P90LVT, "instance: testbench.test_module.U63"
  SDF Warning: The path from U63.Z to add_42.U193.A2 doesn't have a simple 
  wire connection, delay will still be annotated.


Warning-[SDFCOM_SWC] Simple Wire Connection
/MasterClass/M143010027_ALU/Hws/HW1/gate_level/FLP_mul/Delay/round2/timing.sdf, 532
module: MUX2D1BWP16P90LVT, "instance: testbench.test_module.U85"
  SDF Warning: The path from U85.Z to add_42.U192.A2 doesn't have a simple 
  wire connection, delay will still be annotated.


Warning-[SDFCOM_SWC] Simple Wire Connection
/MasterClass/M143010027_ALU/Hws/HW1/gate_level/FLP_mul/Delay/round2/timing.sdf, 534
module: MUX2D2BWP16P90LVT, "instance: testbench.test_module.U69"
  SDF Warning: The path from U69.Z to add_42.U191.A2 doesn't have a simple 
  wire connection, delay will still be annotated.


Warning-[SDFCOM_SWC] Simple Wire Connection
/MasterClass/M143010027_ALU/Hws/HW1/gate_level/FLP_mul/Delay/round2/timing.sdf, 536
module: MUX2D1BWP16P90LVT, "instance: testbench.test_module.U72"
  SDF Warning: The path from U72.Z to add_42.U190.A2 doesn't have a simple 
  wire connection, delay will still be annotated.


Warning-[SDFCOM_SWC] Simple Wire Connection
/MasterClass/M143010027_ALU/Hws/HW1/gate_level/FLP_mul/Delay/round2/timing.sdf, 541
module: ND2D1BWP16P90LVT, "instance: testbench.test_module.U87"
  SDF Warning: The path from U87.ZN to add_42.U187.A1 doesn't have a simple 
  wire connection, delay will still be annotated.


Warning-[SDFCOM_SWC] Simple Wire Connection
/MasterClass/M143010027_ALU/Hws/HW1/gate_level/FLP_mul/Delay/round2/timing.sdf, 542
module: MUX2D1BWP16P90LVT, "instance: testbench.test_module.U88"
  SDF Warning: The path from U88.Z to add_42.U187.A2 doesn't have a simple 
  wire connection, delay will still be annotated.


Warning-[SDFCOM_SWC] Simple Wire Connection
/MasterClass/M143010027_ALU/Hws/HW1/gate_level/FLP_mul/Delay/round2/timing.sdf, 545
module: MUX2D2BWP16P90LVT, "instance: testbench.test_module.U54"
  SDF Warning: The path from U54.Z to add_42.U185.A1 doesn't have a simple 
  wire connection, delay will still be annotated.


Warning-[SDFCOM_SWC] Simple Wire Connection
/MasterClass/M143010027_ALU/Hws/HW1/gate_level/FLP_mul/Delay/round2/timing.sdf, 546
module: MUX2D1BWP16P90LVT, "instance: testbench.test_module.U76"
  SDF Warning: The path from U76.Z to add_42.U185.A2 doesn't have a simple 
  wire connection, delay will still be annotated.


Warning-[SDFCOM_SWC] Simple Wire Connection
/MasterClass/M143010027_ALU/Hws/HW1/gate_level/FLP_mul/Delay/round2/timing.sdf, 549
module: ND2D2BWP16P90LVT, "instance: testbench.test_module.U99"
  SDF Warning: The path from U99.ZN to add_42.U183.I doesn't have a simple 
  wire connection, delay will still be annotated.


Warning-[SDFCOM_SWC] Simple Wire Connection
/MasterClass/M143010027_ALU/Hws/HW1/gate_level/FLP_mul/Delay/round2/timing.sdf, 553
module: MUX2D2BWP16P90LVT, "instance: testbench.test_module.U98"
  SDF Warning: The path from U98.Z to add_42.U181.A2 doesn't have a simple 
  wire connection, delay will still be annotated.


Warning-[SDFCOM_SWC] Simple Wire Connection
/MasterClass/M143010027_ALU/Hws/HW1/gate_level/FLP_mul/Delay/round2/timing.sdf, 556
module: ND2D1BWP16P90LVT, "instance: testbench.test_module.U87"
  SDF Warning: The path from U87.ZN to add_42.U179.I doesn't have a simple 
  wire connection, delay will still be annotated.


Warning-[SDFCOM_SWC] Simple Wire Connection
/MasterClass/M143010027_ALU/Hws/HW1/gate_level/FLP_mul/Delay/round2/timing.sdf, 557
module: MUX2D1BWP16P90LVT, "instance: testbench.test_module.U82"
  SDF Warning: The path from U82.Z to add_42.U178.A1 doesn't have a simple 
  wire connection, delay will still be annotated.


Warning-[SDFCOM_SWC] Simple Wire Connection
/MasterClass/M143010027_ALU/Hws/HW1/gate_level/FLP_mul/Delay/round2/timing.sdf, 558
module: MUX2D1BWP16P90LVT, "instance: testbench.test_module.U85"
  SDF Warning: The path from U85.Z to add_42.U178.A2 doesn't have a simple 
  wire connection, delay will still be annotated.


Warning-[SDFCOM_SWC] Simple Wire Connection
/MasterClass/M143010027_ALU/Hws/HW1/gate_level/FLP_mul/Delay/round2/timing.sdf, 559
module: MUX2D2BWP16P90LVT, "instance: testbench.test_module.U67"
  SDF Warning: The path from U67.Z to add_42.U177.I doesn't have a simple wire
  connection, delay will still be annotated.


Warning-[SDFCOM_SWC] Simple Wire Connection
/MasterClass/M143010027_ALU/Hws/HW1/gate_level/FLP_mul/Delay/round2/timing.sdf, 562
module: MUX2D2BWP16P90LVT, "instance: testbench.test_module.U66"
  SDF Warning: The path from U66.Z to add_42.U175.A1 doesn't have a simple 
  wire connection, delay will still be annotated.


Warning-[SDFCOM_SWC] Simple Wire Connection
/MasterClass/M143010027_ALU/Hws/HW1/gate_level/FLP_mul/Delay/round2/timing.sdf, 563
module: MUX2D2BWP16P90LVT, "instance: testbench.test_module.U67"
  SDF Warning: The path from U67.Z to add_42.U175.A2 doesn't have a simple 
  wire connection, delay will still be annotated.


Warning-[SDFCOM_SWC] Simple Wire Connection
/MasterClass/M143010027_ALU/Hws/HW1/gate_level/FLP_mul/Delay/round2/timing.sdf, 569
module: ND2D2BWP16P90LVT, "instance: testbench.test_module.U99"
  SDF Warning: The path from U99.ZN to add_42.U171.A1 doesn't have a simple 
  wire connection, delay will still be annotated.


Warning-[SDFCOM_SWC] Simple Wire Connection
/MasterClass/M143010027_ALU/Hws/HW1/gate_level/FLP_mul/Delay/round2/timing.sdf, 571
module: MUX2D1BWP16P90LVT, "instance: testbench.test_module.U72"
  SDF Warning: The path from U72.Z to add_42.U170.A1 doesn't have a simple 
  wire connection, delay will still be annotated.


Warning-[SDFCOM_SWC] Simple Wire Connection
/MasterClass/M143010027_ALU/Hws/HW1/gate_level/FLP_mul/Delay/round2/timing.sdf, 572
module: MUX2D1BWP16P90LVT, "instance: testbench.test_module.U73"
  SDF Warning: The path from U73.Z to add_42.U170.A2 doesn't have a simple 
  wire connection, delay will still be annotated.


Warning-[SDFCOM_SWC] Simple Wire Connection
/MasterClass/M143010027_ALU/Hws/HW1/gate_level/FLP_mul/Delay/round2/timing.sdf, 573
module: MUX2D1BWP16P90LVT, "instance: testbench.test_module.U73"
  SDF Warning: The path from U73.Z to add_42.U169.I doesn't have a simple wire
  connection, delay will still be annotated.


Warning-[SDFCOM_SWC] Simple Wire Connection
/MasterClass/M143010027_ALU/Hws/HW1/gate_level/FLP_mul/Delay/round2/timing.sdf, 577
module: MUX2D2BWP16P90LVT, "instance: testbench.test_module.U98"
  SDF Warning: The path from U98.Z to add_42.U167.A2 doesn't have a simple 
  wire connection, delay will still be annotated.


Warning-[SDFCOM_SWC] Simple Wire Connection
/MasterClass/M143010027_ALU/Hws/HW1/gate_level/FLP_mul/Delay/round2/timing.sdf, 578
module: MUX2D2BWP16P90LVT, "instance: testbench.test_module.U98"
  SDF Warning: The path from U98.Z to add_42.U166.A1 doesn't have a simple 
  wire connection, delay will still be annotated.


Warning-[SDFCOM_SWC] Simple Wire Connection
/MasterClass/M143010027_ALU/Hws/HW1/gate_level/FLP_mul/Delay/round2/timing.sdf, 579
module: MUX2D2BWP16P90LVT, "instance: testbench.test_module.U69"
  SDF Warning: The path from U69.Z to add_42.U166.A2 doesn't have a simple 
  wire connection, delay will still be annotated.


Warning-[SDFCOM_SWC] Simple Wire Connection
/MasterClass/M143010027_ALU/Hws/HW1/gate_level/FLP_mul/Delay/round2/timing.sdf, 585
module: MUX2D1BWP16P90LVT, "instance: testbench.test_module.U81"
  SDF Warning: The path from U81.Z to add_42.U162.A1 doesn't have a simple 
  wire connection, delay will still be annotated.


Warning-[SDFCOM_SWC] Simple Wire Connection
/MasterClass/M143010027_ALU/Hws/HW1/gate_level/FLP_mul/Delay/round2/timing.sdf, 586
module: MUX2D2BWP16P90LVT, "instance: testbench.test_module.U63"
  SDF Warning: The path from U63.Z to add_42.U162.A2 doesn't have a simple 
  wire connection, delay will still be annotated.


Warning-[SDFCOM_SWC] Simple Wire Connection
/MasterClass/M143010027_ALU/Hws/HW1/gate_level/FLP_mul/Delay/round2/timing.sdf, 587
module: MUX2D2BWP16P90LVT, "instance: testbench.test_module.U64"
  SDF Warning: The path from U64.Z to add_42.U161.A1 doesn't have a simple 
  wire connection, delay will still be annotated.


Warning-[SDFCOM_SWC] Simple Wire Connection
/MasterClass/M143010027_ALU/Hws/HW1/gate_level/FLP_mul/Delay/round2/timing.sdf, 588
module: MUX2D2BWP16P90LVT, "instance: testbench.test_module.U68"
  SDF Warning: The path from U68.Z to add_42.U161.A2 doesn't have a simple 
  wire connection, delay will still be annotated.


Warning-[SDFCOM_SWC] Simple Wire Connection
/MasterClass/M143010027_ALU/Hws/HW1/gate_level/FLP_mul/Delay/round2/timing.sdf, 589
module: MUX2D1BWP16P90LVT, "instance: testbench.test_module.U71"
  SDF Warning: The path from U71.Z to add_42.U160.A1 doesn't have a simple 
  wire connection, delay will still be annotated.


Warning-[SDFCOM_SWC] Simple Wire Connection
/MasterClass/M143010027_ALU/Hws/HW1/gate_level/FLP_mul/Delay/round2/timing.sdf, 590
module: MUX2D2BWP16P90LVT, "instance: testbench.test_module.U55"
  SDF Warning: The path from U55.Z to add_42.U160.A2 doesn't have a simple 
  wire connection, delay will still be annotated.


Warning-[SDFCOM_SWC] Simple Wire Connection
/MasterClass/M143010027_ALU/Hws/HW1/gate_level/FLP_mul/Delay/round2/timing.sdf, 591
module: MUX2D1BWP16P90LVT, "instance: testbench.test_module.U71"
  SDF Warning: The path from U71.Z to add_42.U159.I doesn't have a simple wire
  connection, delay will still be annotated.


Warning-[SDFCOM_SWC] Simple Wire Connection
/MasterClass/M143010027_ALU/Hws/HW1/gate_level/FLP_mul/Delay/round2/timing.sdf, 592
module: MUX2D1BWP16P90LVT, "instance: testbench.test_module.U65"
  SDF Warning: The path from U65.Z to add_42.U158.A1 doesn't have a simple 
  wire connection, delay will still be annotated.


Warning-[SDFCOM_SWC] Simple Wire Connection
/MasterClass/M143010027_ALU/Hws/HW1/gate_level/FLP_mul/Delay/round2/timing.sdf, 593
module: MUX2D1BWP16P90LVT, "instance: testbench.test_module.U84"
  SDF Warning: The path from U84.Z to add_42.U158.A2 doesn't have a simple 
  wire connection, delay will still be annotated.


Warning-[SDFCOM_SWC] Simple Wire Connection
/MasterClass/M143010027_ALU/Hws/HW1/gate_level/FLP_mul/Delay/round2/timing.sdf, 595
module: MUX2D1BWP16P90LVT, "instance: testbench.test_module.U84"
  SDF Warning: The path from U84.Z to add_42.U157.A2 doesn't have a simple 
  wire connection, delay will still be annotated.


Warning-[SDFCOM_SWC] Simple Wire Connection
/MasterClass/M143010027_ALU/Hws/HW1/gate_level/FLP_mul/Delay/round2/timing.sdf, 596
module: MUX2D1BWP16P90LVT, "instance: testbench.test_module.U83"
  SDF Warning: The path from U83.Z to add_42.U156.A1 doesn't have a simple 
  wire connection, delay will still be annotated.


Warning-[SDFCOM_SWC] Simple Wire Connection
/MasterClass/M143010027_ALU/Hws/HW1/gate_level/FLP_mul/Delay/round2/timing.sdf, 597
module: MUX2D1BWP16P90LVT, "instance: testbench.test_module.U86"
  SDF Warning: The path from U86.Z to add_42.U156.A2 doesn't have a simple 
  wire connection, delay will still be annotated.


Warning-[SDFCOM_SWC] Simple Wire Connection
/MasterClass/M143010027_ALU/Hws/HW1/gate_level/FLP_mul/Delay/round2/timing.sdf, 659
module: FLP_mul, "instance: testbench.test_module"
  SDF Warning: The path from   b to mult_31.U3259.A1 doesn't have a simple 
  wire connection, delay will still be annotated.


Warning-[SDFCOM_SWC] Simple Wire Connection
/MasterClass/M143010027_ALU/Hws/HW1/gate_level/FLP_mul/Delay/round2/timing.sdf, 660
module: FLP_mul, "instance: testbench.test_module"
  SDF Warning: The path from   a to mult_31.U3259.A2 doesn't have a simple 
  wire connection, delay will still be annotated.


Warning-[SDFCOM_SWC] Simple Wire Connection
/MasterClass/M143010027_ALU/Hws/HW1/gate_level/FLP_mul/Delay/round2/timing.sdf, 661
module: FLP_mul, "instance: testbench.test_module"
  SDF Warning: The path from   b to mult_31.U3258.A1 doesn't have a simple 
  wire connection, delay will still be annotated.


Warning-[SDFCOM_SWC] Simple Wire Connection
/MasterClass/M143010027_ALU/Hws/HW1/gate_level/FLP_mul/Delay/round2/timing.sdf, 681
module: FLP_mul, "instance: testbench.test_module"
  SDF Warning: The path from   a to mult_31.U3253.S doesn't have a simple wire
  connection, delay will still be annotated.


Warning-[SDFCOM_SWC] Simple Wire Connection
/MasterClass/M143010027_ALU/Hws/HW1/gate_level/FLP_mul/Delay/round2/timing.sdf, 699
module: FLP_mul, "instance: testbench.test_module"
  SDF Warning: The path from   b to mult_31.U3244.A1 doesn't have a simple 
  wire connection, delay will still be annotated.


Warning-[SDFCOM_SWC] Simple Wire Connection
/MasterClass/M143010027_ALU/Hws/HW1/gate_level/FLP_mul/Delay/round2/timing.sdf, 707
module: FLP_mul, "instance: testbench.test_module"
  SDF Warning: The path from   a to mult_31.U3242.S doesn't have a simple wire
  connection, delay will still be annotated.


Warning-[SDFCOM_SWC] Simple Wire Connection
/MasterClass/M143010027_ALU/Hws/HW1/gate_level/FLP_mul/Delay/round2/timing.sdf, 714
module: FLP_mul, "instance: testbench.test_module"
  SDF Warning: The path from   b to mult_31.U3239.A2 doesn't have a simple 
  wire connection, delay will still be annotated.


Warning-[SDFCOM_SWC] Simple Wire Connection
/MasterClass/M143010027_ALU/Hws/HW1/gate_level/FLP_mul/Delay/round2/timing.sdf, 715
module: FLP_mul, "instance: testbench.test_module"
  SDF Warning: The path from   b to mult_31.U3238.I doesn't have a simple wire
  connection, delay will still be annotated.


Warning-[SDFCOM_SWC] Simple Wire Connection
/MasterClass/M143010027_ALU/Hws/HW1/gate_level/FLP_mul/Delay/round2/timing.sdf, 717
module: FLP_mul, "instance: testbench.test_module"
  SDF Warning: The path from   b to mult_31.U3237.A2 doesn't have a simple 
  wire connection, delay will still be annotated.


Warning-[SDFCOM_SWC] Simple Wire Connection
/MasterClass/M143010027_ALU/Hws/HW1/gate_level/FLP_mul/Delay/round2/timing.sdf, 720
module: FLP_mul, "instance: testbench.test_module"
  SDF Warning: The path from   a to mult_31.U3236.S doesn't have a simple wire
  connection, delay will still be annotated.


Warning-[SDFCOM_SWC] Simple Wire Connection
/MasterClass/M143010027_ALU/Hws/HW1/gate_level/FLP_mul/Delay/round2/timing.sdf, 721
module: FLP_mul, "instance: testbench.test_module"
  SDF Warning: The path from   b to mult_31.U3235.I doesn't have a simple wire
  connection, delay will still be annotated.


Warning-[SDFCOM_SWC] Simple Wire Connection
/MasterClass/M143010027_ALU/Hws/HW1/gate_level/FLP_mul/Delay/round2/timing.sdf, 722
module: FLP_mul, "instance: testbench.test_module"
  SDF Warning: The path from   b to mult_31.U3234.A1 doesn't have a simple 
  wire connection, delay will still be annotated.


Warning-[SDFCOM_SWC] Simple Wire Connection
/MasterClass/M143010027_ALU/Hws/HW1/gate_level/FLP_mul/Delay/round2/timing.sdf, 723
module: FLP_mul, "instance: testbench.test_module"
  SDF Warning: The path from   a to mult_31.U3234.A2 doesn't have a simple 
  wire connection, delay will still be annotated.


Warning-[SDFCOM_SWC] Simple Wire Connection
/MasterClass/M143010027_ALU/Hws/HW1/gate_level/FLP_mul/Delay/round2/timing.sdf, 724
module: FLP_mul, "instance: testbench.test_module"
  SDF Warning: The path from   b to mult_31.U3233.A1 doesn't have a simple 
  wire connection, delay will still be annotated.


Warning-[SDFCOM_SWC] Simple Wire Connection
/MasterClass/M143010027_ALU/Hws/HW1/gate_level/FLP_mul/Delay/round2/timing.sdf, 725
module: FLP_mul, "instance: testbench.test_module"
  SDF Warning: The path from   a to mult_31.U3233.A2 doesn't have a simple 
  wire connection, delay will still be annotated.


Warning-[SDFCOM_SWC] Simple Wire Connection
/MasterClass/M143010027_ALU/Hws/HW1/gate_level/FLP_mul/Delay/round2/timing.sdf, 726
module: FLP_mul, "instance: testbench.test_module"
  SDF Warning: The path from   b to mult_31.U3232.A1 doesn't have a simple 
  wire connection, delay will still be annotated.


Warning-[SDFCOM_SWC] Simple Wire Connection
/MasterClass/M143010027_ALU/Hws/HW1/gate_level/FLP_mul/Delay/round2/timing.sdf, 728
module: FLP_mul, "instance: testbench.test_module"
  SDF Warning: The path from   b to mult_31.U3231.A1 doesn't have a simple 
  wire connection, delay will still be annotated.


Warning-[SDFCOM_SWC] Simple Wire Connection
/MasterClass/M143010027_ALU/Hws/HW1/gate_level/FLP_mul/Delay/round2/timing.sdf, 729
module: FLP_mul, "instance: testbench.test_module"
  SDF Warning: The path from   a to mult_31.U3231.A2 doesn't have a simple 
  wire connection, delay will still be annotated.


Warning-[SDFCOM_SWC] Simple Wire Connection
/MasterClass/M143010027_ALU/Hws/HW1/gate_level/FLP_mul/Delay/round2/timing.sdf, 730
module: FLP_mul, "instance: testbench.test_module"
  SDF Warning: The path from   b to mult_31.U3230.A1 doesn't have a simple 
  wire connection, delay will still be annotated.


Warning-[SDFCOM_SWC] Simple Wire Connection
/MasterClass/M143010027_ALU/Hws/HW1/gate_level/FLP_mul/Delay/round2/timing.sdf, 731
module: FLP_mul, "instance: testbench.test_module"
  SDF Warning: The path from   a to mult_31.U3230.A2 doesn't have a simple 
  wire connection, delay will still be annotated.


Warning-[SDFCOM_SWC] Simple Wire Connection
/MasterClass/M143010027_ALU/Hws/HW1/gate_level/FLP_mul/Delay/round2/timing.sdf, 732
module: FLP_mul, "instance: testbench.test_module"
  SDF Warning: The path from   b to mult_31.U3229.A1 doesn't have a simple 
  wire connection, delay will still be annotated.


Warning-[SDFCOM_SWC] Simple Wire Connection
/MasterClass/M143010027_ALU/Hws/HW1/gate_level/FLP_mul/Delay/round2/timing.sdf, 733
module: FLP_mul, "instance: testbench.test_module"
  SDF Warning: The path from   a to mult_31.U3229.A2 doesn't have a simple 
  wire connection, delay will still be annotated.


Warning-[SDFCOM_SWC] Simple Wire Connection
/MasterClass/M143010027_ALU/Hws/HW1/gate_level/FLP_mul/Delay/round2/timing.sdf, 734
module: FLP_mul, "instance: testbench.test_module"
  SDF Warning: The path from   b to mult_31.U3228.A1 doesn't have a simple 
  wire connection, delay will still be annotated.


Warning-[SDFCOM_SWC] Simple Wire Connection
/MasterClass/M143010027_ALU/Hws/HW1/gate_level/FLP_mul/Delay/round2/timing.sdf, 735
module: FLP_mul, "instance: testbench.test_module"
  SDF Warning: The path from   a to mult_31.U3228.A2 doesn't have a simple 
  wire connection, delay will still be annotated.


Warning-[SDFCOM_SWC] Simple Wire Connection
/MasterClass/M143010027_ALU/Hws/HW1/gate_level/FLP_mul/Delay/round2/timing.sdf, 736
module: FLP_mul, "instance: testbench.test_module"
  SDF Warning: The path from   b to mult_31.U3227.A1 doesn't have a simple 
  wire connection, delay will still be annotated.


Warning-[SDFCOM_SWC] Simple Wire Connection
/MasterClass/M143010027_ALU/Hws/HW1/gate_level/FLP_mul/Delay/round2/timing.sdf, 737
module: FLP_mul, "instance: testbench.test_module"
  SDF Warning: The path from   a to mult_31.U3227.A2 doesn't have a simple 
  wire connection, delay will still be annotated.


Warning-[SDFCOM_SWC] Simple Wire Connection
/MasterClass/M143010027_ALU/Hws/HW1/gate_level/FLP_mul/Delay/round2/timing.sdf, 738
module: FLP_mul, "instance: testbench.test_module"
  SDF Warning: The path from   b to mult_31.U3226.A1 doesn't have a simple 
  wire connection, delay will still be annotated.


Warning-[SDFCOM_SWC] Simple Wire Connection
/MasterClass/M143010027_ALU/Hws/HW1/gate_level/FLP_mul/Delay/round2/timing.sdf, 739
module: FLP_mul, "instance: testbench.test_module"
  SDF Warning: The path from   a to mult_31.U3226.A2 doesn't have a simple 
  wire connection, delay will still be annotated.


Warning-[SDFCOM_SWC] Simple Wire Connection
/MasterClass/M143010027_ALU/Hws/HW1/gate_level/FLP_mul/Delay/round2/timing.sdf, 740
module: FLP_mul, "instance: testbench.test_module"
  SDF Warning: The path from   b to mult_31.U3225.A1 doesn't have a simple 
  wire connection, delay will still be annotated.


Warning-[SDFCOM_SWC] Simple Wire Connection
/MasterClass/M143010027_ALU/Hws/HW1/gate_level/FLP_mul/Delay/round2/timing.sdf, 741
module: FLP_mul, "instance: testbench.test_module"
  SDF Warning: The path from   a to mult_31.U3225.A2 doesn't have a simple 
  wire connection, delay will still be annotated.


Warning-[SDFCOM_SWC] Simple Wire Connection
/MasterClass/M143010027_ALU/Hws/HW1/gate_level/FLP_mul/Delay/round2/timing.sdf, 742
module: FLP_mul, "instance: testbench.test_module"
  SDF Warning: The path from   b to mult_31.U3224.A1 doesn't have a simple 
  wire connection, delay will still be annotated.


Warning-[SDFCOM_SWC] Simple Wire Connection
/MasterClass/M143010027_ALU/Hws/HW1/gate_level/FLP_mul/Delay/round2/timing.sdf, 743
module: FLP_mul, "instance: testbench.test_module"
  SDF Warning: The path from   a to mult_31.U3224.A2 doesn't have a simple 
  wire connection, delay will still be annotated.


Warning-[SDFCOM_SWC] Simple Wire Connection
/MasterClass/M143010027_ALU/Hws/HW1/gate_level/FLP_mul/Delay/round2/timing.sdf, 744
module: FLP_mul, "instance: testbench.test_module"
  SDF Warning: The path from   b to mult_31.U3223.A1 doesn't have a simple 
  wire connection, delay will still be annotated.


Warning-[SDFCOM_SWC] Simple Wire Connection
/MasterClass/M143010027_ALU/Hws/HW1/gate_level/FLP_mul/Delay/round2/timing.sdf, 745
module: FLP_mul, "instance: testbench.test_module"
  SDF Warning: The path from   a to mult_31.U3223.A2 doesn't have a simple 
  wire connection, delay will still be annotated.


Warning-[SDFCOM_SWC] Simple Wire Connection
/MasterClass/M143010027_ALU/Hws/HW1/gate_level/FLP_mul/Delay/round2/timing.sdf, 746
module: FLP_mul, "instance: testbench.test_module"
  SDF Warning: The path from   b to mult_31.U3222.A1 doesn't have a simple 
  wire connection, delay will still be annotated.


Warning-[SDFCOM_SWC] Simple Wire Connection
/MasterClass/M143010027_ALU/Hws/HW1/gate_level/FLP_mul/Delay/round2/timing.sdf, 747
module: FLP_mul, "instance: testbench.test_module"
  SDF Warning: The path from   a to mult_31.U3222.A2 doesn't have a simple 
  wire connection, delay will still be annotated.


Warning-[SDFCOM_SWC] Simple Wire Connection
/MasterClass/M143010027_ALU/Hws/HW1/gate_level/FLP_mul/Delay/round2/timing.sdf, 748
module: FLP_mul, "instance: testbench.test_module"
  SDF Warning: The path from   b to mult_31.U3221.A1 doesn't have a simple 
  wire connection, delay will still be annotated.


Warning-[SDFCOM_SWC] Simple Wire Connection
/MasterClass/M143010027_ALU/Hws/HW1/gate_level/FLP_mul/Delay/round2/timing.sdf, 749
module: FLP_mul, "instance: testbench.test_module"
  SDF Warning: The path from   a to mult_31.U3221.A2 doesn't have a simple 
  wire connection, delay will still be annotated.


Warning-[SDFCOM_SWC] Simple Wire Connection
/MasterClass/M143010027_ALU/Hws/HW1/gate_level/FLP_mul/Delay/round2/timing.sdf, 750
module: FLP_mul, "instance: testbench.test_module"
  SDF Warning: The path from   b to mult_31.U3220.A1 doesn't have a simple 
  wire connection, delay will still be annotated.


Warning-[SDFCOM_SWC] Simple Wire Connection
/MasterClass/M143010027_ALU/Hws/HW1/gate_level/FLP_mul/Delay/round2/timing.sdf, 751
module: FLP_mul, "instance: testbench.test_module"
  SDF Warning: The path from   a to mult_31.U3220.A2 doesn't have a simple 
  wire connection, delay will still be annotated.


Warning-[SDFCOM_SWC] Simple Wire Connection
/MasterClass/M143010027_ALU/Hws/HW1/gate_level/FLP_mul/Delay/round2/timing.sdf, 752
module: FLP_mul, "instance: testbench.test_module"
  SDF Warning: The path from   b to mult_31.U3219.A1 doesn't have a simple 
  wire connection, delay will still be annotated.


Warning-[SDFCOM_SWC] Simple Wire Connection
/MasterClass/M143010027_ALU/Hws/HW1/gate_level/FLP_mul/Delay/round2/timing.sdf, 753
module: FLP_mul, "instance: testbench.test_module"
  SDF Warning: The path from   a to mult_31.U3219.A2 doesn't have a simple 
  wire connection, delay will still be annotated.


Warning-[SDFCOM_SWC] Simple Wire Connection
/MasterClass/M143010027_ALU/Hws/HW1/gate_level/FLP_mul/Delay/round2/timing.sdf, 754
module: FLP_mul, "instance: testbench.test_module"
  SDF Warning: The path from   b to mult_31.U3218.A1 doesn't have a simple 
  wire connection, delay will still be annotated.


Warning-[SDFCOM_SWC] Simple Wire Connection
/MasterClass/M143010027_ALU/Hws/HW1/gate_level/FLP_mul/Delay/round2/timing.sdf, 755
module: FLP_mul, "instance: testbench.test_module"
  SDF Warning: The path from   a to mult_31.U3218.A2 doesn't have a simple 
  wire connection, delay will still be annotated.


Warning-[SDFCOM_SWC] Simple Wire Connection
/MasterClass/M143010027_ALU/Hws/HW1/gate_level/FLP_mul/Delay/round2/timing.sdf, 756
module: FLP_mul, "instance: testbench.test_module"
  SDF Warning: The path from   b to mult_31.U3217.A1 doesn't have a simple 
  wire connection, delay will still be annotated.


Warning-[SDFCOM_SWC] Simple Wire Connection
/MasterClass/M143010027_ALU/Hws/HW1/gate_level/FLP_mul/Delay/round2/timing.sdf, 757
module: FLP_mul, "instance: testbench.test_module"
  SDF Warning: The path from   a to mult_31.U3217.A2 doesn't have a simple 
  wire connection, delay will still be annotated.


Warning-[SDFCOM_SWC] Simple Wire Connection
/MasterClass/M143010027_ALU/Hws/HW1/gate_level/FLP_mul/Delay/round2/timing.sdf, 758
module: FLP_mul, "instance: testbench.test_module"
  SDF Warning: The path from   b to mult_31.U3216.I doesn't have a simple wire
  connection, delay will still be annotated.


Warning-[SDFCOM_SWC] Simple Wire Connection
/MasterClass/M143010027_ALU/Hws/HW1/gate_level/FLP_mul/Delay/round2/timing.sdf, 759
module: FLP_mul, "instance: testbench.test_module"
  SDF Warning: The path from   b to mult_31.U3215.A1 doesn't have a simple 
  wire connection, delay will still be annotated.


Warning-[SDFCOM_SWC] Simple Wire Connection
/MasterClass/M143010027_ALU/Hws/HW1/gate_level/FLP_mul/Delay/round2/timing.sdf, 761
module: FLP_mul, "instance: testbench.test_module"
  SDF Warning: The path from   b to mult_31.U3214.A1 doesn't have a simple 
  wire connection, delay will still be annotated.


Warning-[SDFCOM_SWC] Simple Wire Connection
/MasterClass/M143010027_ALU/Hws/HW1/gate_level/FLP_mul/Delay/round2/timing.sdf, 763
module: FLP_mul, "instance: testbench.test_module"
  SDF Warning: The path from   b to mult_31.U3213.A1 doesn't have a simple 
  wire connection, delay will still be annotated.


Warning-[SDFCOM_SWC] Simple Wire Connection
/MasterClass/M143010027_ALU/Hws/HW1/gate_level/FLP_mul/Delay/round2/timing.sdf, 764
module: FLP_mul, "instance: testbench.test_module"
  SDF Warning: The path from   a to mult_31.U3213.A2 doesn't have a simple 
  wire connection, delay will still be annotated.


Warning-[SDFCOM_SWC] Simple Wire Connection
/MasterClass/M143010027_ALU/Hws/HW1/gate_level/FLP_mul/Delay/round2/timing.sdf, 765
module: FLP_mul, "instance: testbench.test_module"
  SDF Warning: The path from   b to mult_31.U3212.A1 doesn't have a simple 
  wire connection, delay will still be annotated.


Warning-[SDFCOM_SWC] Simple Wire Connection
/MasterClass/M143010027_ALU/Hws/HW1/gate_level/FLP_mul/Delay/round2/timing.sdf, 766
module: FLP_mul, "instance: testbench.test_module"
  SDF Warning: The path from   a to mult_31.U3212.B1 doesn't have a simple 
  wire connection, delay will still be annotated.


Warning-[SDFCOM_SWC] Simple Wire Connection
/MasterClass/M143010027_ALU/Hws/HW1/gate_level/FLP_mul/Delay/round2/timing.sdf, 767
module: FLP_mul, "instance: testbench.test_module"
  SDF Warning: The path from   b to mult_31.U3211.A1 doesn't have a simple 
  wire connection, delay will still be annotated.


Warning-[SDFCOM_SWC] Simple Wire Connection
/MasterClass/M143010027_ALU/Hws/HW1/gate_level/FLP_mul/Delay/round2/timing.sdf, 768
module: FLP_mul, "instance: testbench.test_module"
  SDF Warning: The path from   a to mult_31.U3211.A2 doesn't have a simple 
  wire connection, delay will still be annotated.


Warning-[SDFCOM_SWC] Simple Wire Connection
/MasterClass/M143010027_ALU/Hws/HW1/gate_level/FLP_mul/Delay/round2/timing.sdf, 769
module: FLP_mul, "instance: testbench.test_module"
  SDF Warning: The path from   b to mult_31.U3210.A1 doesn't have a simple 
  wire connection, delay will still be annotated.


Warning-[SDFCOM_SWC] Simple Wire Connection
/MasterClass/M143010027_ALU/Hws/HW1/gate_level/FLP_mul/Delay/round2/timing.sdf, 770
module: FLP_mul, "instance: testbench.test_module"
  SDF Warning: The path from   a to mult_31.U3210.A2 doesn't have a simple 
  wire connection, delay will still be annotated.


Warning-[SDFCOM_SWC] Simple Wire Connection
/MasterClass/M143010027_ALU/Hws/HW1/gate_level/FLP_mul/Delay/round2/timing.sdf, 771
module: FLP_mul, "instance: testbench.test_module"
  SDF Warning: The path from   b to mult_31.U3209.A1 doesn't have a simple 
  wire connection, delay will still be annotated.


Warning-[SDFCOM_SWC] Simple Wire Connection
/MasterClass/M143010027_ALU/Hws/HW1/gate_level/FLP_mul/Delay/round2/timing.sdf, 772
module: FLP_mul, "instance: testbench.test_module"
  SDF Warning: The path from   a to mult_31.U3209.A2 doesn't have a simple 
  wire connection, delay will still be annotated.


Warning-[SDFCOM_SWC] Simple Wire Connection
/MasterClass/M143010027_ALU/Hws/HW1/gate_level/FLP_mul/Delay/round2/timing.sdf, 773
module: FLP_mul, "instance: testbench.test_module"
  SDF Warning: The path from   b to mult_31.U3208.A1 doesn't have a simple 
  wire connection, delay will still be annotated.


Warning-[SDFCOM_SWC] Simple Wire Connection
/MasterClass/M143010027_ALU/Hws/HW1/gate_level/FLP_mul/Delay/round2/timing.sdf, 774
module: FLP_mul, "instance: testbench.test_module"
  SDF Warning: The path from   a to mult_31.U3208.A2 doesn't have a simple 
  wire connection, delay will still be annotated.


Warning-[SDFCOM_SWC] Simple Wire Connection
/MasterClass/M143010027_ALU/Hws/HW1/gate_level/FLP_mul/Delay/round2/timing.sdf, 775
module: FLP_mul, "instance: testbench.test_module"
  SDF Warning: The path from   b to mult_31.U3207.A1 doesn't have a simple 
  wire connection, delay will still be annotated.


Warning-[SDFCOM_SWC] Simple Wire Connection
/MasterClass/M143010027_ALU/Hws/HW1/gate_level/FLP_mul/Delay/round2/timing.sdf, 776
module: FLP_mul, "instance: testbench.test_module"
  SDF Warning: The path from   a to mult_31.U3207.A2 doesn't have a simple 
  wire connection, delay will still be annotated.


Warning-[SDFCOM_SWC] Simple Wire Connection
/MasterClass/M143010027_ALU/Hws/HW1/gate_level/FLP_mul/Delay/round2/timing.sdf, 777
module: FLP_mul, "instance: testbench.test_module"
  SDF Warning: The path from   b to mult_31.U3206.A1 doesn't have a simple 
  wire connection, delay will still be annotated.


Warning-[SDFCOM_SWC] Simple Wire Connection
/MasterClass/M143010027_ALU/Hws/HW1/gate_level/FLP_mul/Delay/round2/timing.sdf, 778
module: FLP_mul, "instance: testbench.test_module"
  SDF Warning: The path from   a to mult_31.U3206.A2 doesn't have a simple 
  wire connection, delay will still be annotated.


Warning-[SDFCOM_SWC] Simple Wire Connection
/MasterClass/M143010027_ALU/Hws/HW1/gate_level/FLP_mul/Delay/round2/timing.sdf, 779
module: FLP_mul, "instance: testbench.test_module"
  SDF Warning: The path from   b to mult_31.U3205.A1 doesn't have a simple 
  wire connection, delay will still be annotated.


Warning-[SDFCOM_SWC] Simple Wire Connection
/MasterClass/M143010027_ALU/Hws/HW1/gate_level/FLP_mul/Delay/round2/timing.sdf, 780
module: FLP_mul, "instance: testbench.test_module"
  SDF Warning: The path from   a to mult_31.U3205.A2 doesn't have a simple 
  wire connection, delay will still be annotated.


Warning-[SDFCOM_SWC] Simple Wire Connection
/MasterClass/M143010027_ALU/Hws/HW1/gate_level/FLP_mul/Delay/round2/timing.sdf, 781
module: FLP_mul, "instance: testbench.test_module"
  SDF Warning: The path from   b to mult_31.U3204.A1 doesn't have a simple 
  wire connection, delay will still be annotated.


Warning-[SDFCOM_SWC] Simple Wire Connection
/MasterClass/M143010027_ALU/Hws/HW1/gate_level/FLP_mul/Delay/round2/timing.sdf, 782
module: FLP_mul, "instance: testbench.test_module"
  SDF Warning: The path from   a to mult_31.U3204.A2 doesn't have a simple 
  wire connection, delay will still be annotated.


Warning-[SDFCOM_SWC] Simple Wire Connection
/MasterClass/M143010027_ALU/Hws/HW1/gate_level/FLP_mul/Delay/round2/timing.sdf, 783
module: FLP_mul, "instance: testbench.test_module"
  SDF Warning: The path from   b to mult_31.U3203.A1 doesn't have a simple 
  wire connection, delay will still be annotated.


Warning-[SDFCOM_SWC] Simple Wire Connection
/MasterClass/M143010027_ALU/Hws/HW1/gate_level/FLP_mul/Delay/round2/timing.sdf, 784
module: FLP_mul, "instance: testbench.test_module"
  SDF Warning: The path from   a to mult_31.U3203.A2 doesn't have a simple 
  wire connection, delay will still be annotated.


Warning-[SDFCOM_SWC] Simple Wire Connection
/MasterClass/M143010027_ALU/Hws/HW1/gate_level/FLP_mul/Delay/round2/timing.sdf, 785
module: FLP_mul, "instance: testbench.test_module"
  SDF Warning: The path from   b to mult_31.U3202.A1 doesn't have a simple 
  wire connection, delay will still be annotated.


Warning-[SDFCOM_SWC] Simple Wire Connection
/MasterClass/M143010027_ALU/Hws/HW1/gate_level/FLP_mul/Delay/round2/timing.sdf, 786
module: FLP_mul, "instance: testbench.test_module"
  SDF Warning: The path from   a to mult_31.U3202.A2 doesn't have a simple 
  wire connection, delay will still be annotated.


Warning-[SDFCOM_SWC] Simple Wire Connection
/MasterClass/M143010027_ALU/Hws/HW1/gate_level/FLP_mul/Delay/round2/timing.sdf, 787
module: FLP_mul, "instance: testbench.test_module"
  SDF Warning: The path from   b to mult_31.U3201.I doesn't have a simple wire
  connection, delay will still be annotated.


Warning-[SDFCOM_SWC] Simple Wire Connection
/MasterClass/M143010027_ALU/Hws/HW1/gate_level/FLP_mul/Delay/round2/timing.sdf, 788
module: FLP_mul, "instance: testbench.test_module"
  SDF Warning: The path from   b to mult_31.U3200.A1 doesn't have a simple 
  wire connection, delay will still be annotated.


Warning-[SDFCOM_SWC] Simple Wire Connection
/MasterClass/M143010027_ALU/Hws/HW1/gate_level/FLP_mul/Delay/round2/timing.sdf, 789
module: FLP_mul, "instance: testbench.test_module"
  SDF Warning: The path from   a to mult_31.U3200.A2 doesn't have a simple 
  wire connection, delay will still be annotated.


Warning-[SDFCOM_SWC] Simple Wire Connection
/MasterClass/M143010027_ALU/Hws/HW1/gate_level/FLP_mul/Delay/round2/timing.sdf, 790
module: FLP_mul, "instance: testbench.test_module"
  SDF Warning: The path from   b to mult_31.U3199.A1 doesn't have a simple 
  wire connection, delay will still be annotated.


Warning-[SDFCOM_SWC] Simple Wire Connection
/MasterClass/M143010027_ALU/Hws/HW1/gate_level/FLP_mul/Delay/round2/timing.sdf, 792
module: FLP_mul, "instance: testbench.test_module"
  SDF Warning: The path from   b to mult_31.U3198.A1 doesn't have a simple 
  wire connection, delay will still be annotated.


Warning-[SDFCOM_SWC] Simple Wire Connection
/MasterClass/M143010027_ALU/Hws/HW1/gate_level/FLP_mul/Delay/round2/timing.sdf, 793
module: FLP_mul, "instance: testbench.test_module"
  SDF Warning: The path from   a to mult_31.U3198.A2 doesn't have a simple 
  wire connection, delay will still be annotated.


Warning-[SDFCOM_SWC] Simple Wire Connection
/MasterClass/M143010027_ALU/Hws/HW1/gate_level/FLP_mul/Delay/round2/timing.sdf, 794
module: FLP_mul, "instance: testbench.test_module"
  SDF Warning: The path from   b to mult_31.U3197.I doesn't have a simple wire
  connection, delay will still be annotated.


Warning-[SDFCOM_SWC] Simple Wire Connection
/MasterClass/M143010027_ALU/Hws/HW1/gate_level/FLP_mul/Delay/round2/timing.sdf, 795
module: FLP_mul, "instance: testbench.test_module"
  SDF Warning: The path from   b to mult_31.U3196.A1 doesn't have a simple 
  wire connection, delay will still be annotated.


Warning-[SDFCOM_SWC] Simple Wire Connection
/MasterClass/M143010027_ALU/Hws/HW1/gate_level/FLP_mul/Delay/round2/timing.sdf, 796
module: FLP_mul, "instance: testbench.test_module"
  SDF Warning: The path from   a to mult_31.U3196.A2 doesn't have a simple 
  wire connection, delay will still be annotated.


Warning-[SDFCOM_SWC] Simple Wire Connection
/MasterClass/M143010027_ALU/Hws/HW1/gate_level/FLP_mul/Delay/round2/timing.sdf, 797
module: FLP_mul, "instance: testbench.test_module"
  SDF Warning: The path from   b to mult_31.U3195.A1 doesn't have a simple 
  wire connection, delay will still be annotated.


Warning-[SDFCOM_SWC] Simple Wire Connection
/MasterClass/M143010027_ALU/Hws/HW1/gate_level/FLP_mul/Delay/round2/timing.sdf, 798
module: FLP_mul, "instance: testbench.test_module"
  SDF Warning: The path from   a to mult_31.U3195.A2 doesn't have a simple 
  wire connection, delay will still be annotated.


Warning-[SDFCOM_SWC] Simple Wire Connection
/MasterClass/M143010027_ALU/Hws/HW1/gate_level/FLP_mul/Delay/round2/timing.sdf, 799
module: FLP_mul, "instance: testbench.test_module"
  SDF Warning: The path from   b to mult_31.U3194.A1 doesn't have a simple 
  wire connection, delay will still be annotated.


Warning-[SDFCOM_SWC] Simple Wire Connection
/MasterClass/M143010027_ALU/Hws/HW1/gate_level/FLP_mul/Delay/round2/timing.sdf, 800
module: FLP_mul, "instance: testbench.test_module"
  SDF Warning: The path from   a to mult_31.U3194.A2 doesn't have a simple 
  wire connection, delay will still be annotated.


Warning-[SDFCOM_SWC] Simple Wire Connection
/MasterClass/M143010027_ALU/Hws/HW1/gate_level/FLP_mul/Delay/round2/timing.sdf, 801
module: FLP_mul, "instance: testbench.test_module"
  SDF Warning: The path from   b to mult_31.U3193.A1 doesn't have a simple 
  wire connection, delay will still be annotated.


Warning-[SDFCOM_SWC] Simple Wire Connection
/MasterClass/M143010027_ALU/Hws/HW1/gate_level/FLP_mul/Delay/round2/timing.sdf, 802
module: FLP_mul, "instance: testbench.test_module"
  SDF Warning: The path from   a to mult_31.U3193.A2 doesn't have a simple 
  wire connection, delay will still be annotated.


Warning-[SDFCOM_SWC] Simple Wire Connection
/MasterClass/M143010027_ALU/Hws/HW1/gate_level/FLP_mul/Delay/round2/timing.sdf, 803
module: FLP_mul, "instance: testbench.test_module"
  SDF Warning: The path from   b to mult_31.U3192.I doesn't have a simple wire
  connection, delay will still be annotated.


Warning-[SDFCOM_SWC] Simple Wire Connection
/MasterClass/M143010027_ALU/Hws/HW1/gate_level/FLP_mul/Delay/round2/timing.sdf, 804
module: FLP_mul, "instance: testbench.test_module"
  SDF Warning: The path from   b to mult_31.U3191.A1 doesn't have a simple 
  wire connection, delay will still be annotated.


Warning-[SDFCOM_SWC] Simple Wire Connection
/MasterClass/M143010027_ALU/Hws/HW1/gate_level/FLP_mul/Delay/round2/timing.sdf, 805
module: FLP_mul, "instance: testbench.test_module"
  SDF Warning: The path from   a to mult_31.U3191.A2 doesn't have a simple 
  wire connection, delay will still be annotated.


Warning-[SDFCOM_SWC] Simple Wire Connection
/MasterClass/M143010027_ALU/Hws/HW1/gate_level/FLP_mul/Delay/round2/timing.sdf, 806
module: FLP_mul, "instance: testbench.test_module"
  SDF Warning: The path from   b to mult_31.U3190.A1 doesn't have a simple 
  wire connection, delay will still be annotated.


Warning-[SDFCOM_SWC] Simple Wire Connection
/MasterClass/M143010027_ALU/Hws/HW1/gate_level/FLP_mul/Delay/round2/timing.sdf, 807
module: FLP_mul, "instance: testbench.test_module"
  SDF Warning: The path from   a to mult_31.U3190.A2 doesn't have a simple 
  wire connection, delay will still be annotated.


Warning-[SDFCOM_SWC] Simple Wire Connection
/MasterClass/M143010027_ALU/Hws/HW1/gate_level/FLP_mul/Delay/round2/timing.sdf, 808
module: FLP_mul, "instance: testbench.test_module"
  SDF Warning: The path from   b to mult_31.U3189.I doesn't have a simple wire
  connection, delay will still be annotated.


Warning-[SDFCOM_SWC] Simple Wire Connection
/MasterClass/M143010027_ALU/Hws/HW1/gate_level/FLP_mul/Delay/round2/timing.sdf, 809
module: FLP_mul, "instance: testbench.test_module"
  SDF Warning: The path from   b to mult_31.U3188.A1 doesn't have a simple 
  wire connection, delay will still be annotated.


Warning-[SDFCOM_SWC] Simple Wire Connection
/MasterClass/M143010027_ALU/Hws/HW1/gate_level/FLP_mul/Delay/round2/timing.sdf, 810
module: FLP_mul, "instance: testbench.test_module"
  SDF Warning: The path from   a to mult_31.U3188.A2 doesn't have a simple 
  wire connection, delay will still be annotated.


Warning-[SDFCOM_SWC] Simple Wire Connection
/MasterClass/M143010027_ALU/Hws/HW1/gate_level/FLP_mul/Delay/round2/timing.sdf, 811
module: FLP_mul, "instance: testbench.test_module"
  SDF Warning: The path from   b to mult_31.U3187.A1 doesn't have a simple 
  wire connection, delay will still be annotated.


Warning-[SDFCOM_SWC] Simple Wire Connection
/MasterClass/M143010027_ALU/Hws/HW1/gate_level/FLP_mul/Delay/round2/timing.sdf, 812
module: FLP_mul, "instance: testbench.test_module"
  SDF Warning: The path from   a to mult_31.U3187.A2 doesn't have a simple 
  wire connection, delay will still be annotated.


Warning-[SDFCOM_SWC] Simple Wire Connection
/MasterClass/M143010027_ALU/Hws/HW1/gate_level/FLP_mul/Delay/round2/timing.sdf, 813
module: FLP_mul, "instance: testbench.test_module"
  SDF Warning: The path from   b to mult_31.U3186.I doesn't have a simple wire
  connection, delay will still be annotated.


Warning-[SDFCOM_SWC] Simple Wire Connection
/MasterClass/M143010027_ALU/Hws/HW1/gate_level/FLP_mul/Delay/round2/timing.sdf, 814
module: FLP_mul, "instance: testbench.test_module"
  SDF Warning: The path from   b to mult_31.U3185.I doesn't have a simple wire
  connection, delay will still be annotated.


Warning-[SDFCOM_SWC] Simple Wire Connection
/MasterClass/M143010027_ALU/Hws/HW1/gate_level/FLP_mul/Delay/round2/timing.sdf, 815
module: FLP_mul, "instance: testbench.test_module"
  SDF Warning: The path from   b to mult_31.U3184.I doesn't have a simple wire
  connection, delay will still be annotated.


Warning-[SDFCOM_SWC] Simple Wire Connection
/MasterClass/M143010027_ALU/Hws/HW1/gate_level/FLP_mul/Delay/round2/timing.sdf, 816
module: FLP_mul, "instance: testbench.test_module"
  SDF Warning: The path from   b to mult_31.U3183.A1 doesn't have a simple 
  wire connection, delay will still be annotated.


Warning-[SDFCOM_SWC] Simple Wire Connection
/MasterClass/M143010027_ALU/Hws/HW1/gate_level/FLP_mul/Delay/round2/timing.sdf, 817
module: FLP_mul, "instance: testbench.test_module"
  SDF Warning: The path from   a to mult_31.U3183.A2 doesn't have a simple 
  wire connection, delay will still be annotated.


Warning-[SDFCOM_SWC] Simple Wire Connection
/MasterClass/M143010027_ALU/Hws/HW1/gate_level/FLP_mul/Delay/round2/timing.sdf, 818
module: FLP_mul, "instance: testbench.test_module"
  SDF Warning: The path from   b to mult_31.U3182.A1 doesn't have a simple 
  wire connection, delay will still be annotated.


Warning-[SDFCOM_SWC] Simple Wire Connection
/MasterClass/M143010027_ALU/Hws/HW1/gate_level/FLP_mul/Delay/round2/timing.sdf, 819
module: FLP_mul, "instance: testbench.test_module"
  SDF Warning: The path from   a to mult_31.U3182.A2 doesn't have a simple 
  wire connection, delay will still be annotated.


Warning-[SDFCOM_SWC] Simple Wire Connection
/MasterClass/M143010027_ALU/Hws/HW1/gate_level/FLP_mul/Delay/round2/timing.sdf, 820
module: FLP_mul, "instance: testbench.test_module"
  SDF Warning: The path from   b to mult_31.U3181.A1 doesn't have a simple 
  wire connection, delay will still be annotated.


Warning-[SDFCOM_SWC] Simple Wire Connection
/MasterClass/M143010027_ALU/Hws/HW1/gate_level/FLP_mul/Delay/round2/timing.sdf, 821
module: FLP_mul, "instance: testbench.test_module"
  SDF Warning: The path from   a to mult_31.U3181.A2 doesn't have a simple 
  wire connection, delay will still be annotated.


Warning-[SDFCOM_SWC] Simple Wire Connection
/MasterClass/M143010027_ALU/Hws/HW1/gate_level/FLP_mul/Delay/round2/timing.sdf, 829
module: FLP_mul, "instance: testbench.test_module"
  SDF Warning: The path from   b to mult_31.U3177.A1 doesn't have a simple 
  wire connection, delay will still be annotated.


Warning-[SDFCOM_SWC] Simple Wire Connection
/MasterClass/M143010027_ALU/Hws/HW1/gate_level/FLP_mul/Delay/round2/timing.sdf, 831
module: FLP_mul, "instance: testbench.test_module"
  SDF Warning: The path from   b to mult_31.U3176.A1 doesn't have a simple 
  wire connection, delay will still be annotated.


Warning-[SDFCOM_SWC] Simple Wire Connection
/MasterClass/M143010027_ALU/Hws/HW1/gate_level/FLP_mul/Delay/round2/timing.sdf, 833
module: FLP_mul, "instance: testbench.test_module"
  SDF Warning: The path from   b to mult_31.U3175.A1 doesn't have a simple 
  wire connection, delay will still be annotated.


Warning-[SDFCOM_SWC] Simple Wire Connection
/MasterClass/M143010027_ALU/Hws/HW1/gate_level/FLP_mul/Delay/round2/timing.sdf, 835
module: FLP_mul, "instance: testbench.test_module"
  SDF Warning: The path from   b to mult_31.U3174.A1 doesn't have a simple 
  wire connection, delay will still be annotated.


Warning-[SDFCOM_SWC] Simple Wire Connection
/MasterClass/M143010027_ALU/Hws/HW1/gate_level/FLP_mul/Delay/round2/timing.sdf, 836
module: FLP_mul, "instance: testbench.test_module"
  SDF Warning: The path from   a to mult_31.U3174.B1 doesn't have a simple 
  wire connection, delay will still be annotated.


Warning-[SDFCOM_SWC] Simple Wire Connection
/MasterClass/M143010027_ALU/Hws/HW1/gate_level/FLP_mul/Delay/round2/timing.sdf, 837
module: FLP_mul, "instance: testbench.test_module"
  SDF Warning: The path from   b to mult_31.U3173.A1 doesn't have a simple 
  wire connection, delay will still be annotated.


Warning-[SDFCOM_SWC] Simple Wire Connection
/MasterClass/M143010027_ALU/Hws/HW1/gate_level/FLP_mul/Delay/round2/timing.sdf, 839
module: FLP_mul, "instance: testbench.test_module"
  SDF Warning: The path from   b to mult_31.U3172.A1 doesn't have a simple 
  wire connection, delay will still be annotated.


Warning-[SDFCOM_SWC] Simple Wire Connection
/MasterClass/M143010027_ALU/Hws/HW1/gate_level/FLP_mul/Delay/round2/timing.sdf, 841
module: FLP_mul, "instance: testbench.test_module"
  SDF Warning: The path from   b to mult_31.U3171.A1 doesn't have a simple 
  wire connection, delay will still be annotated.


Warning-[SDFCOM_SWC] Simple Wire Connection
/MasterClass/M143010027_ALU/Hws/HW1/gate_level/FLP_mul/Delay/round2/timing.sdf, 843
module: FLP_mul, "instance: testbench.test_module"
  SDF Warning: The path from   b to mult_31.U3170.A1 doesn't have a simple 
  wire connection, delay will still be annotated.


Warning-[SDFCOM_SWC] Simple Wire Connection
/MasterClass/M143010027_ALU/Hws/HW1/gate_level/FLP_mul/Delay/round2/timing.sdf, 845
module: FLP_mul, "instance: testbench.test_module"
  SDF Warning: The path from   b to mult_31.U3169.A1 doesn't have a simple 
  wire connection, delay will still be annotated.


Warning-[SDFCOM_SWC] Simple Wire Connection
/MasterClass/M143010027_ALU/Hws/HW1/gate_level/FLP_mul/Delay/round2/timing.sdf, 846
module: FLP_mul, "instance: testbench.test_module"
  SDF Warning: The path from   a to mult_31.U3169.A2 doesn't have a simple 
  wire connection, delay will still be annotated.


Warning-[SDFCOM_SWC] Simple Wire Connection
/MasterClass/M143010027_ALU/Hws/HW1/gate_level/FLP_mul/Delay/round2/timing.sdf, 847
module: FLP_mul, "instance: testbench.test_module"
  SDF Warning: The path from   b to mult_31.U3168.A1 doesn't have a simple 
  wire connection, delay will still be annotated.


Warning-[SDFCOM_SWC] Simple Wire Connection
/MasterClass/M143010027_ALU/Hws/HW1/gate_level/FLP_mul/Delay/round2/timing.sdf, 952
module: FLP_mul, "instance: testbench.test_module"
  SDF Warning: The path from   b to mult_31.U3117.A2 doesn't have a simple 
  wire connection, delay will still be annotated.


Warning-[SDFCOM_SWC] Simple Wire Connection
/MasterClass/M143010027_ALU/Hws/HW1/gate_level/FLP_mul/Delay/round2/timing.sdf, 954
module: FLP_mul, "instance: testbench.test_module"
  SDF Warning: The path from   b to mult_31.U3117.B2 doesn't have a simple 
  wire connection, delay will still be annotated.


Warning-[SDFCOM_SWC] Simple Wire Connection
/MasterClass/M143010027_ALU/Hws/HW1/gate_level/FLP_mul/Delay/round2/timing.sdf, 955
module: FLP_mul, "instance: testbench.test_module"
  SDF Warning: The path from   b to mult_31.U3116.A1 doesn't have a simple 
  wire connection, delay will still be annotated.


Warning-[SDFCOM_SWC] Simple Wire Connection
/MasterClass/M143010027_ALU/Hws/HW1/gate_level/FLP_mul/Delay/round2/timing.sdf, 956
module: FLP_mul, "instance: testbench.test_module"
  SDF Warning: The path from   a to mult_31.U3116.B1 doesn't have a simple 
  wire connection, delay will still be annotated.


Warning-[SDFCOM_SWC] Simple Wire Connection
/MasterClass/M143010027_ALU/Hws/HW1/gate_level/FLP_mul/Delay/round2/timing.sdf, 957
module: FLP_mul, "instance: testbench.test_module"
  SDF Warning: The path from   b to mult_31.U3115.A1 doesn't have a simple 
  wire connection, delay will still be annotated.


Warning-[SDFCOM_SWC] Simple Wire Connection
/MasterClass/M143010027_ALU/Hws/HW1/gate_level/FLP_mul/Delay/round2/timing.sdf, 959
module: FLP_mul, "instance: testbench.test_module"
  SDF Warning: The path from   b to mult_31.U3114.A1 doesn't have a simple 
  wire connection, delay will still be annotated.


Warning-[SDFCOM_SWC] Simple Wire Connection
/MasterClass/M143010027_ALU/Hws/HW1/gate_level/FLP_mul/Delay/round2/timing.sdf, 961
module: FLP_mul, "instance: testbench.test_module"
  SDF Warning: The path from   a to mult_31.U3113.I doesn't have a simple wire
  connection, delay will still be annotated.


Warning-[SDFCOM_SWC] Simple Wire Connection
/MasterClass/M143010027_ALU/Hws/HW1/gate_level/FLP_mul/Delay/round2/timing.sdf, 966
module: FLP_mul, "instance: testbench.test_module"
  SDF Warning: The path from   b to mult_31.U3111.A1 doesn't have a simple 
  wire connection, delay will still be annotated.


Warning-[SDFCOM_SWC] Simple Wire Connection
/MasterClass/M143010027_ALU/Hws/HW1/gate_level/FLP_mul/Delay/round2/timing.sdf, 1006
module: FLP_mul, "instance: testbench.test_module"
  SDF Warning: The path from   b to mult_31.U3086.A1 doesn't have a simple 
  wire connection, delay will still be annotated.


Warning-[SDFCOM_SWC] Simple Wire Connection
/MasterClass/M143010027_ALU/Hws/HW1/gate_level/FLP_mul/Delay/round2/timing.sdf, 1015
module: FLP_mul, "instance: testbench.test_module"
  SDF Warning: The path from   b to mult_31.U3082.A1 doesn't have a simple 
  wire connection, delay will still be annotated.


Warning-[SDFCOM_SWC] Simple Wire Connection
/MasterClass/M143010027_ALU/Hws/HW1/gate_level/FLP_mul/Delay/round2/timing.sdf, 1016
module: FLP_mul, "instance: testbench.test_module"
  SDF Warning: The path from   a to mult_31.U3082.A2 doesn't have a simple 
  wire connection, delay will still be annotated.


Warning-[SDFCOM_SWC] Simple Wire Connection
/MasterClass/M143010027_ALU/Hws/HW1/gate_level/FLP_mul/Delay/round2/timing.sdf, 1023
module: FLP_mul, "instance: testbench.test_module"
  SDF Warning: The path from   b to mult_31.U3079.A1 doesn't have a simple 
  wire connection, delay will still be annotated.


Warning-[SDFCOM_SWC] Simple Wire Connection
/MasterClass/M143010027_ALU/Hws/HW1/gate_level/FLP_mul/Delay/round2/timing.sdf, 1024
module: FLP_mul, "instance: testbench.test_module"
  SDF Warning: The path from   a to mult_31.U3079.A2 doesn't have a simple 
  wire connection, delay will still be annotated.


Warning-[SDFCOM_SWC] Simple Wire Connection
/MasterClass/M143010027_ALU/Hws/HW1/gate_level/FLP_mul/Delay/round2/timing.sdf, 1033
module: FLP_mul, "instance: testbench.test_module"
  SDF Warning: The path from   a to mult_31.U3074.A1 doesn't have a simple 
  wire connection, delay will still be annotated.


Warning-[SDFCOM_SWC] Simple Wire Connection
/MasterClass/M143010027_ALU/Hws/HW1/gate_level/FLP_mul/Delay/round2/timing.sdf, 1034
module: FLP_mul, "instance: testbench.test_module"
  SDF Warning: The path from   a to mult_31.U3074.A2 doesn't have a simple 
  wire connection, delay will still be annotated.


Warning-[SDFCOM_SWC] Simple Wire Connection
/MasterClass/M143010027_ALU/Hws/HW1/gate_level/FLP_mul/Delay/round2/timing.sdf, 1035
module: FLP_mul, "instance: testbench.test_module"
  SDF Warning: The path from   a to mult_31.U3073.A1 doesn't have a simple 
  wire connection, delay will still be annotated.


Warning-[SDFCOM_SWC] Simple Wire Connection
/MasterClass/M143010027_ALU/Hws/HW1/gate_level/FLP_mul/Delay/round2/timing.sdf, 1036
module: FLP_mul, "instance: testbench.test_module"
  SDF Warning: The path from   a to mult_31.U3073.A2 doesn't have a simple 
  wire connection, delay will still be annotated.


Warning-[SDFCOM_SWC] Simple Wire Connection
/MasterClass/M143010027_ALU/Hws/HW1/gate_level/FLP_mul/Delay/round2/timing.sdf, 1037
module: FLP_mul, "instance: testbench.test_module"
  SDF Warning: The path from   a to mult_31.U3072.A1 doesn't have a simple 
  wire connection, delay will still be annotated.


Warning-[SDFCOM_SWC] Simple Wire Connection
/MasterClass/M143010027_ALU/Hws/HW1/gate_level/FLP_mul/Delay/round2/timing.sdf, 1038
module: FLP_mul, "instance: testbench.test_module"
  SDF Warning: The path from   a to mult_31.U3072.A2 doesn't have a simple 
  wire connection, delay will still be annotated.


Warning-[SDFCOM_SWC] Simple Wire Connection
/MasterClass/M143010027_ALU/Hws/HW1/gate_level/FLP_mul/Delay/round2/timing.sdf, 1039
module: FLP_mul, "instance: testbench.test_module"
  SDF Warning: The path from   a to mult_31.U3071.I doesn't have a simple wire
  connection, delay will still be annotated.


Warning-[SDFCOM_SWC] Simple Wire Connection
/MasterClass/M143010027_ALU/Hws/HW1/gate_level/FLP_mul/Delay/round2/timing.sdf, 1040
module: FLP_mul, "instance: testbench.test_module"
  SDF Warning: The path from   a to mult_31.U3070.A1 doesn't have a simple 
  wire connection, delay will still be annotated.


Warning-[SDFCOM_SWC] Simple Wire Connection
/MasterClass/M143010027_ALU/Hws/HW1/gate_level/FLP_mul/Delay/round2/timing.sdf, 1041
module: FLP_mul, "instance: testbench.test_module"
  SDF Warning: The path from   a to mult_31.U3070.A2 doesn't have a simple 
  wire connection, delay will still be annotated.


Warning-[SDFCOM_SWC] Simple Wire Connection
/MasterClass/M143010027_ALU/Hws/HW1/gate_level/FLP_mul/Delay/round2/timing.sdf, 1042
module: FLP_mul, "instance: testbench.test_module"
  SDF Warning: The path from   a to mult_31.U3069.A1 doesn't have a simple 
  wire connection, delay will still be annotated.


Warning-[SDFCOM_SWC] Simple Wire Connection
/MasterClass/M143010027_ALU/Hws/HW1/gate_level/FLP_mul/Delay/round2/timing.sdf, 1043
module: FLP_mul, "instance: testbench.test_module"
  SDF Warning: The path from   a to mult_31.U3069.A2 doesn't have a simple 
  wire connection, delay will still be annotated.


Warning-[SDFCOM_SWC] Simple Wire Connection
/MasterClass/M143010027_ALU/Hws/HW1/gate_level/FLP_mul/Delay/round2/timing.sdf, 1070
module: FLP_mul, "instance: testbench.test_module"
  SDF Warning: The path from   a to mult_31.U3061.A1 doesn't have a simple 
  wire connection, delay will still be annotated.


Warning-[SDFCOM_SWC] Simple Wire Connection
/MasterClass/M143010027_ALU/Hws/HW1/gate_level/FLP_mul/Delay/round2/timing.sdf, 1071
module: FLP_mul, "instance: testbench.test_module"
  SDF Warning: The path from   a to mult_31.U3061.A2 doesn't have a simple 
  wire connection, delay will still be annotated.


Warning-[SDFCOM_SWC] Simple Wire Connection
/MasterClass/M143010027_ALU/Hws/HW1/gate_level/FLP_mul/Delay/round2/timing.sdf, 1086
module: FLP_mul, "instance: testbench.test_module"
  SDF Warning: The path from   b to mult_31.U3055.A1 doesn't have a simple 
  wire connection, delay will still be annotated.


Warning-[SDFCOM_SWC] Simple Wire Connection
/MasterClass/M143010027_ALU/Hws/HW1/gate_level/FLP_mul/Delay/round2/timing.sdf, 1087
module: FLP_mul, "instance: testbench.test_module"
  SDF Warning: The path from   a to mult_31.U3055.A2 doesn't have a simple 
  wire connection, delay will still be annotated.


Warning-[SDFCOM_SWC] Simple Wire Connection
/MasterClass/M143010027_ALU/Hws/HW1/gate_level/FLP_mul/Delay/round2/timing.sdf, 1088
module: FLP_mul, "instance: testbench.test_module"
  SDF Warning: The path from   a to mult_31.U3054.A1 doesn't have a simple 
  wire connection, delay will still be annotated.


Warning-[SDFCOM_SWC] Simple Wire Connection
/MasterClass/M143010027_ALU/Hws/HW1/gate_level/FLP_mul/Delay/round2/timing.sdf, 1089
module: FLP_mul, "instance: testbench.test_module"
  SDF Warning: The path from   a to mult_31.U3054.A2 doesn't have a simple 
  wire connection, delay will still be annotated.


Warning-[SDFCOM_SWC] Simple Wire Connection
/MasterClass/M143010027_ALU/Hws/HW1/gate_level/FLP_mul/Delay/round2/timing.sdf, 1131
module: FLP_mul, "instance: testbench.test_module"
  SDF Warning: The path from   a to mult_31.U3040.A1 doesn't have a simple 
  wire connection, delay will still be annotated.


Warning-[SDFCOM_SWC] Simple Wire Connection
/MasterClass/M143010027_ALU/Hws/HW1/gate_level/FLP_mul/Delay/round2/timing.sdf, 1132
module: FLP_mul, "instance: testbench.test_module"
  SDF Warning: The path from   a to mult_31.U3040.A2 doesn't have a simple 
  wire connection, delay will still be annotated.


Warning-[SDFCOM_SWC] Simple Wire Connection
/MasterClass/M143010027_ALU/Hws/HW1/gate_level/FLP_mul/Delay/round2/timing.sdf, 1146
module: FLP_mul, "instance: testbench.test_module"
  SDF Warning: The path from   a to mult_31.U3034.I doesn't have a simple wire
  connection, delay will still be annotated.


Warning-[SDFCOM_SWC] Simple Wire Connection
/MasterClass/M143010027_ALU/Hws/HW1/gate_level/FLP_mul/Delay/round2/timing.sdf, 1150
module: FLP_mul, "instance: testbench.test_module"
  SDF Warning: The path from   b to mult_31.U3032.A1 doesn't have a simple 
  wire connection, delay will still be annotated.


Warning-[SDFCOM_SWC] Simple Wire Connection
/MasterClass/M143010027_ALU/Hws/HW1/gate_level/FLP_mul/Delay/round2/timing.sdf, 1151
module: FLP_mul, "instance: testbench.test_module"
  SDF Warning: The path from   a to mult_31.U3032.A2 doesn't have a simple 
  wire connection, delay will still be annotated.


Warning-[SDFCOM_SWC] Simple Wire Connection
/MasterClass/M143010027_ALU/Hws/HW1/gate_level/FLP_mul/Delay/round2/timing.sdf, 1159
module: FLP_mul, "instance: testbench.test_module"
  SDF Warning: The path from   a to mult_31.U3028.A1 doesn't have a simple 
  wire connection, delay will still be annotated.


Warning-[SDFCOM_SWC] Simple Wire Connection
/MasterClass/M143010027_ALU/Hws/HW1/gate_level/FLP_mul/Delay/round2/timing.sdf, 1167
module: FLP_mul, "instance: testbench.test_module"
  SDF Warning: The path from   b to mult_31.U3025.A2 doesn't have a simple 
  wire connection, delay will still be annotated.


Warning-[SDFCOM_SWC] Simple Wire Connection
/MasterClass/M143010027_ALU/Hws/HW1/gate_level/FLP_mul/Delay/round2/timing.sdf, 1169
module: FLP_mul, "instance: testbench.test_module"
  SDF Warning: The path from   b to mult_31.U3025.B2 doesn't have a simple 
  wire connection, delay will still be annotated.


Warning-[SDFCOM_SWC] Simple Wire Connection
/MasterClass/M143010027_ALU/Hws/HW1/gate_level/FLP_mul/Delay/round2/timing.sdf, 1171
module: FLP_mul, "instance: testbench.test_module"
  SDF Warning: The path from   b to mult_31.U3024.A2 doesn't have a simple 
  wire connection, delay will still be annotated.


Warning-[SDFCOM_SWC] Simple Wire Connection
/MasterClass/M143010027_ALU/Hws/HW1/gate_level/FLP_mul/Delay/round2/timing.sdf, 1173
module: FLP_mul, "instance: testbench.test_module"
  SDF Warning: The path from   b to mult_31.U3024.B2 doesn't have a simple 
  wire connection, delay will still be annotated.


Warning-[SDFCOM_SWC] Simple Wire Connection
/MasterClass/M143010027_ALU/Hws/HW1/gate_level/FLP_mul/Delay/round2/timing.sdf, 1175
module: FLP_mul, "instance: testbench.test_module"
  SDF Warning: The path from   b to mult_31.U3023.A2 doesn't have a simple 
  wire connection, delay will still be annotated.


Warning-[SDFCOM_SWC] Simple Wire Connection
/MasterClass/M143010027_ALU/Hws/HW1/gate_level/FLP_mul/Delay/round2/timing.sdf, 1177
module: FLP_mul, "instance: testbench.test_module"
  SDF Warning: The path from   b to mult_31.U3023.B2 doesn't have a simple 
  wire connection, delay will still be annotated.


Warning-[SDFCOM_SWC] Simple Wire Connection
/MasterClass/M143010027_ALU/Hws/HW1/gate_level/FLP_mul/Delay/round2/timing.sdf, 1179
module: FLP_mul, "instance: testbench.test_module"
  SDF Warning: The path from   b to mult_31.U3022.A2 doesn't have a simple 
  wire connection, delay will still be annotated.


Warning-[SDFCOM_SWC] Simple Wire Connection
/MasterClass/M143010027_ALU/Hws/HW1/gate_level/FLP_mul/Delay/round2/timing.sdf, 1181
module: FLP_mul, "instance: testbench.test_module"
  SDF Warning: The path from   b to mult_31.U3022.B2 doesn't have a simple 
  wire connection, delay will still be annotated.


Warning-[SDFCOM_SWC] Simple Wire Connection
/MasterClass/M143010027_ALU/Hws/HW1/gate_level/FLP_mul/Delay/round2/timing.sdf, 1194
module: FLP_mul, "instance: testbench.test_module"
  SDF Warning: The path from   b to mult_31.U3018.A2 doesn't have a simple 
  wire connection, delay will still be annotated.


Warning-[SDFCOM_SWC] Simple Wire Connection
/MasterClass/M143010027_ALU/Hws/HW1/gate_level/FLP_mul/Delay/round2/timing.sdf, 1196
module: FLP_mul, "instance: testbench.test_module"
  SDF Warning: The path from   b to mult_31.U3018.B2 doesn't have a simple 
  wire connection, delay will still be annotated.


Warning-[SDFCOM_SWC] Simple Wire Connection
/MasterClass/M143010027_ALU/Hws/HW1/gate_level/FLP_mul/Delay/round2/timing.sdf, 1225
module: FLP_mul, "instance: testbench.test_module"
  SDF Warning: The path from   a to mult_31.U3006.A1 doesn't have a simple 
  wire connection, delay will still be annotated.


Warning-[SDFCOM_SWC] Simple Wire Connection
/MasterClass/M143010027_ALU/Hws/HW1/gate_level/FLP_mul/Delay/round2/timing.sdf, 1226
module: FLP_mul, "instance: testbench.test_module"
  SDF Warning: The path from   a to mult_31.U3006.A2 doesn't have a simple 
  wire connection, delay will still be annotated.


Warning-[SDFCOM_SWC] Simple Wire Connection
/MasterClass/M143010027_ALU/Hws/HW1/gate_level/FLP_mul/Delay/round2/timing.sdf, 1253
module: FLP_mul, "instance: testbench.test_module"
  SDF Warning: The path from   b to mult_31.U2995.A1 doesn't have a simple 
  wire connection, delay will still be annotated.


Warning-[SDFCOM_SWC] Simple Wire Connection
/MasterClass/M143010027_ALU/Hws/HW1/gate_level/FLP_mul/Delay/round2/timing.sdf, 1254
module: FLP_mul, "instance: testbench.test_module"
  SDF Warning: The path from   a to mult_31.U2995.A2 doesn't have a simple 
  wire connection, delay will still be annotated.


Warning-[SDFCOM_SWC] Simple Wire Connection
/MasterClass/M143010027_ALU/Hws/HW1/gate_level/FLP_mul/Delay/round2/timing.sdf, 1255
module: FLP_mul, "instance: testbench.test_module"
  SDF Warning: The path from   b to mult_31.U2994.A1 doesn't have a simple 
  wire connection, delay will still be annotated.


Warning-[SDFCOM_SWC] Simple Wire Connection
/MasterClass/M143010027_ALU/Hws/HW1/gate_level/FLP_mul/Delay/round2/timing.sdf, 1256
module: FLP_mul, "instance: testbench.test_module"
  SDF Warning: The path from   a to mult_31.U2994.A2 doesn't have a simple 
  wire connection, delay will still be annotated.


Warning-[SDFCOM_SWC] Simple Wire Connection
/MasterClass/M143010027_ALU/Hws/HW1/gate_level/FLP_mul/Delay/round2/timing.sdf, 1257
module: FLP_mul, "instance: testbench.test_module"
  SDF Warning: The path from   b to mult_31.U2993.A1 doesn't have a simple 
  wire connection, delay will still be annotated.


Warning-[SDFCOM_SWC] Simple Wire Connection
/MasterClass/M143010027_ALU/Hws/HW1/gate_level/FLP_mul/Delay/round2/timing.sdf, 1258
module: FLP_mul, "instance: testbench.test_module"
  SDF Warning: The path from   a to mult_31.U2993.B1 doesn't have a simple 
  wire connection, delay will still be annotated.


Warning-[SDFCOM_SWC] Simple Wire Connection
/MasterClass/M143010027_ALU/Hws/HW1/gate_level/FLP_mul/Delay/round2/timing.sdf, 1281
module: FLP_mul, "instance: testbench.test_module"
  SDF Warning: The path from   b to mult_31.U2983.A1 doesn't have a simple 
  wire connection, delay will still be annotated.


Warning-[SDFCOM_SWC] Simple Wire Connection
/MasterClass/M143010027_ALU/Hws/HW1/gate_level/FLP_mul/Delay/round2/timing.sdf, 1282
module: FLP_mul, "instance: testbench.test_module"
  SDF Warning: The path from   a to mult_31.U2983.A2 doesn't have a simple 
  wire connection, delay will still be annotated.


Warning-[SDFCOM_SWC] Simple Wire Connection
/MasterClass/M143010027_ALU/Hws/HW1/gate_level/FLP_mul/Delay/round2/timing.sdf, 1297
module: FLP_mul, "instance: testbench.test_module"
  SDF Warning: The path from   b to mult_31.U2975.A doesn't have a simple wire
  connection, delay will still be annotated.


Warning-[SDFCOM_SWC] Simple Wire Connection
/MasterClass/M143010027_ALU/Hws/HW1/gate_level/FLP_mul/Delay/round2/timing.sdf, 1298
module: FLP_mul, "instance: testbench.test_module"
  SDF Warning: The path from   b to mult_31.U2975.B doesn't have a simple wire
  connection, delay will still be annotated.


Warning-[SDFCOM_SWC] Simple Wire Connection
/MasterClass/M143010027_ALU/Hws/HW1/gate_level/FLP_mul/Delay/round2/timing.sdf, 1307
module: FLP_mul, "instance: testbench.test_module"
  SDF Warning: The path from   b to mult_31.U2971.A1 doesn't have a simple 
  wire connection, delay will still be annotated.


Warning-[SDFCOM_SWC] Simple Wire Connection
/MasterClass/M143010027_ALU/Hws/HW1/gate_level/FLP_mul/Delay/round2/timing.sdf, 1308
module: FLP_mul, "instance: testbench.test_module"
  SDF Warning: The path from   a to mult_31.U2971.A2 doesn't have a simple 
  wire connection, delay will still be annotated.


Warning-[SDFCOM_SWC] Simple Wire Connection
/MasterClass/M143010027_ALU/Hws/HW1/gate_level/FLP_mul/Delay/round2/timing.sdf, 1327
module: FLP_mul, "instance: testbench.test_module"
  SDF Warning: The path from   b to mult_31.U2962.A2 doesn't have a simple 
  wire connection, delay will still be annotated.


Warning-[SDFCOM_SWC] Simple Wire Connection
/MasterClass/M143010027_ALU/Hws/HW1/gate_level/FLP_mul/Delay/round2/timing.sdf, 1329
module: FLP_mul, "instance: testbench.test_module"
  SDF Warning: The path from   b to mult_31.U2962.B2 doesn't have a simple 
  wire connection, delay will still be annotated.


Warning-[SDFCOM_SWC] Simple Wire Connection
/MasterClass/M143010027_ALU/Hws/HW1/gate_level/FLP_mul/Delay/round2/timing.sdf, 1332
module: FLP_mul, "instance: testbench.test_module"
  SDF Warning: The path from   a to mult_31.U2960.A1 doesn't have a simple 
  wire connection, delay will still be annotated.


Warning-[SDFCOM_SWC] Simple Wire Connection
/MasterClass/M143010027_ALU/Hws/HW1/gate_level/FLP_mul/Delay/round2/timing.sdf, 1333
module: FLP_mul, "instance: testbench.test_module"
  SDF Warning: The path from   a to mult_31.U2960.A2 doesn't have a simple 
  wire connection, delay will still be annotated.


Warning-[SDFCOM_SWC] Simple Wire Connection
/MasterClass/M143010027_ALU/Hws/HW1/gate_level/FLP_mul/Delay/round2/timing.sdf, 1456
module: FLP_mul, "instance: testbench.test_module"
  SDF Warning: The path from   b to mult_31.U2913.A2 doesn't have a simple 
  wire connection, delay will still be annotated.


Warning-[SDFCOM_SWC] Simple Wire Connection
/MasterClass/M143010027_ALU/Hws/HW1/gate_level/FLP_mul/Delay/round2/timing.sdf, 1458
module: FLP_mul, "instance: testbench.test_module"
  SDF Warning: The path from   b to mult_31.U2913.B2 doesn't have a simple 
  wire connection, delay will still be annotated.


Warning-[SDFCOM_SWC] Simple Wire Connection
/MasterClass/M143010027_ALU/Hws/HW1/gate_level/FLP_mul/Delay/round2/timing.sdf, 1467
module: FLP_mul, "instance: testbench.test_module"
  SDF Warning: The path from   a to mult_31.U2910.A1 doesn't have a simple 
  wire connection, delay will still be annotated.


Warning-[SDFCOM_SWC] Simple Wire Connection
/MasterClass/M143010027_ALU/Hws/HW1/gate_level/FLP_mul/Delay/round2/timing.sdf, 1468
module: FLP_mul, "instance: testbench.test_module"
  SDF Warning: The path from   a to mult_31.U2910.A2 doesn't have a simple 
  wire connection, delay will still be annotated.


Warning-[SDFCOM_SWC] Simple Wire Connection
/MasterClass/M143010027_ALU/Hws/HW1/gate_level/FLP_mul/Delay/round2/timing.sdf, 1490
module: FLP_mul, "instance: testbench.test_module"
  SDF Warning: The path from   b to mult_31.U2900.A doesn't have a simple wire
  connection, delay will still be annotated.


Warning-[SDFCOM_SWC] Simple Wire Connection
/MasterClass/M143010027_ALU/Hws/HW1/gate_level/FLP_mul/Delay/round2/timing.sdf, 1524
module: FLP_mul, "instance: testbench.test_module"
  SDF Warning: The path from   a to mult_31.U2887.A1 doesn't have a simple 
  wire connection, delay will still be annotated.


Warning-[SDFCOM_SWC] Simple Wire Connection
/MasterClass/M143010027_ALU/Hws/HW1/gate_level/FLP_mul/Delay/round2/timing.sdf, 1525
module: FLP_mul, "instance: testbench.test_module"
  SDF Warning: The path from   a to mult_31.U2887.A2 doesn't have a simple 
  wire connection, delay will still be annotated.


Warning-[SDFCOM_SWC] Simple Wire Connection
/MasterClass/M143010027_ALU/Hws/HW1/gate_level/FLP_mul/Delay/round2/timing.sdf, 1526
module: FLP_mul, "instance: testbench.test_module"
  SDF Warning: The path from   b to mult_31.U2886.A1 doesn't have a simple 
  wire connection, delay will still be annotated.


Warning-[SDFCOM_SWC] Simple Wire Connection
/MasterClass/M143010027_ALU/Hws/HW1/gate_level/FLP_mul/Delay/round2/timing.sdf, 1558
module: FLP_mul, "instance: testbench.test_module"
  SDF Warning: The path from   b to mult_31.U2873.A doesn't have a simple wire
  connection, delay will still be annotated.


Warning-[SDFCOM_SWC] Simple Wire Connection
/MasterClass/M143010027_ALU/Hws/HW1/gate_level/FLP_mul/Delay/round2/timing.sdf, 1559
module: FLP_mul, "instance: testbench.test_module"
  SDF Warning: The path from   b to mult_31.U2873.B doesn't have a simple wire
  connection, delay will still be annotated.


Warning-[SDFCOM_SWC] Simple Wire Connection
/MasterClass/M143010027_ALU/Hws/HW1/gate_level/FLP_mul/Delay/round2/timing.sdf, 1581
module: FLP_mul, "instance: testbench.test_module"
  SDF Warning: The path from   a to mult_31.U2862.A1 doesn't have a simple 
  wire connection, delay will still be annotated.


Warning-[SDFCOM_SWC] Simple Wire Connection
/MasterClass/M143010027_ALU/Hws/HW1/gate_level/FLP_mul/Delay/round2/timing.sdf, 1582
module: FLP_mul, "instance: testbench.test_module"
  SDF Warning: The path from   a to mult_31.U2862.A2 doesn't have a simple 
  wire connection, delay will still be annotated.


Warning-[SDFCOM_SWC] Simple Wire Connection
/MasterClass/M143010027_ALU/Hws/HW1/gate_level/FLP_mul/Delay/round2/timing.sdf, 1622
module: FLP_mul, "instance: testbench.test_module"
  SDF Warning: The path from   b to mult_31.U2845.A1 doesn't have a simple 
  wire connection, delay will still be annotated.


Warning-[SDFCOM_SWC] Simple Wire Connection
/MasterClass/M143010027_ALU/Hws/HW1/gate_level/FLP_mul/Delay/round2/timing.sdf, 1627
module: FLP_mul, "instance: testbench.test_module"
  SDF Warning: The path from   b to mult_31.U2843.A2 doesn't have a simple 
  wire connection, delay will still be annotated.


Warning-[SDFCOM_SWC] Simple Wire Connection
/MasterClass/M143010027_ALU/Hws/HW1/gate_level/FLP_mul/Delay/round2/timing.sdf, 1629
module: FLP_mul, "instance: testbench.test_module"
  SDF Warning: The path from   b to mult_31.U2843.B2 doesn't have a simple 
  wire connection, delay will still be annotated.


Warning-[SDFCOM_SWC] Simple Wire Connection
/MasterClass/M143010027_ALU/Hws/HW1/gate_level/FLP_mul/Delay/round2/timing.sdf, 1658
module: FLP_mul, "instance: testbench.test_module"
  SDF Warning: The path from   b to mult_31.U2831.A1 doesn't have a simple 
  wire connection, delay will still be annotated.


Warning-[SDFCOM_SWC] Simple Wire Connection
/MasterClass/M143010027_ALU/Hws/HW1/gate_level/FLP_mul/Delay/round2/timing.sdf, 1659
module: FLP_mul, "instance: testbench.test_module"
  SDF Warning: The path from   a to mult_31.U2831.A2 doesn't have a simple 
  wire connection, delay will still be annotated.


Warning-[SDFCOM_SWC] Simple Wire Connection
/MasterClass/M143010027_ALU/Hws/HW1/gate_level/FLP_mul/Delay/round2/timing.sdf, 1713
module: FLP_mul, "instance: testbench.test_module"
  SDF Warning: The path from   b to mult_31.U2810.A1 doesn't have a simple 
  wire connection, delay will still be annotated.


Warning-[SDFCOM_SWC] Simple Wire Connection
/MasterClass/M143010027_ALU/Hws/HW1/gate_level/FLP_mul/Delay/round2/timing.sdf, 1758
module: FLP_mul, "instance: testbench.test_module"
  SDF Warning: The path from   a to mult_31.U2790.I doesn't have a simple wire
  connection, delay will still be annotated.


Warning-[SDFCOM_SWC] Simple Wire Connection
/MasterClass/M143010027_ALU/Hws/HW1/gate_level/FLP_mul/Delay/round2/timing.sdf, 1759
module: FLP_mul, "instance: testbench.test_module"
  SDF Warning: The path from   b to mult_31.U2789.A1 doesn't have a simple 
  wire connection, delay will still be annotated.


Warning-[SDFCOM_SWC] Simple Wire Connection
/MasterClass/M143010027_ALU/Hws/HW1/gate_level/FLP_mul/Delay/round2/timing.sdf, 1760
module: FLP_mul, "instance: testbench.test_module"
  SDF Warning: The path from   a to mult_31.U2789.A2 doesn't have a simple 
  wire connection, delay will still be annotated.


Warning-[SDFCOM_SWC] Simple Wire Connection
/MasterClass/M143010027_ALU/Hws/HW1/gate_level/FLP_mul/Delay/round2/timing.sdf, 1788
module: FLP_mul, "instance: testbench.test_module"
  SDF Warning: The path from   a to mult_31.U2776.A1 doesn't have a simple 
  wire connection, delay will still be annotated.


Warning-[SDFCOM_SWC] Simple Wire Connection
/MasterClass/M143010027_ALU/Hws/HW1/gate_level/FLP_mul/Delay/round2/timing.sdf, 1789
module: FLP_mul, "instance: testbench.test_module"
  SDF Warning: The path from   a to mult_31.U2776.A2 doesn't have a simple 
  wire connection, delay will still be annotated.


Warning-[SDFCOM_SWC] Simple Wire Connection
/MasterClass/M143010027_ALU/Hws/HW1/gate_level/FLP_mul/Delay/round2/timing.sdf, 1790
module: FLP_mul, "instance: testbench.test_module"
  SDF Warning: The path from   b to mult_31.U2775.A1 doesn't have a simple 
  wire connection, delay will still be annotated.


Warning-[SDFCOM_SWC] Simple Wire Connection
/MasterClass/M143010027_ALU/Hws/HW1/gate_level/FLP_mul/Delay/round2/timing.sdf, 1794
module: FLP_mul, "instance: testbench.test_module"
  SDF Warning: The path from   b to mult_31.U2773.A1 doesn't have a simple 
  wire connection, delay will still be annotated.


Warning-[SDFCOM_SWC] Simple Wire Connection
/MasterClass/M143010027_ALU/Hws/HW1/gate_level/FLP_mul/Delay/round2/timing.sdf, 1795
module: FLP_mul, "instance: testbench.test_module"
  SDF Warning: The path from   a to mult_31.U2773.A2 doesn't have a simple 
  wire connection, delay will still be annotated.


Warning-[SDFCOM_SWC] Simple Wire Connection
/MasterClass/M143010027_ALU/Hws/HW1/gate_level/FLP_mul/Delay/round2/timing.sdf, 1854
module: FLP_mul, "instance: testbench.test_module"
  SDF Warning: The path from   b to mult_31.U2748.A1 doesn't have a simple 
  wire connection, delay will still be annotated.


Warning-[SDFCOM_SWC] Simple Wire Connection
/MasterClass/M143010027_ALU/Hws/HW1/gate_level/FLP_mul/Delay/round2/timing.sdf, 1855
module: FLP_mul, "instance: testbench.test_module"
  SDF Warning: The path from   a to mult_31.U2748.A2 doesn't have a simple 
  wire connection, delay will still be annotated.


Warning-[SDFCOM_SWC] Simple Wire Connection
/MasterClass/M143010027_ALU/Hws/HW1/gate_level/FLP_mul/Delay/round2/timing.sdf, 1880
module: FLP_mul, "instance: testbench.test_module"
  SDF Warning: The path from   b to mult_31.U2738.A1 doesn't have a simple 
  wire connection, delay will still be annotated.


Warning-[SDFCOM_SWC] Simple Wire Connection
/MasterClass/M143010027_ALU/Hws/HW1/gate_level/FLP_mul/Delay/round2/timing.sdf, 1881
module: FLP_mul, "instance: testbench.test_module"
  SDF Warning: The path from   a to mult_31.U2738.A2 doesn't have a simple 
  wire connection, delay will still be annotated.


Warning-[SDFCOM_SWC] Simple Wire Connection
/MasterClass/M143010027_ALU/Hws/HW1/gate_level/FLP_mul/Delay/round2/timing.sdf, 1882
module: FLP_mul, "instance: testbench.test_module"
  SDF Warning: The path from   b to mult_31.U2737.A1 doesn't have a simple 
  wire connection, delay will still be annotated.


Warning-[SDFCOM_SWC] Simple Wire Connection
/MasterClass/M143010027_ALU/Hws/HW1/gate_level/FLP_mul/Delay/round2/timing.sdf, 1883
module: FLP_mul, "instance: testbench.test_module"
  SDF Warning: The path from   a to mult_31.U2737.A2 doesn't have a simple 
  wire connection, delay will still be annotated.


Warning-[SDFCOM_SWC] Simple Wire Connection
/MasterClass/M143010027_ALU/Hws/HW1/gate_level/FLP_mul/Delay/round2/timing.sdf, 1884
module: FLP_mul, "instance: testbench.test_module"
  SDF Warning: The path from   b to mult_31.U2736.A1 doesn't have a simple 
  wire connection, delay will still be annotated.


Warning-[SDFCOM_SWC] Simple Wire Connection
/MasterClass/M143010027_ALU/Hws/HW1/gate_level/FLP_mul/Delay/round2/timing.sdf, 1885
module: FLP_mul, "instance: testbench.test_module"
  SDF Warning: The path from   a to mult_31.U2736.A2 doesn't have a simple 
  wire connection, delay will still be annotated.


Warning-[SDFCOM_SWC] Simple Wire Connection
/MasterClass/M143010027_ALU/Hws/HW1/gate_level/FLP_mul/Delay/round2/timing.sdf, 1886
module: FLP_mul, "instance: testbench.test_module"
  SDF Warning: The path from   b to mult_31.U2735.A1 doesn't have a simple 
  wire connection, delay will still be annotated.


Warning-[SDFCOM_SWC] Simple Wire Connection
/MasterClass/M143010027_ALU/Hws/HW1/gate_level/FLP_mul/Delay/round2/timing.sdf, 1887
module: FLP_mul, "instance: testbench.test_module"
  SDF Warning: The path from   a to mult_31.U2735.A2 doesn't have a simple 
  wire connection, delay will still be annotated.


Warning-[SDFCOM_SWC] Simple Wire Connection
/MasterClass/M143010027_ALU/Hws/HW1/gate_level/FLP_mul/Delay/round2/timing.sdf, 1891
module: FLP_mul, "instance: testbench.test_module"
  SDF Warning: The path from   a to mult_31.U2734.B2 doesn't have a simple 
  wire connection, delay will still be annotated.


Warning-[SDFCOM_SWC] Simple Wire Connection
/MasterClass/M143010027_ALU/Hws/HW1/gate_level/FLP_mul/Delay/round2/timing.sdf, 1909
module: FLP_mul, "instance: testbench.test_module"
  SDF Warning: The path from   b to mult_31.U2725.A1 doesn't have a simple 
  wire connection, delay will still be annotated.


Warning-[SDFCOM_SWC] Simple Wire Connection
/MasterClass/M143010027_ALU/Hws/HW1/gate_level/FLP_mul/Delay/round2/timing.sdf, 1910
module: FLP_mul, "instance: testbench.test_module"
  SDF Warning: The path from   a to mult_31.U2725.A2 doesn't have a simple 
  wire connection, delay will still be annotated.


Warning-[SDFCOM_SWC] Simple Wire Connection
/MasterClass/M143010027_ALU/Hws/HW1/gate_level/FLP_mul/Delay/round2/timing.sdf, 1924
module: FLP_mul, "instance: testbench.test_module"
  SDF Warning: The path from   b to mult_31.U2719.A1 doesn't have a simple 
  wire connection, delay will still be annotated.


Warning-[SDFCOM_SWC] Simple Wire Connection
/MasterClass/M143010027_ALU/Hws/HW1/gate_level/FLP_mul/Delay/round2/timing.sdf, 1925
module: FLP_mul, "instance: testbench.test_module"
  SDF Warning: The path from   a to mult_31.U2719.A2 doesn't have a simple 
  wire connection, delay will still be annotated.


Warning-[SDFCOM_SWC] Simple Wire Connection
/MasterClass/M143010027_ALU/Hws/HW1/gate_level/FLP_mul/Delay/round2/timing.sdf, 1926
module: FLP_mul, "instance: testbench.test_module"
  SDF Warning: The path from   b to mult_31.U2718.A1 doesn't have a simple 
  wire connection, delay will still be annotated.


Warning-[SDFCOM_SWC] Simple Wire Connection
/MasterClass/M143010027_ALU/Hws/HW1/gate_level/FLP_mul/Delay/round2/timing.sdf, 1927
module: FLP_mul, "instance: testbench.test_module"
  SDF Warning: The path from   a to mult_31.U2718.A2 doesn't have a simple 
  wire connection, delay will still be annotated.


Warning-[SDFCOM_SWC] Simple Wire Connection
/MasterClass/M143010027_ALU/Hws/HW1/gate_level/FLP_mul/Delay/round2/timing.sdf, 1928
module: FLP_mul, "instance: testbench.test_module"
  SDF Warning: The path from   b to mult_31.U2717.A1 doesn't have a simple 
  wire connection, delay will still be annotated.


Warning-[SDFCOM_SWC] Simple Wire Connection
/MasterClass/M143010027_ALU/Hws/HW1/gate_level/FLP_mul/Delay/round2/timing.sdf, 1929
module: FLP_mul, "instance: testbench.test_module"
  SDF Warning: The path from   a to mult_31.U2717.A2 doesn't have a simple 
  wire connection, delay will still be annotated.


Warning-[SDFCOM_SWC] Simple Wire Connection
/MasterClass/M143010027_ALU/Hws/HW1/gate_level/FLP_mul/Delay/round2/timing.sdf, 1930
module: FLP_mul, "instance: testbench.test_module"
  SDF Warning: The path from   b to mult_31.U2716.A1 doesn't have a simple 
  wire connection, delay will still be annotated.


Warning-[SDFCOM_SWC] Simple Wire Connection
/MasterClass/M143010027_ALU/Hws/HW1/gate_level/FLP_mul/Delay/round2/timing.sdf, 1931
module: FLP_mul, "instance: testbench.test_module"
  SDF Warning: The path from   a to mult_31.U2716.A2 doesn't have a simple 
  wire connection, delay will still be annotated.


Warning-[SDFCOM_SWC] Simple Wire Connection
/MasterClass/M143010027_ALU/Hws/HW1/gate_level/FLP_mul/Delay/round2/timing.sdf, 1932
module: FLP_mul, "instance: testbench.test_module"
  SDF Warning: The path from   b to mult_31.U2715.A1 doesn't have a simple 
  wire connection, delay will still be annotated.


Warning-[SDFCOM_SWC] Simple Wire Connection
/MasterClass/M143010027_ALU/Hws/HW1/gate_level/FLP_mul/Delay/round2/timing.sdf, 1933
module: FLP_mul, "instance: testbench.test_module"
  SDF Warning: The path from   a to mult_31.U2715.A2 doesn't have a simple 
  wire connection, delay will still be annotated.


Warning-[SDFCOM_SWC] Simple Wire Connection
/MasterClass/M143010027_ALU/Hws/HW1/gate_level/FLP_mul/Delay/round2/timing.sdf, 1940
module: FLP_mul, "instance: testbench.test_module"
  SDF Warning: The path from   a to mult_31.U2711.A1 doesn't have a simple 
  wire connection, delay will still be annotated.


Warning-[SDFCOM_SWC] Simple Wire Connection
/MasterClass/M143010027_ALU/Hws/HW1/gate_level/FLP_mul/Delay/round2/timing.sdf, 1941
module: FLP_mul, "instance: testbench.test_module"
  SDF Warning: The path from   a to mult_31.U2711.A2 doesn't have a simple 
  wire connection, delay will still be annotated.


Warning-[SDFCOM_SWC] Simple Wire Connection
/MasterClass/M143010027_ALU/Hws/HW1/gate_level/FLP_mul/Delay/round2/timing.sdf, 1946
module: FLP_mul, "instance: testbench.test_module"
  SDF Warning: The path from   b to mult_31.U2708.A1 doesn't have a simple 
  wire connection, delay will still be annotated.


Warning-[SDFCOM_SWC] Simple Wire Connection
/MasterClass/M143010027_ALU/Hws/HW1/gate_level/FLP_mul/Delay/round2/timing.sdf, 1947
module: FLP_mul, "instance: testbench.test_module"
  SDF Warning: The path from   a to mult_31.U2708.A2 doesn't have a simple 
  wire connection, delay will still be annotated.


Warning-[SDFCOM_SWC] Simple Wire Connection
/MasterClass/M143010027_ALU/Hws/HW1/gate_level/FLP_mul/Delay/round2/timing.sdf, 1948
module: FLP_mul, "instance: testbench.test_module"
  SDF Warning: The path from   b to mult_31.U2707.A1 doesn't have a simple 
  wire connection, delay will still be annotated.


Warning-[SDFCOM_SWC] Simple Wire Connection
/MasterClass/M143010027_ALU/Hws/HW1/gate_level/FLP_mul/Delay/round2/timing.sdf, 1949
module: FLP_mul, "instance: testbench.test_module"
  SDF Warning: The path from   a to mult_31.U2707.A2 doesn't have a simple 
  wire connection, delay will still be annotated.


Warning-[SDFCOM_SWC] Simple Wire Connection
/MasterClass/M143010027_ALU/Hws/HW1/gate_level/FLP_mul/Delay/round2/timing.sdf, 1950
module: FLP_mul, "instance: testbench.test_module"
  SDF Warning: The path from   b to mult_31.U2706.A1 doesn't have a simple 
  wire connection, delay will still be annotated.


Warning-[SDFCOM_SWC] Simple Wire Connection
/MasterClass/M143010027_ALU/Hws/HW1/gate_level/FLP_mul/Delay/round2/timing.sdf, 1951
module: FLP_mul, "instance: testbench.test_module"
  SDF Warning: The path from   a to mult_31.U2706.A2 doesn't have a simple 
  wire connection, delay will still be annotated.


Warning-[SDFCOM_SWC] Simple Wire Connection
/MasterClass/M143010027_ALU/Hws/HW1/gate_level/FLP_mul/Delay/round2/timing.sdf, 1990
module: FLP_mul, "instance: testbench.test_module"
  SDF Warning: The path from   b to mult_31.U2690.A2 doesn't have a simple 
  wire connection, delay will still be annotated.


Warning-[SDFCOM_SWC] Simple Wire Connection
/MasterClass/M143010027_ALU/Hws/HW1/gate_level/FLP_mul/Delay/round2/timing.sdf, 1992
module: FLP_mul, "instance: testbench.test_module"
  SDF Warning: The path from   b to mult_31.U2690.B2 doesn't have a simple 
  wire connection, delay will still be annotated.


Warning-[SDFCOM_SWC] Simple Wire Connection
/MasterClass/M143010027_ALU/Hws/HW1/gate_level/FLP_mul/Delay/round2/timing.sdf, 2001
module: FLP_mul, "instance: testbench.test_module"
  SDF Warning: The path from   b to mult_31.U2686.A1 doesn't have a simple 
  wire connection, delay will still be annotated.


Warning-[SDFCOM_SWC] Simple Wire Connection
/MasterClass/M143010027_ALU/Hws/HW1/gate_level/FLP_mul/Delay/round2/timing.sdf, 2002
module: FLP_mul, "instance: testbench.test_module"
  SDF Warning: The path from   b to mult_31.U2686.A2 doesn't have a simple 
  wire connection, delay will still be annotated.


Warning-[SDFCOM_SWC] Simple Wire Connection
/MasterClass/M143010027_ALU/Hws/HW1/gate_level/FLP_mul/Delay/round2/timing.sdf, 2004
module: FLP_mul, "instance: testbench.test_module"
  SDF Warning: The path from   b to mult_31.U2685.A2 doesn't have a simple 
  wire connection, delay will still be annotated.


Warning-[SDFCOM_SWC] Simple Wire Connection
/MasterClass/M143010027_ALU/Hws/HW1/gate_level/FLP_mul/Delay/round2/timing.sdf, 2006
module: FLP_mul, "instance: testbench.test_module"
  SDF Warning: The path from   b to mult_31.U2684.A2 doesn't have a simple 
  wire connection, delay will still be annotated.


Warning-[SDFCOM_SWC] Simple Wire Connection
/MasterClass/M143010027_ALU/Hws/HW1/gate_level/FLP_mul/Delay/round2/timing.sdf, 2009
module: FLP_mul, "instance: testbench.test_module"
  SDF Warning: The path from   b to mult_31.U2682.A1 doesn't have a simple 
  wire connection, delay will still be annotated.


Warning-[SDFCOM_SWC] Simple Wire Connection
/MasterClass/M143010027_ALU/Hws/HW1/gate_level/FLP_mul/Delay/round2/timing.sdf, 2010
module: FLP_mul, "instance: testbench.test_module"
  SDF Warning: The path from   b to mult_31.U2682.A2 doesn't have a simple 
  wire connection, delay will still be annotated.


Warning-[SDFCOM_SWC] Simple Wire Connection
/MasterClass/M143010027_ALU/Hws/HW1/gate_level/FLP_mul/Delay/round2/timing.sdf, 2032
module: FLP_mul, "instance: testbench.test_module"
  SDF Warning: The path from   b to mult_31.U2671.A1 doesn't have a simple 
  wire connection, delay will still be annotated.


Warning-[SDFCOM_SWC] Simple Wire Connection
/MasterClass/M143010027_ALU/Hws/HW1/gate_level/FLP_mul/Delay/round2/timing.sdf, 2033
module: FLP_mul, "instance: testbench.test_module"
  SDF Warning: The path from   a to mult_31.U2671.A2 doesn't have a simple 
  wire connection, delay will still be annotated.


Warning-[SDFCOM_SWC] Simple Wire Connection
/MasterClass/M143010027_ALU/Hws/HW1/gate_level/FLP_mul/Delay/round2/timing.sdf, 2071
module: FLP_mul, "instance: testbench.test_module"
  SDF Warning: The path from   b to mult_31.U2656.A1 doesn't have a simple 
  wire connection, delay will still be annotated.


Warning-[SDFCOM_SWC] Simple Wire Connection
/MasterClass/M143010027_ALU/Hws/HW1/gate_level/FLP_mul/Delay/round2/timing.sdf, 2072
module: FLP_mul, "instance: testbench.test_module"
  SDF Warning: The path from   a to mult_31.U2656.A2 doesn't have a simple 
  wire connection, delay will still be annotated.


Warning-[SDFCOM_SWC] Simple Wire Connection
/MasterClass/M143010027_ALU/Hws/HW1/gate_level/FLP_mul/Delay/round2/timing.sdf, 2073
module: FLP_mul, "instance: testbench.test_module"
  SDF Warning: The path from   b to mult_31.U2655.A1 doesn't have a simple 
  wire connection, delay will still be annotated.


Warning-[SDFCOM_SWC] Simple Wire Connection
/MasterClass/M143010027_ALU/Hws/HW1/gate_level/FLP_mul/Delay/round2/timing.sdf, 2074
module: FLP_mul, "instance: testbench.test_module"
  SDF Warning: The path from   a to mult_31.U2655.A2 doesn't have a simple 
  wire connection, delay will still be annotated.


Warning-[SDFCOM_SWC] Simple Wire Connection
/MasterClass/M143010027_ALU/Hws/HW1/gate_level/FLP_mul/Delay/round2/timing.sdf, 2110
module: FLP_mul, "instance: testbench.test_module"
  SDF Warning: The path from   b to mult_31.U2639.A1 doesn't have a simple 
  wire connection, delay will still be annotated.


Warning-[SDFCOM_SWC] Simple Wire Connection
/MasterClass/M143010027_ALU/Hws/HW1/gate_level/FLP_mul/Delay/round2/timing.sdf, 2111
module: FLP_mul, "instance: testbench.test_module"
  SDF Warning: The path from   b to mult_31.U2639.A2 doesn't have a simple 
  wire connection, delay will still be annotated.


Warning-[SDFCOM_SWC] Simple Wire Connection
/MasterClass/M143010027_ALU/Hws/HW1/gate_level/FLP_mul/Delay/round2/timing.sdf, 2113
module: FLP_mul, "instance: testbench.test_module"
  SDF Warning: The path from   b to mult_31.U2638.A2 doesn't have a simple 
  wire connection, delay will still be annotated.


Warning-[SDFCOM_SWC] Simple Wire Connection
/MasterClass/M143010027_ALU/Hws/HW1/gate_level/FLP_mul/Delay/round2/timing.sdf, 2115
module: FLP_mul, "instance: testbench.test_module"
  SDF Warning: The path from   b to mult_31.U2637.A2 doesn't have a simple 
  wire connection, delay will still be annotated.


Warning-[SDFCOM_SWC] Simple Wire Connection
/MasterClass/M143010027_ALU/Hws/HW1/gate_level/FLP_mul/Delay/round2/timing.sdf, 2116
module: FLP_mul, "instance: testbench.test_module"
  SDF Warning: The path from   b to mult_31.U2636.A1 doesn't have a simple 
  wire connection, delay will still be annotated.


Warning-[SDFCOM_SWC] Simple Wire Connection
/MasterClass/M143010027_ALU/Hws/HW1/gate_level/FLP_mul/Delay/round2/timing.sdf, 2117
module: FLP_mul, "instance: testbench.test_module"
  SDF Warning: The path from   b to mult_31.U2636.A2 doesn't have a simple 
  wire connection, delay will still be annotated.


Warning-[SDFCOM_SWC] Simple Wire Connection
/MasterClass/M143010027_ALU/Hws/HW1/gate_level/FLP_mul/Delay/round2/timing.sdf, 2140
module: FLP_mul, "instance: testbench.test_module"
  SDF Warning: The path from   b to mult_31.U2626.A2 doesn't have a simple 
  wire connection, delay will still be annotated.


Warning-[SDFCOM_SWC] Simple Wire Connection
/MasterClass/M143010027_ALU/Hws/HW1/gate_level/FLP_mul/Delay/round2/timing.sdf, 2142
module: FLP_mul, "instance: testbench.test_module"
  SDF Warning: The path from   b to mult_31.U2626.B2 doesn't have a simple 
  wire connection, delay will still be annotated.


Warning-[SDFCOM_SWC] Simple Wire Connection
/MasterClass/M143010027_ALU/Hws/HW1/gate_level/FLP_mul/Delay/round2/timing.sdf, 2179
module: FLP_mul, "instance: testbench.test_module"
  SDF Warning: The path from   b to mult_31.U2611.A2 doesn't have a simple 
  wire connection, delay will still be annotated.


Warning-[SDFCOM_SWC] Simple Wire Connection
/MasterClass/M143010027_ALU/Hws/HW1/gate_level/FLP_mul/Delay/round2/timing.sdf, 2181
module: FLP_mul, "instance: testbench.test_module"
  SDF Warning: The path from   b to mult_31.U2611.B2 doesn't have a simple 
  wire connection, delay will still be annotated.


Warning-[SDFCOM_SWC] Simple Wire Connection
/MasterClass/M143010027_ALU/Hws/HW1/gate_level/FLP_mul/Delay/round2/timing.sdf, 2182
module: FLP_mul, "instance: testbench.test_module"
  SDF Warning: The path from   b to mult_31.U2610.A1 doesn't have a simple 
  wire connection, delay will still be annotated.


Warning-[SDFCOM_SWC] Simple Wire Connection
/MasterClass/M143010027_ALU/Hws/HW1/gate_level/FLP_mul/Delay/round2/timing.sdf, 2183
module: FLP_mul, "instance: testbench.test_module"
  SDF Warning: The path from   a to mult_31.U2610.A2 doesn't have a simple 
  wire connection, delay will still be annotated.


Warning-[SDFCOM_SWC] Simple Wire Connection
/MasterClass/M143010027_ALU/Hws/HW1/gate_level/FLP_mul/Delay/round2/timing.sdf, 2184
module: FLP_mul, "instance: testbench.test_module"
  SDF Warning: The path from   b to mult_31.U2609.A1 doesn't have a simple 
  wire connection, delay will still be annotated.


Warning-[SDFCOM_SWC] Simple Wire Connection
/MasterClass/M143010027_ALU/Hws/HW1/gate_level/FLP_mul/Delay/round2/timing.sdf, 2185
module: FLP_mul, "instance: testbench.test_module"
  SDF Warning: The path from   a to mult_31.U2609.A2 doesn't have a simple 
  wire connection, delay will still be annotated.


Warning-[SDFCOM_SWC] Simple Wire Connection
/MasterClass/M143010027_ALU/Hws/HW1/gate_level/FLP_mul/Delay/round2/timing.sdf, 2186
module: FLP_mul, "instance: testbench.test_module"
  SDF Warning: The path from   b to mult_31.U2608.A1 doesn't have a simple 
  wire connection, delay will still be annotated.


Warning-[SDFCOM_SWC] Simple Wire Connection
/MasterClass/M143010027_ALU/Hws/HW1/gate_level/FLP_mul/Delay/round2/timing.sdf, 2187
module: FLP_mul, "instance: testbench.test_module"
  SDF Warning: The path from   a to mult_31.U2608.A2 doesn't have a simple 
  wire connection, delay will still be annotated.


Warning-[SDFCOM_SWC] Simple Wire Connection
/MasterClass/M143010027_ALU/Hws/HW1/gate_level/FLP_mul/Delay/round2/timing.sdf, 2188
module: FLP_mul, "instance: testbench.test_module"
  SDF Warning: The path from   b to mult_31.U2607.A1 doesn't have a simple 
  wire connection, delay will still be annotated.


Warning-[SDFCOM_SWC] Simple Wire Connection
/MasterClass/M143010027_ALU/Hws/HW1/gate_level/FLP_mul/Delay/round2/timing.sdf, 2189
module: FLP_mul, "instance: testbench.test_module"
  SDF Warning: The path from   a to mult_31.U2607.A2 doesn't have a simple 
  wire connection, delay will still be annotated.


Warning-[SDFCOM_SWC] Simple Wire Connection
/MasterClass/M143010027_ALU/Hws/HW1/gate_level/FLP_mul/Delay/round2/timing.sdf, 2190
module: FLP_mul, "instance: testbench.test_module"
  SDF Warning: The path from   b to mult_31.U2606.A1 doesn't have a simple 
  wire connection, delay will still be annotated.


Warning-[SDFCOM_SWC] Simple Wire Connection
/MasterClass/M143010027_ALU/Hws/HW1/gate_level/FLP_mul/Delay/round2/timing.sdf, 2191
module: FLP_mul, "instance: testbench.test_module"
  SDF Warning: The path from   a to mult_31.U2606.A2 doesn't have a simple 
  wire connection, delay will still be annotated.


Warning-[SDFCOM_SWC] Simple Wire Connection
/MasterClass/M143010027_ALU/Hws/HW1/gate_level/FLP_mul/Delay/round2/timing.sdf, 2192
module: FLP_mul, "instance: testbench.test_module"
  SDF Warning: The path from   b to mult_31.U2605.A1 doesn't have a simple 
  wire connection, delay will still be annotated.


Warning-[SDFCOM_SWC] Simple Wire Connection
/MasterClass/M143010027_ALU/Hws/HW1/gate_level/FLP_mul/Delay/round2/timing.sdf, 2193
module: FLP_mul, "instance: testbench.test_module"
  SDF Warning: The path from   a to mult_31.U2605.A2 doesn't have a simple 
  wire connection, delay will still be annotated.


Warning-[SDFCOM_SWC] Simple Wire Connection
/MasterClass/M143010027_ALU/Hws/HW1/gate_level/FLP_mul/Delay/round2/timing.sdf, 2203
module: FLP_mul, "instance: testbench.test_module"
  SDF Warning: The path from   a to mult_31.U2602.B2 doesn't have a simple 
  wire connection, delay will still be annotated.


Warning-[SDFCOM_SWC] Simple Wire Connection
/MasterClass/M143010027_ALU/Hws/HW1/gate_level/FLP_mul/Delay/round2/timing.sdf, 2222
module: FLP_mul, "instance: testbench.test_module"
  SDF Warning: The path from   b to mult_31.U2594.A1 doesn't have a simple 
  wire connection, delay will still be annotated.


Warning-[SDFCOM_SWC] Simple Wire Connection
/MasterClass/M143010027_ALU/Hws/HW1/gate_level/FLP_mul/Delay/round2/timing.sdf, 2223
module: FLP_mul, "instance: testbench.test_module"
  SDF Warning: The path from   a to mult_31.U2594.A2 doesn't have a simple 
  wire connection, delay will still be annotated.


Warning-[SDFCOM_SWC] Simple Wire Connection
/MasterClass/M143010027_ALU/Hws/HW1/gate_level/FLP_mul/Delay/round2/timing.sdf, 2224
module: FLP_mul, "instance: testbench.test_module"
  SDF Warning: The path from   a to mult_31.U2593.A1 doesn't have a simple 
  wire connection, delay will still be annotated.


Warning-[SDFCOM_SWC] Simple Wire Connection
/MasterClass/M143010027_ALU/Hws/HW1/gate_level/FLP_mul/Delay/round2/timing.sdf, 2225
module: FLP_mul, "instance: testbench.test_module"
  SDF Warning: The path from   a to mult_31.U2593.A2 doesn't have a simple 
  wire connection, delay will still be annotated.


Warning-[SDFCOM_SWC] Simple Wire Connection
/MasterClass/M143010027_ALU/Hws/HW1/gate_level/FLP_mul/Delay/round2/timing.sdf, 2281
module: FLP_mul, "instance: testbench.test_module"
  SDF Warning: The path from   b to mult_31.U2566.A1 doesn't have a simple 
  wire connection, delay will still be annotated.


Warning-[SDFCOM_SWC] Simple Wire Connection
/MasterClass/M143010027_ALU/Hws/HW1/gate_level/FLP_mul/Delay/round2/timing.sdf, 2282
module: FLP_mul, "instance: testbench.test_module"
  SDF Warning: The path from   a to mult_31.U2566.A2 doesn't have a simple 
  wire connection, delay will still be annotated.


Warning-[SDFCOM_SWC] Simple Wire Connection
/MasterClass/M143010027_ALU/Hws/HW1/gate_level/FLP_mul/Delay/round2/timing.sdf, 2283
module: FLP_mul, "instance: testbench.test_module"
  SDF Warning: The path from   b to mult_31.U2565.A1 doesn't have a simple 
  wire connection, delay will still be annotated.


Warning-[SDFCOM_SWC] Simple Wire Connection
/MasterClass/M143010027_ALU/Hws/HW1/gate_level/FLP_mul/Delay/round2/timing.sdf, 2284
module: FLP_mul, "instance: testbench.test_module"
  SDF Warning: The path from   a to mult_31.U2565.A2 doesn't have a simple 
  wire connection, delay will still be annotated.


Warning-[SDFCOM_SWC] Simple Wire Connection
/MasterClass/M143010027_ALU/Hws/HW1/gate_level/FLP_mul/Delay/round2/timing.sdf, 2285
module: FLP_mul, "instance: testbench.test_module"
  SDF Warning: The path from   b to mult_31.U2564.A1 doesn't have a simple 
  wire connection, delay will still be annotated.


Warning-[SDFCOM_SWC] Simple Wire Connection
/MasterClass/M143010027_ALU/Hws/HW1/gate_level/FLP_mul/Delay/round2/timing.sdf, 2286
module: FLP_mul, "instance: testbench.test_module"
  SDF Warning: The path from   a to mult_31.U2564.A2 doesn't have a simple 
  wire connection, delay will still be annotated.


Warning-[SDFCOM_SWC] Simple Wire Connection
/MasterClass/M143010027_ALU/Hws/HW1/gate_level/FLP_mul/Delay/round2/timing.sdf, 2410
module: FLP_mul, "instance: testbench.test_module"
  SDF Warning: The path from   a to mult_31.U2514.A1 doesn't have a simple 
  wire connection, delay will still be annotated.


Warning-[SDFCOM_SWC] Simple Wire Connection
/MasterClass/M143010027_ALU/Hws/HW1/gate_level/FLP_mul/Delay/round2/timing.sdf, 2411
module: FLP_mul, "instance: testbench.test_module"
  SDF Warning: The path from   a to mult_31.U2514.A2 doesn't have a simple 
  wire connection, delay will still be annotated.


Warning-[SDFCOM_SWC] Simple Wire Connection
/MasterClass/M143010027_ALU/Hws/HW1/gate_level/FLP_mul/Delay/round2/timing.sdf, 2412
module: FLP_mul, "instance: testbench.test_module"
  SDF Warning: The path from   a to mult_31.U2513.A1 doesn't have a simple 
  wire connection, delay will still be annotated.


Warning-[SDFCOM_SWC] Simple Wire Connection
/MasterClass/M143010027_ALU/Hws/HW1/gate_level/FLP_mul/Delay/round2/timing.sdf, 2413
module: FLP_mul, "instance: testbench.test_module"
  SDF Warning: The path from   a to mult_31.U2513.A2 doesn't have a simple 
  wire connection, delay will still be annotated.


Warning-[SDFCOM_SWC] Simple Wire Connection
/MasterClass/M143010027_ALU/Hws/HW1/gate_level/FLP_mul/Delay/round2/timing.sdf, 2422
module: FLP_mul, "instance: testbench.test_module"
  SDF Warning: The path from   a to mult_31.U2509.A1 doesn't have a simple 
  wire connection, delay will still be annotated.


Warning-[SDFCOM_SWC] Simple Wire Connection
/MasterClass/M143010027_ALU/Hws/HW1/gate_level/FLP_mul/Delay/round2/timing.sdf, 2423
module: FLP_mul, "instance: testbench.test_module"
  SDF Warning: The path from   a to mult_31.U2509.A2 doesn't have a simple 
  wire connection, delay will still be annotated.


Warning-[SDFCOM_SWC] Simple Wire Connection
/MasterClass/M143010027_ALU/Hws/HW1/gate_level/FLP_mul/Delay/round2/timing.sdf, 2424
module: FLP_mul, "instance: testbench.test_module"
  SDF Warning: The path from   a to mult_31.U2508.A1 doesn't have a simple 
  wire connection, delay will still be annotated.


Warning-[SDFCOM_SWC] Simple Wire Connection
/MasterClass/M143010027_ALU/Hws/HW1/gate_level/FLP_mul/Delay/round2/timing.sdf, 2425
module: FLP_mul, "instance: testbench.test_module"
  SDF Warning: The path from   a to mult_31.U2508.A2 doesn't have a simple 
  wire connection, delay will still be annotated.


Warning-[SDFCOM_SWC] Simple Wire Connection
/MasterClass/M143010027_ALU/Hws/HW1/gate_level/FLP_mul/Delay/round2/timing.sdf, 2431
module: FLP_mul, "instance: testbench.test_module"
  SDF Warning: The path from   a to mult_31.U2505.A1 doesn't have a simple 
  wire connection, delay will still be annotated.


Warning-[SDFCOM_SWC] Simple Wire Connection
/MasterClass/M143010027_ALU/Hws/HW1/gate_level/FLP_mul/Delay/round2/timing.sdf, 2432
module: FLP_mul, "instance: testbench.test_module"
  SDF Warning: The path from   a to mult_31.U2505.A2 doesn't have a simple 
  wire connection, delay will still be annotated.


Warning-[SDFCOM_SWC] Simple Wire Connection
/MasterClass/M143010027_ALU/Hws/HW1/gate_level/FLP_mul/Delay/round2/timing.sdf, 2439
module: FLP_mul, "instance: testbench.test_module"
  SDF Warning: The path from   b to mult_31.U2502.A2 doesn't have a simple 
  wire connection, delay will still be annotated.


Warning-[SDFCOM_SWC] Simple Wire Connection
/MasterClass/M143010027_ALU/Hws/HW1/gate_level/FLP_mul/Delay/round2/timing.sdf, 2457
module: FLP_mul, "instance: testbench.test_module"
  SDF Warning: The path from   a to mult_31.U2496.B2 doesn't have a simple 
  wire connection, delay will still be annotated.


Warning-[SDFCOM_SWC] Simple Wire Connection
/MasterClass/M143010027_ALU/Hws/HW1/gate_level/FLP_mul/Delay/round2/timing.sdf, 2463
module: FLP_mul, "instance: testbench.test_module"
  SDF Warning: The path from   b to mult_31.U2492.A1 doesn't have a simple 
  wire connection, delay will still be annotated.


Warning-[SDFCOM_SWC] Simple Wire Connection
/MasterClass/M143010027_ALU/Hws/HW1/gate_level/FLP_mul/Delay/round2/timing.sdf, 2464
module: FLP_mul, "instance: testbench.test_module"
  SDF Warning: The path from   a to mult_31.U2492.A2 doesn't have a simple 
  wire connection, delay will still be annotated.


Warning-[SDFCOM_SWC] Simple Wire Connection
/MasterClass/M143010027_ALU/Hws/HW1/gate_level/FLP_mul/Delay/round2/timing.sdf, 2465
module: FLP_mul, "instance: testbench.test_module"
  SDF Warning: The path from   a to mult_31.U2491.A1 doesn't have a simple 
  wire connection, delay will still be annotated.


Warning-[SDFCOM_SWC] Simple Wire Connection
/MasterClass/M143010027_ALU/Hws/HW1/gate_level/FLP_mul/Delay/round2/timing.sdf, 2466
module: FLP_mul, "instance: testbench.test_module"
  SDF Warning: The path from   a to mult_31.U2491.A2 doesn't have a simple 
  wire connection, delay will still be annotated.


Warning-[SDFCOM_SWC] Simple Wire Connection
/MasterClass/M143010027_ALU/Hws/HW1/gate_level/FLP_mul/Delay/round2/timing.sdf, 2474
module: FLP_mul, "instance: testbench.test_module"
  SDF Warning: The path from   b to mult_31.U2487.A1 doesn't have a simple 
  wire connection, delay will still be annotated.


Warning-[SDFCOM_SWC] Simple Wire Connection
/MasterClass/M143010027_ALU/Hws/HW1/gate_level/FLP_mul/Delay/round2/timing.sdf, 2475
module: FLP_mul, "instance: testbench.test_module"
  SDF Warning: The path from   a to mult_31.U2487.A2 doesn't have a simple 
  wire connection, delay will still be annotated.


Warning-[SDFCOM_SWC] Simple Wire Connection
/MasterClass/M143010027_ALU/Hws/HW1/gate_level/FLP_mul/Delay/round2/timing.sdf, 2476
module: FLP_mul, "instance: testbench.test_module"
  SDF Warning: The path from   b to mult_31.U2486.A1 doesn't have a simple 
  wire connection, delay will still be annotated.


Warning-[SDFCOM_SWC] Simple Wire Connection
/MasterClass/M143010027_ALU/Hws/HW1/gate_level/FLP_mul/Delay/round2/timing.sdf, 2477
module: FLP_mul, "instance: testbench.test_module"
  SDF Warning: The path from   a to mult_31.U2486.A2 doesn't have a simple 
  wire connection, delay will still be annotated.


Warning-[SDFCOM_SWC] Simple Wire Connection
/MasterClass/M143010027_ALU/Hws/HW1/gate_level/FLP_mul/Delay/round2/timing.sdf, 2502
module: FLP_mul, "instance: testbench.test_module"
  SDF Warning: The path from   a to mult_31.U2477.A1 doesn't have a simple 
  wire connection, delay will still be annotated.


Warning-[SDFCOM_SWC] Simple Wire Connection
/MasterClass/M143010027_ALU/Hws/HW1/gate_level/FLP_mul/Delay/round2/timing.sdf, 2503
module: FLP_mul, "instance: testbench.test_module"
  SDF Warning: The path from   a to mult_31.U2477.A2 doesn't have a simple 
  wire connection, delay will still be annotated.


Warning-[SDFCOM_SWC] Simple Wire Connection
/MasterClass/M143010027_ALU/Hws/HW1/gate_level/FLP_mul/Delay/round2/timing.sdf, 2538
module: FLP_mul, "instance: testbench.test_module"
  SDF Warning: The path from   b to mult_31.U2465.A1 doesn't have a simple 
  wire connection, delay will still be annotated.


Warning-[SDFCOM_SWC] Simple Wire Connection
/MasterClass/M143010027_ALU/Hws/HW1/gate_level/FLP_mul/Delay/round2/timing.sdf, 2539
module: FLP_mul, "instance: testbench.test_module"
  SDF Warning: The path from   a to mult_31.U2465.A2 doesn't have a simple 
  wire connection, delay will still be annotated.


Warning-[SDFCOM_SWC] Simple Wire Connection
/MasterClass/M143010027_ALU/Hws/HW1/gate_level/FLP_mul/Delay/round2/timing.sdf, 2546
module: FLP_mul, "instance: testbench.test_module"
  SDF Warning: The path from   b to mult_31.U2462.A1 doesn't have a simple 
  wire connection, delay will still be annotated.


Warning-[SDFCOM_SWC] Simple Wire Connection
/MasterClass/M143010027_ALU/Hws/HW1/gate_level/FLP_mul/Delay/round2/timing.sdf, 2547
module: FLP_mul, "instance: testbench.test_module"
  SDF Warning: The path from   a to mult_31.U2462.A2 doesn't have a simple 
  wire connection, delay will still be annotated.


Warning-[SDFCOM_SWC] Simple Wire Connection
/MasterClass/M143010027_ALU/Hws/HW1/gate_level/FLP_mul/Delay/round2/timing.sdf, 2556
module: FLP_mul, "instance: testbench.test_module"
  SDF Warning: The path from   b to mult_31.U2457.A1 doesn't have a simple 
  wire connection, delay will still be annotated.


Warning-[SDFCOM_SWC] Simple Wire Connection
/MasterClass/M143010027_ALU/Hws/HW1/gate_level/FLP_mul/Delay/round2/timing.sdf, 2557
module: FLP_mul, "instance: testbench.test_module"
  SDF Warning: The path from   a to mult_31.U2457.B1 doesn't have a simple 
  wire connection, delay will still be annotated.


Warning-[SDFCOM_SWC] Simple Wire Connection
/MasterClass/M143010027_ALU/Hws/HW1/gate_level/FLP_mul/Delay/round2/timing.sdf, 2592
module: FLP_mul, "instance: testbench.test_module"
  SDF Warning: The path from   b to mult_31.U2443.A1 doesn't have a simple 
  wire connection, delay will still be annotated.


Warning-[SDFCOM_SWC] Simple Wire Connection
/MasterClass/M143010027_ALU/Hws/HW1/gate_level/FLP_mul/Delay/round2/timing.sdf, 2593
module: FLP_mul, "instance: testbench.test_module"
  SDF Warning: The path from   a to mult_31.U2443.A2 doesn't have a simple 
  wire connection, delay will still be annotated.


Warning-[SDFCOM_SWC] Simple Wire Connection
/MasterClass/M143010027_ALU/Hws/HW1/gate_level/FLP_mul/Delay/round2/timing.sdf, 2605
module: FLP_mul, "instance: testbench.test_module"
  SDF Warning: The path from   a to mult_31.U2438.B2 doesn't have a simple 
  wire connection, delay will still be annotated.


Warning-[SDFCOM_SWC] Simple Wire Connection
/MasterClass/M143010027_ALU/Hws/HW1/gate_level/FLP_mul/Delay/round2/timing.sdf, 2656
module: FLP_mul, "instance: testbench.test_module"
  SDF Warning: The path from   b to mult_31.U2420.A2 doesn't have a simple 
  wire connection, delay will still be annotated.


Warning-[SDFCOM_SWC] Simple Wire Connection
/MasterClass/M143010027_ALU/Hws/HW1/gate_level/FLP_mul/Delay/round2/timing.sdf, 2658
module: FLP_mul, "instance: testbench.test_module"
  SDF Warning: The path from   b to mult_31.U2420.B2 doesn't have a simple 
  wire connection, delay will still be annotated.


Warning-[SDFCOM_SWC] Simple Wire Connection
/MasterClass/M143010027_ALU/Hws/HW1/gate_level/FLP_mul/Delay/round2/timing.sdf, 2660
module: FLP_mul, "instance: testbench.test_module"
  SDF Warning: The path from   b to mult_31.U2419.A2 doesn't have a simple 
  wire connection, delay will still be annotated.


Warning-[SDFCOM_SWC] Simple Wire Connection
/MasterClass/M143010027_ALU/Hws/HW1/gate_level/FLP_mul/Delay/round2/timing.sdf, 2662
module: FLP_mul, "instance: testbench.test_module"
  SDF Warning: The path from   b to mult_31.U2419.B2 doesn't have a simple 
  wire connection, delay will still be annotated.


Warning-[SDFCOM_SWC] Simple Wire Connection
/MasterClass/M143010027_ALU/Hws/HW1/gate_level/FLP_mul/Delay/round2/timing.sdf, 2665
module: FLP_mul, "instance: testbench.test_module"
  SDF Warning: The path from   a to mult_31.U2417.A1 doesn't have a simple 
  wire connection, delay will still be annotated.


Warning-[SDFCOM_SWC] Simple Wire Connection
/MasterClass/M143010027_ALU/Hws/HW1/gate_level/FLP_mul/Delay/round2/timing.sdf, 2666
module: FLP_mul, "instance: testbench.test_module"
  SDF Warning: The path from   a to mult_31.U2417.A2 doesn't have a simple 
  wire connection, delay will still be annotated.


Warning-[SDFCOM_SWC] Simple Wire Connection
/MasterClass/M143010027_ALU/Hws/HW1/gate_level/FLP_mul/Delay/round2/timing.sdf, 2684
module: FLP_mul, "instance: testbench.test_module"
  SDF Warning: The path from   a to mult_31.U2409.A1 doesn't have a simple 
  wire connection, delay will still be annotated.


Warning-[SDFCOM_SWC] Simple Wire Connection
/MasterClass/M143010027_ALU/Hws/HW1/gate_level/FLP_mul/Delay/round2/timing.sdf, 2685
module: FLP_mul, "instance: testbench.test_module"
  SDF Warning: The path from   a to mult_31.U2409.A2 doesn't have a simple 
  wire connection, delay will still be annotated.


Warning-[SDFCOM_SWC] Simple Wire Connection
/MasterClass/M143010027_ALU/Hws/HW1/gate_level/FLP_mul/Delay/round2/timing.sdf, 2686
module: FLP_mul, "instance: testbench.test_module"
  SDF Warning: The path from   a to mult_31.U2408.A1 doesn't have a simple 
  wire connection, delay will still be annotated.


Warning-[SDFCOM_SWC] Simple Wire Connection
/MasterClass/M143010027_ALU/Hws/HW1/gate_level/FLP_mul/Delay/round2/timing.sdf, 2687
module: FLP_mul, "instance: testbench.test_module"
  SDF Warning: The path from   a to mult_31.U2408.A2 doesn't have a simple 
  wire connection, delay will still be annotated.


Warning-[SDFCOM_SWC] Simple Wire Connection
/MasterClass/M143010027_ALU/Hws/HW1/gate_level/FLP_mul/Delay/round2/timing.sdf, 2737
module: FLP_mul, "instance: testbench.test_module"
  SDF Warning: The path from   a to mult_31.U2391.B2 doesn't have a simple 
  wire connection, delay will still be annotated.


Warning-[SDFCOM_SWC] Simple Wire Connection
/MasterClass/M143010027_ALU/Hws/HW1/gate_level/FLP_mul/Delay/round2/timing.sdf, 2742
module: FLP_mul, "instance: testbench.test_module"
  SDF Warning: The path from   b to mult_31.U2388.A1 doesn't have a simple 
  wire connection, delay will still be annotated.


Warning-[SDFCOM_SWC] Simple Wire Connection
/MasterClass/M143010027_ALU/Hws/HW1/gate_level/FLP_mul/Delay/round2/timing.sdf, 2743
module: FLP_mul, "instance: testbench.test_module"
  SDF Warning: The path from   a to mult_31.U2388.A2 doesn't have a simple 
  wire connection, delay will still be annotated.


Warning-[SDFCOM_SWC] Simple Wire Connection
/MasterClass/M143010027_ALU/Hws/HW1/gate_level/FLP_mul/Delay/round2/timing.sdf, 2744
module: FLP_mul, "instance: testbench.test_module"
  SDF Warning: The path from   a to mult_31.U2387.A1 doesn't have a simple 
  wire connection, delay will still be annotated.


Warning-[SDFCOM_SWC] Simple Wire Connection
/MasterClass/M143010027_ALU/Hws/HW1/gate_level/FLP_mul/Delay/round2/timing.sdf, 2753
module: FLP_mul, "instance: testbench.test_module"
  SDF Warning: The path from   b to mult_31.U2383.A1 doesn't have a simple 
  wire connection, delay will still be annotated.


Warning-[SDFCOM_SWC] Simple Wire Connection
/MasterClass/M143010027_ALU/Hws/HW1/gate_level/FLP_mul/Delay/round2/timing.sdf, 2754
module: FLP_mul, "instance: testbench.test_module"
  SDF Warning: The path from   a to mult_31.U2383.A2 doesn't have a simple 
  wire connection, delay will still be annotated.


Warning-[SDFCOM_SWC] Simple Wire Connection
/MasterClass/M143010027_ALU/Hws/HW1/gate_level/FLP_mul/Delay/round2/timing.sdf, 2762
module: FLP_mul, "instance: testbench.test_module"
  SDF Warning: The path from   b to mult_31.U2378.A doesn't have a simple wire
  connection, delay will still be annotated.


Warning-[SDFCOM_SWC] Simple Wire Connection
/MasterClass/M143010027_ALU/Hws/HW1/gate_level/FLP_mul/Delay/round2/timing.sdf, 2763
module: FLP_mul, "instance: testbench.test_module"
  SDF Warning: The path from   b to mult_31.U2378.B doesn't have a simple wire
  connection, delay will still be annotated.


Warning-[SDFCOM_SWC] Simple Wire Connection
/MasterClass/M143010027_ALU/Hws/HW1/gate_level/FLP_mul/Delay/round2/timing.sdf, 2775
module: FLP_mul, "instance: testbench.test_module"
  SDF Warning: The path from   a to mult_31.U2373.A1 doesn't have a simple 
  wire connection, delay will still be annotated.


Warning-[SDFCOM_SWC] Simple Wire Connection
/MasterClass/M143010027_ALU/Hws/HW1/gate_level/FLP_mul/Delay/round2/timing.sdf, 2776
module: FLP_mul, "instance: testbench.test_module"
  SDF Warning: The path from   a to mult_31.U2373.A2 doesn't have a simple 
  wire connection, delay will still be annotated.


Warning-[SDFCOM_SWC] Simple Wire Connection
/MasterClass/M143010027_ALU/Hws/HW1/gate_level/FLP_mul/Delay/round2/timing.sdf, 2777
module: FLP_mul, "instance: testbench.test_module"
  SDF Warning: The path from   a to mult_31.U2372.A1 doesn't have a simple 
  wire connection, delay will still be annotated.


Warning-[SDFCOM_SWC] Simple Wire Connection
/MasterClass/M143010027_ALU/Hws/HW1/gate_level/FLP_mul/Delay/round2/timing.sdf, 2778
module: FLP_mul, "instance: testbench.test_module"
  SDF Warning: The path from   a to mult_31.U2372.A2 doesn't have a simple 
  wire connection, delay will still be annotated.


Warning-[SDFCOM_SWC] Simple Wire Connection
/MasterClass/M143010027_ALU/Hws/HW1/gate_level/FLP_mul/Delay/round2/timing.sdf, 2786
module: FLP_mul, "instance: testbench.test_module"
  SDF Warning: The path from   b to mult_31.U2367.A1 doesn't have a simple 
  wire connection, delay will still be annotated.


Warning-[SDFCOM_SWC] Simple Wire Connection
/MasterClass/M143010027_ALU/Hws/HW1/gate_level/FLP_mul/Delay/round2/timing.sdf, 2787
module: FLP_mul, "instance: testbench.test_module"
  SDF Warning: The path from   a to mult_31.U2367.A2 doesn't have a simple 
  wire connection, delay will still be annotated.


Warning-[SDFCOM_SWC] Simple Wire Connection
/MasterClass/M143010027_ALU/Hws/HW1/gate_level/FLP_mul/Delay/round2/timing.sdf, 2813
module: FLP_mul, "instance: testbench.test_module"
  SDF Warning: The path from   a to mult_31.U2354.A1 doesn't have a simple 
  wire connection, delay will still be annotated.


Warning-[SDFCOM_SWC] Simple Wire Connection
/MasterClass/M143010027_ALU/Hws/HW1/gate_level/FLP_mul/Delay/round2/timing.sdf, 2814
module: FLP_mul, "instance: testbench.test_module"
  SDF Warning: The path from   a to mult_31.U2354.A2 doesn't have a simple 
  wire connection, delay will still be annotated.


Warning-[SDFCOM_SWC] Simple Wire Connection
/MasterClass/M143010027_ALU/Hws/HW1/gate_level/FLP_mul/Delay/round2/timing.sdf, 2839
module: FLP_mul, "instance: testbench.test_module"
  SDF Warning: The path from   b to mult_31.U2343.A1 doesn't have a simple 
  wire connection, delay will still be annotated.


Warning-[SDFCOM_SWC] Simple Wire Connection
/MasterClass/M143010027_ALU/Hws/HW1/gate_level/FLP_mul/Delay/round2/timing.sdf, 2840
module: FLP_mul, "instance: testbench.test_module"
  SDF Warning: The path from   a to mult_31.U2343.A2 doesn't have a simple 
  wire connection, delay will still be annotated.


Warning-[SDFCOM_SWC] Simple Wire Connection
/MasterClass/M143010027_ALU/Hws/HW1/gate_level/FLP_mul/Delay/round2/timing.sdf, 2851
module: FLP_mul, "instance: testbench.test_module"
  SDF Warning: The path from   b to mult_31.U2338.A1 doesn't have a simple 
  wire connection, delay will still be annotated.


Warning-[SDFCOM_SWC] Simple Wire Connection
/MasterClass/M143010027_ALU/Hws/HW1/gate_level/FLP_mul/Delay/round2/timing.sdf, 2852
module: FLP_mul, "instance: testbench.test_module"
  SDF Warning: The path from   a to mult_31.U2338.A2 doesn't have a simple 
  wire connection, delay will still be annotated.


Warning-[SDFCOM_SWC] Simple Wire Connection
/MasterClass/M143010027_ALU/Hws/HW1/gate_level/FLP_mul/Delay/round2/timing.sdf, 2853
module: FLP_mul, "instance: testbench.test_module"
  SDF Warning: The path from   b to mult_31.U2337.A1 doesn't have a simple 
  wire connection, delay will still be annotated.


Warning-[SDFCOM_SWC] Simple Wire Connection
/MasterClass/M143010027_ALU/Hws/HW1/gate_level/FLP_mul/Delay/round2/timing.sdf, 2854
module: FLP_mul, "instance: testbench.test_module"
  SDF Warning: The path from   a to mult_31.U2337.A2 doesn't have a simple 
  wire connection, delay will still be annotated.


Warning-[SDFCOM_SWC] Simple Wire Connection
/MasterClass/M143010027_ALU/Hws/HW1/gate_level/FLP_mul/Delay/round2/timing.sdf, 2855
module: FLP_mul, "instance: testbench.test_module"
  SDF Warning: The path from   b to mult_31.U2336.A1 doesn't have a simple 
  wire connection, delay will still be annotated.


Warning-[SDFCOM_SWC] Simple Wire Connection
/MasterClass/M143010027_ALU/Hws/HW1/gate_level/FLP_mul/Delay/round2/timing.sdf, 2856
module: FLP_mul, "instance: testbench.test_module"
  SDF Warning: The path from   a to mult_31.U2336.A2 doesn't have a simple 
  wire connection, delay will still be annotated.


Warning-[SDFCOM_SWC] Simple Wire Connection
/MasterClass/M143010027_ALU/Hws/HW1/gate_level/FLP_mul/Delay/round2/timing.sdf, 2857
module: FLP_mul, "instance: testbench.test_module"
  SDF Warning: The path from   b to mult_31.U2335.A1 doesn't have a simple 
  wire connection, delay will still be annotated.


Warning-[SDFCOM_SWC] Simple Wire Connection
/MasterClass/M143010027_ALU/Hws/HW1/gate_level/FLP_mul/Delay/round2/timing.sdf, 2858
module: FLP_mul, "instance: testbench.test_module"
  SDF Warning: The path from   a to mult_31.U2335.A2 doesn't have a simple 
  wire connection, delay will still be annotated.


Warning-[SDFCOM_SWC] Simple Wire Connection
/MasterClass/M143010027_ALU/Hws/HW1/gate_level/FLP_mul/Delay/round2/timing.sdf, 2859
module: FLP_mul, "instance: testbench.test_module"
  SDF Warning: The path from   b to mult_31.U2334.A1 doesn't have a simple 
  wire connection, delay will still be annotated.


Warning-[SDFCOM_SWC] Simple Wire Connection
/MasterClass/M143010027_ALU/Hws/HW1/gate_level/FLP_mul/Delay/round2/timing.sdf, 2860
module: FLP_mul, "instance: testbench.test_module"
  SDF Warning: The path from   a to mult_31.U2334.A2 doesn't have a simple 
  wire connection, delay will still be annotated.


Warning-[SDFCOM_SWC] Simple Wire Connection
/MasterClass/M143010027_ALU/Hws/HW1/gate_level/FLP_mul/Delay/round2/timing.sdf, 2871
module: FLP_mul, "instance: testbench.test_module"
  SDF Warning: The path from   b to mult_31.U2330.A2 doesn't have a simple 
  wire connection, delay will still be annotated.


Warning-[SDFCOM_SWC] Simple Wire Connection
/MasterClass/M143010027_ALU/Hws/HW1/gate_level/FLP_mul/Delay/round2/timing.sdf, 2873
module: FLP_mul, "instance: testbench.test_module"
  SDF Warning: The path from   b to mult_31.U2330.B2 doesn't have a simple 
  wire connection, delay will still be annotated.


Warning-[SDFCOM_SWC] Simple Wire Connection
/MasterClass/M143010027_ALU/Hws/HW1/gate_level/FLP_mul/Delay/round2/timing.sdf, 2880
module: FLP_mul, "instance: testbench.test_module"
  SDF Warning: The path from   a to mult_31.U2327.A1 doesn't have a simple 
  wire connection, delay will still be annotated.


Warning-[SDFCOM_SWC] Simple Wire Connection
/MasterClass/M143010027_ALU/Hws/HW1/gate_level/FLP_mul/Delay/round2/timing.sdf, 2881
module: FLP_mul, "instance: testbench.test_module"
  SDF Warning: The path from   a to mult_31.U2327.A2 doesn't have a simple 
  wire connection, delay will still be annotated.


Warning-[SDFCOM_SWC] Simple Wire Connection
/MasterClass/M143010027_ALU/Hws/HW1/gate_level/FLP_mul/Delay/round2/timing.sdf, 2917
module: FLP_mul, "instance: testbench.test_module"
  SDF Warning: The path from   a to mult_31.U2314.A1 doesn't have a simple 
  wire connection, delay will still be annotated.


Warning-[SDFCOM_SWC] Simple Wire Connection
/MasterClass/M143010027_ALU/Hws/HW1/gate_level/FLP_mul/Delay/round2/timing.sdf, 2918
module: FLP_mul, "instance: testbench.test_module"
  SDF Warning: The path from   a to mult_31.U2314.A2 doesn't have a simple 
  wire connection, delay will still be annotated.


Warning-[SDFCOM_SWC] Simple Wire Connection
/MasterClass/M143010027_ALU/Hws/HW1/gate_level/FLP_mul/Delay/round2/timing.sdf, 2919
module: FLP_mul, "instance: testbench.test_module"
  SDF Warning: The path from   b to mult_31.U2313.A1 doesn't have a simple 
  wire connection, delay will still be annotated.


Warning-[SDFCOM_SWC] Simple Wire Connection
/MasterClass/M143010027_ALU/Hws/HW1/gate_level/FLP_mul/Delay/round2/timing.sdf, 2920
module: FLP_mul, "instance: testbench.test_module"
  SDF Warning: The path from   a to mult_31.U2313.A2 doesn't have a simple 
  wire connection, delay will still be annotated.


Warning-[SDFCOM_SWC] Simple Wire Connection
/MasterClass/M143010027_ALU/Hws/HW1/gate_level/FLP_mul/Delay/round2/timing.sdf, 2932
module: FLP_mul, "instance: testbench.test_module"
  SDF Warning: The path from   a to mult_31.U2307.I doesn't have a simple wire
  connection, delay will still be annotated.


Warning-[SDFCOM_SWC] Simple Wire Connection
/MasterClass/M143010027_ALU/Hws/HW1/gate_level/FLP_mul/Delay/round2/timing.sdf, 2933
module: FLP_mul, "instance: testbench.test_module"
  SDF Warning: The path from   a to mult_31.U2306.A1 doesn't have a simple 
  wire connection, delay will still be annotated.


Warning-[SDFCOM_SWC] Simple Wire Connection
/MasterClass/M143010027_ALU/Hws/HW1/gate_level/FLP_mul/Delay/round2/timing.sdf, 2934
module: FLP_mul, "instance: testbench.test_module"
  SDF Warning: The path from   a to mult_31.U2306.A2 doesn't have a simple 
  wire connection, delay will still be annotated.


Warning-[SDFCOM_SWC] Simple Wire Connection
/MasterClass/M143010027_ALU/Hws/HW1/gate_level/FLP_mul/Delay/round2/timing.sdf, 2942
module: FLP_mul, "instance: testbench.test_module"
  SDF Warning: The path from   b to mult_31.U2303.A1 doesn't have a simple 
  wire connection, delay will still be annotated.


Warning-[SDFCOM_SWC] Simple Wire Connection
/MasterClass/M143010027_ALU/Hws/HW1/gate_level/FLP_mul/Delay/round2/timing.sdf, 2943
module: FLP_mul, "instance: testbench.test_module"
  SDF Warning: The path from   a to mult_31.U2303.A2 doesn't have a simple 
  wire connection, delay will still be annotated.


Warning-[SDFCOM_SWC] Simple Wire Connection
/MasterClass/M143010027_ALU/Hws/HW1/gate_level/FLP_mul/Delay/round2/timing.sdf, 2954
module: FLP_mul, "instance: testbench.test_module"
  SDF Warning: The path from   a to mult_31.U2297.A1 doesn't have a simple 
  wire connection, delay will still be annotated.


Warning-[SDFCOM_SWC] Simple Wire Connection
/MasterClass/M143010027_ALU/Hws/HW1/gate_level/FLP_mul/Delay/round2/timing.sdf, 2955
module: FLP_mul, "instance: testbench.test_module"
  SDF Warning: The path from   a to mult_31.U2297.A2 doesn't have a simple 
  wire connection, delay will still be annotated.


Warning-[SDFCOM_SWC] Simple Wire Connection
/MasterClass/M143010027_ALU/Hws/HW1/gate_level/FLP_mul/Delay/round2/timing.sdf, 2976
module: FLP_mul, "instance: testbench.test_module"
  SDF Warning: The path from   b to mult_31.U2289.A1 doesn't have a simple 
  wire connection, delay will still be annotated.


Warning-[SDFCOM_SWC] Simple Wire Connection
/MasterClass/M143010027_ALU/Hws/HW1/gate_level/FLP_mul/Delay/round2/timing.sdf, 2977
module: FLP_mul, "instance: testbench.test_module"
  SDF Warning: The path from   a to mult_31.U2289.A2 doesn't have a simple 
  wire connection, delay will still be annotated.


Warning-[SDFCOM_SWC] Simple Wire Connection
/MasterClass/M143010027_ALU/Hws/HW1/gate_level/FLP_mul/Delay/round2/timing.sdf, 2978
module: FLP_mul, "instance: testbench.test_module"
  SDF Warning: The path from   b to mult_31.U2288.A1 doesn't have a simple 
  wire connection, delay will still be annotated.


Warning-[SDFCOM_SWC] Simple Wire Connection
/MasterClass/M143010027_ALU/Hws/HW1/gate_level/FLP_mul/Delay/round2/timing.sdf, 2979
module: FLP_mul, "instance: testbench.test_module"
  SDF Warning: The path from   a to mult_31.U2288.A2 doesn't have a simple 
  wire connection, delay will still be annotated.


Warning-[SDFCOM_SWC] Simple Wire Connection
/MasterClass/M143010027_ALU/Hws/HW1/gate_level/FLP_mul/Delay/round2/timing.sdf, 2980
module: FLP_mul, "instance: testbench.test_module"
  SDF Warning: The path from   b to mult_31.U2287.A1 doesn't have a simple 
  wire connection, delay will still be annotated.


Warning-[SDFCOM_SWC] Simple Wire Connection
/MasterClass/M143010027_ALU/Hws/HW1/gate_level/FLP_mul/Delay/round2/timing.sdf, 2981
module: FLP_mul, "instance: testbench.test_module"
  SDF Warning: The path from   a to mult_31.U2287.A2 doesn't have a simple 
  wire connection, delay will still be annotated.


Warning-[SDFCOM_SWC] Simple Wire Connection
/MasterClass/M143010027_ALU/Hws/HW1/gate_level/FLP_mul/Delay/round2/timing.sdf, 2982
module: FLP_mul, "instance: testbench.test_module"
  SDF Warning: The path from   b to mult_31.U2286.A1 doesn't have a simple 
  wire connection, delay will still be annotated.


Warning-[SDFCOM_SWC] Simple Wire Connection
/MasterClass/M143010027_ALU/Hws/HW1/gate_level/FLP_mul/Delay/round2/timing.sdf, 2983
module: FLP_mul, "instance: testbench.test_module"
  SDF Warning: The path from   a to mult_31.U2286.A2 doesn't have a simple 
  wire connection, delay will still be annotated.


Warning-[SDFCOM_SWC] Simple Wire Connection
/MasterClass/M143010027_ALU/Hws/HW1/gate_level/FLP_mul/Delay/round2/timing.sdf, 2984
module: FLP_mul, "instance: testbench.test_module"
  SDF Warning: The path from   b to mult_31.U2285.A1 doesn't have a simple 
  wire connection, delay will still be annotated.


Warning-[SDFCOM_SWC] Simple Wire Connection
/MasterClass/M143010027_ALU/Hws/HW1/gate_level/FLP_mul/Delay/round2/timing.sdf, 2985
module: FLP_mul, "instance: testbench.test_module"
  SDF Warning: The path from   a to mult_31.U2285.A2 doesn't have a simple 
  wire connection, delay will still be annotated.


Warning-[SDFCOM_SWC] Simple Wire Connection
/MasterClass/M143010027_ALU/Hws/HW1/gate_level/FLP_mul/Delay/round2/timing.sdf, 2986
module: FLP_mul, "instance: testbench.test_module"
  SDF Warning: The path from   b to mult_31.U2284.A1 doesn't have a simple 
  wire connection, delay will still be annotated.


Warning-[SDFCOM_SWC] Simple Wire Connection
/MasterClass/M143010027_ALU/Hws/HW1/gate_level/FLP_mul/Delay/round2/timing.sdf, 2987
module: FLP_mul, "instance: testbench.test_module"
  SDF Warning: The path from   a to mult_31.U2284.A2 doesn't have a simple 
  wire connection, delay will still be annotated.


Warning-[SDFCOM_SWC] Simple Wire Connection
/MasterClass/M143010027_ALU/Hws/HW1/gate_level/FLP_mul/Delay/round2/timing.sdf, 2988
module: FLP_mul, "instance: testbench.test_module"
  SDF Warning: The path from   b to mult_31.U2283.A1 doesn't have a simple 
  wire connection, delay will still be annotated.


Warning-[SDFCOM_SWC] Simple Wire Connection
/MasterClass/M143010027_ALU/Hws/HW1/gate_level/FLP_mul/Delay/round2/timing.sdf, 2989
module: FLP_mul, "instance: testbench.test_module"
  SDF Warning: The path from   a to mult_31.U2283.A2 doesn't have a simple 
  wire connection, delay will still be annotated.


Warning-[SDFCOM_SWC] Simple Wire Connection
/MasterClass/M143010027_ALU/Hws/HW1/gate_level/FLP_mul/Delay/round2/timing.sdf, 2990
module: FLP_mul, "instance: testbench.test_module"
  SDF Warning: The path from   b to mult_31.U2282.A1 doesn't have a simple 
  wire connection, delay will still be annotated.


Warning-[SDFCOM_SWC] Simple Wire Connection
/MasterClass/M143010027_ALU/Hws/HW1/gate_level/FLP_mul/Delay/round2/timing.sdf, 2991
module: FLP_mul, "instance: testbench.test_module"
  SDF Warning: The path from   a to mult_31.U2282.A2 doesn't have a simple 
  wire connection, delay will still be annotated.


Warning-[SDFCOM_SWC] Simple Wire Connection
/MasterClass/M143010027_ALU/Hws/HW1/gate_level/FLP_mul/Delay/round2/timing.sdf, 2992
module: FLP_mul, "instance: testbench.test_module"
  SDF Warning: The path from   a to mult_31.U2281.A1 doesn't have a simple 
  wire connection, delay will still be annotated.


Warning-[SDFCOM_SWC] Simple Wire Connection
/MasterClass/M143010027_ALU/Hws/HW1/gate_level/FLP_mul/Delay/round2/timing.sdf, 2993
module: FLP_mul, "instance: testbench.test_module"
  SDF Warning: The path from   a to mult_31.U2281.A2 doesn't have a simple 
  wire connection, delay will still be annotated.


Warning-[SDFCOM_SWC] Simple Wire Connection
/MasterClass/M143010027_ALU/Hws/HW1/gate_level/FLP_mul/Delay/round2/timing.sdf, 2995
module: FLP_mul, "instance: testbench.test_module"
  SDF Warning: The path from   a to mult_31.U2279.A1 doesn't have a simple 
  wire connection, delay will still be annotated.


Warning-[SDFCOM_SWC] Simple Wire Connection
/MasterClass/M143010027_ALU/Hws/HW1/gate_level/FLP_mul/Delay/round2/timing.sdf, 2996
module: FLP_mul, "instance: testbench.test_module"
  SDF Warning: The path from   a to mult_31.U2279.A2 doesn't have a simple 
  wire connection, delay will still be annotated.


Warning-[SDFCOM_SWC] Simple Wire Connection
/MasterClass/M143010027_ALU/Hws/HW1/gate_level/FLP_mul/Delay/round2/timing.sdf, 3007
module: FLP_mul, "instance: testbench.test_module"
  SDF Warning: The path from   a to mult_31.U2276.S doesn't have a simple wire
  connection, delay will still be annotated.


Warning-[SDFCOM_SWC] Simple Wire Connection
/MasterClass/M143010027_ALU/Hws/HW1/gate_level/FLP_mul/Delay/round2/timing.sdf, 3008
module: FLP_mul, "instance: testbench.test_module"
  SDF Warning: The path from   a to mult_31.U2275.A1 doesn't have a simple 
  wire connection, delay will still be annotated.


Warning-[SDFCOM_SWC] Simple Wire Connection
/MasterClass/M143010027_ALU/Hws/HW1/gate_level/FLP_mul/Delay/round2/timing.sdf, 3009
module: FLP_mul, "instance: testbench.test_module"
  SDF Warning: The path from   a to mult_31.U2275.A2 doesn't have a simple 
  wire connection, delay will still be annotated.


Warning-[SDFCOM_SWC] Simple Wire Connection
/MasterClass/M143010027_ALU/Hws/HW1/gate_level/FLP_mul/Delay/round2/timing.sdf, 3010
module: FLP_mul, "instance: testbench.test_module"
  SDF Warning: The path from   a to mult_31.U2274.A1 doesn't have a simple 
  wire connection, delay will still be annotated.


Warning-[SDFCOM_SWC] Simple Wire Connection
/MasterClass/M143010027_ALU/Hws/HW1/gate_level/FLP_mul/Delay/round2/timing.sdf, 3011
module: FLP_mul, "instance: testbench.test_module"
  SDF Warning: The path from   a to mult_31.U2274.A2 doesn't have a simple 
  wire connection, delay will still be annotated.


Warning-[SDFCOM_SWC] Simple Wire Connection
/MasterClass/M143010027_ALU/Hws/HW1/gate_level/FLP_mul/Delay/round2/timing.sdf, 3014
module: FLP_mul, "instance: testbench.test_module"
  SDF Warning: The path from   a to mult_31.U2272.A1 doesn't have a simple 
  wire connection, delay will still be annotated.


Warning-[SDFCOM_SWC] Simple Wire Connection
/MasterClass/M143010027_ALU/Hws/HW1/gate_level/FLP_mul/Delay/round2/timing.sdf, 3015
module: FLP_mul, "instance: testbench.test_module"
  SDF Warning: The path from   a to mult_31.U2272.A2 doesn't have a simple 
  wire connection, delay will still be annotated.


Warning-[SDFCOM_SWC] Simple Wire Connection
/MasterClass/M143010027_ALU/Hws/HW1/gate_level/FLP_mul/Delay/round2/timing.sdf, 3016
module: FLP_mul, "instance: testbench.test_module"
  SDF Warning: The path from   a to mult_31.U2271.A1 doesn't have a simple 
  wire connection, delay will still be annotated.


Warning-[SDFCOM_SWC] Simple Wire Connection
/MasterClass/M143010027_ALU/Hws/HW1/gate_level/FLP_mul/Delay/round2/timing.sdf, 3017
module: FLP_mul, "instance: testbench.test_module"
  SDF Warning: The path from   a to mult_31.U2271.A2 doesn't have a simple 
  wire connection, delay will still be annotated.


Warning-[SDFCOM_SWC] Simple Wire Connection
/MasterClass/M143010027_ALU/Hws/HW1/gate_level/FLP_mul/Delay/round2/timing.sdf, 3020
module: FLP_mul, "instance: testbench.test_module"
  SDF Warning: The path from   b to mult_31.U2269.A1 doesn't have a simple 
  wire connection, delay will still be annotated.


Warning-[SDFCOM_SWC] Simple Wire Connection
/MasterClass/M143010027_ALU/Hws/HW1/gate_level/FLP_mul/Delay/round2/timing.sdf, 3021
module: FLP_mul, "instance: testbench.test_module"
  SDF Warning: The path from   a to mult_31.U2269.A2 doesn't have a simple 
  wire connection, delay will still be annotated.


Warning-[SDFCOM_SWC] Simple Wire Connection
/MasterClass/M143010027_ALU/Hws/HW1/gate_level/FLP_mul/Delay/round2/timing.sdf, 3029
module: FLP_mul, "instance: testbench.test_module"
  SDF Warning: The path from   a to mult_31.U2264.I doesn't have a simple wire
  connection, delay will still be annotated.


Warning-[SDFCOM_SWC] Simple Wire Connection
/MasterClass/M143010027_ALU/Hws/HW1/gate_level/FLP_mul/Delay/round2/timing.sdf, 3034
module: FLP_mul, "instance: testbench.test_module"
  SDF Warning: The path from   a to mult_31.U2261.A1 doesn't have a simple 
  wire connection, delay will still be annotated.


Warning-[SDFCOM_SWC] Simple Wire Connection
/MasterClass/M143010027_ALU/Hws/HW1/gate_level/FLP_mul/Delay/round2/timing.sdf, 3035
module: FLP_mul, "instance: testbench.test_module"
  SDF Warning: The path from   a to mult_31.U2261.A2 doesn't have a simple 
  wire connection, delay will still be annotated.


Warning-[SDFCOM_SWC] Simple Wire Connection
/MasterClass/M143010027_ALU/Hws/HW1/gate_level/FLP_mul/Delay/round2/timing.sdf, 3038
module: FLP_mul, "instance: testbench.test_module"
  SDF Warning: The path from   a to mult_31.U2259.A1 doesn't have a simple 
  wire connection, delay will still be annotated.


Warning-[SDFCOM_SWC] Simple Wire Connection
/MasterClass/M143010027_ALU/Hws/HW1/gate_level/FLP_mul/Delay/round2/timing.sdf, 3039
module: FLP_mul, "instance: testbench.test_module"
  SDF Warning: The path from   a to mult_31.U2259.A2 doesn't have a simple 
  wire connection, delay will still be annotated.


Warning-[SDFCOM_SWC] Simple Wire Connection
/MasterClass/M143010027_ALU/Hws/HW1/gate_level/FLP_mul/Delay/round2/timing.sdf, 3040
module: FLP_mul, "instance: testbench.test_module"
  SDF Warning: The path from   a to mult_31.U2258.A1 doesn't have a simple 
  wire connection, delay will still be annotated.


Warning-[SDFCOM_SWC] Simple Wire Connection
/MasterClass/M143010027_ALU/Hws/HW1/gate_level/FLP_mul/Delay/round2/timing.sdf, 3041
module: FLP_mul, "instance: testbench.test_module"
  SDF Warning: The path from   a to mult_31.U2258.A2 doesn't have a simple 
  wire connection, delay will still be annotated.


Warning-[SDFCOM_SWC] Simple Wire Connection
/MasterClass/M143010027_ALU/Hws/HW1/gate_level/FLP_mul/Delay/round2/timing.sdf, 3045
module: FLP_mul, "instance: testbench.test_module"
  SDF Warning: The path from   b to mult_31.U2255.A1 doesn't have a simple 
  wire connection, delay will still be annotated.


Warning-[SDFCOM_SWC] Simple Wire Connection
/MasterClass/M143010027_ALU/Hws/HW1/gate_level/FLP_mul/Delay/round2/timing.sdf, 3046
module: FLP_mul, "instance: testbench.test_module"
  SDF Warning: The path from   a to mult_31.U2255.A2 doesn't have a simple 
  wire connection, delay will still be annotated.


Warning-[SDFCOM_SWC] Simple Wire Connection
/MasterClass/M143010027_ALU/Hws/HW1/gate_level/FLP_mul/Delay/round2/timing.sdf, 3056
module: FLP_mul, "instance: testbench.test_module"
  SDF Warning: The path from   a to mult_31.U2249.I doesn't have a simple wire
  connection, delay will still be annotated.


Warning-[SDFCOM_SWC] Simple Wire Connection
/MasterClass/M143010027_ALU/Hws/HW1/gate_level/FLP_mul/Delay/round2/timing.sdf, 3059
module: FLP_mul, "instance: testbench.test_module"
  SDF Warning: The path from   b to mult_31.U2247.A1 doesn't have a simple 
  wire connection, delay will still be annotated.


Warning-[SDFCOM_SWC] Simple Wire Connection
/MasterClass/M143010027_ALU/Hws/HW1/gate_level/FLP_mul/Delay/round2/timing.sdf, 3060
module: FLP_mul, "instance: testbench.test_module"
  SDF Warning: The path from   a to mult_31.U2247.A2 doesn't have a simple 
  wire connection, delay will still be annotated.


Warning-[SDFCOM_SWC] Simple Wire Connection
/MasterClass/M143010027_ALU/Hws/HW1/gate_level/FLP_mul/Delay/round2/timing.sdf, 3064
module: FLP_mul, "instance: testbench.test_module"
  SDF Warning: The path from   b to mult_31.U2245.A1 doesn't have a simple 
  wire connection, delay will still be annotated.


Warning-[SDFCOM_SWC] Simple Wire Connection
/MasterClass/M143010027_ALU/Hws/HW1/gate_level/FLP_mul/Delay/round2/timing.sdf, 3070
module: FLP_mul, "instance: testbench.test_module"
  SDF Warning: The path from   a to mult_31.U2241.I doesn't have a simple wire
  connection, delay will still be annotated.


Warning-[SDFCOM_SWC] Simple Wire Connection
/MasterClass/M143010027_ALU/Hws/HW1/gate_level/FLP_mul/Delay/round2/timing.sdf, 3071
module: FLP_mul, "instance: testbench.test_module"
  SDF Warning: The path from   a to mult_31.U2240.I doesn't have a simple wire
  connection, delay will still be annotated.


Warning-[SDFCOM_SWC] Simple Wire Connection
/MasterClass/M143010027_ALU/Hws/HW1/gate_level/FLP_mul/Delay/round2/timing.sdf, 3072
module: FLP_mul, "instance: testbench.test_module"
  SDF Warning: The path from   b to mult_31.U2239.A1 doesn't have a simple 
  wire connection, delay will still be annotated.


Warning-[SDFCOM_SWC] Simple Wire Connection
/MasterClass/M143010027_ALU/Hws/HW1/gate_level/FLP_mul/Delay/round2/timing.sdf, 3074
module: FLP_mul, "instance: testbench.test_module"
  SDF Warning: The path from   b to mult_31.U2238.A1 doesn't have a simple 
  wire connection, delay will still be annotated.


Warning-[SDFCOM_SWC] Simple Wire Connection
/MasterClass/M143010027_ALU/Hws/HW1/gate_level/FLP_mul/Delay/round2/timing.sdf, 3075
module: FLP_mul, "instance: testbench.test_module"
  SDF Warning: The path from   a to mult_31.U2238.B1 doesn't have a simple 
  wire connection, delay will still be annotated.


Warning-[SDFCOM_SWC] Simple Wire Connection
/MasterClass/M143010027_ALU/Hws/HW1/gate_level/FLP_mul/Delay/round2/timing.sdf, 3076
module: FLP_mul, "instance: testbench.test_module"
  SDF Warning: The path from   b to mult_31.U2237.A1 doesn't have a simple 
  wire connection, delay will still be annotated.


Warning-[SDFCOM_SWC] Simple Wire Connection
/MasterClass/M143010027_ALU/Hws/HW1/gate_level/FLP_mul/Delay/round2/timing.sdf, 3078
module: FLP_mul, "instance: testbench.test_module"
  SDF Warning: The path from   b to mult_31.U2236.A1 doesn't have a simple 
  wire connection, delay will still be annotated.


Warning-[SDFCOM_SWC] Simple Wire Connection
/MasterClass/M143010027_ALU/Hws/HW1/gate_level/FLP_mul/Delay/round2/timing.sdf, 3079
module: FLP_mul, "instance: testbench.test_module"
  SDF Warning: The path from   a to mult_31.U2236.A2 doesn't have a simple 
  wire connection, delay will still be annotated.


Warning-[SDFCOM_SWC] Simple Wire Connection
/MasterClass/M143010027_ALU/Hws/HW1/gate_level/FLP_mul/Delay/round2/timing.sdf, 3080
module: FLP_mul, "instance: testbench.test_module"
  SDF Warning: The path from   b to mult_31.U2235.A1 doesn't have a simple 
  wire connection, delay will still be annotated.


Warning-[SDFCOM_SWC] Simple Wire Connection
/MasterClass/M143010027_ALU/Hws/HW1/gate_level/FLP_mul/Delay/round2/timing.sdf, 3090
module: FLP_mul, "instance: testbench.test_module"
  SDF Warning: The path from   a to mult_31.U2229.A1 doesn't have a simple 
  wire connection, delay will still be annotated.


Warning-[SDFCOM_SWC] Simple Wire Connection
/MasterClass/M143010027_ALU/Hws/HW1/gate_level/FLP_mul/Delay/round2/timing.sdf, 3091
module: FLP_mul, "instance: testbench.test_module"
  SDF Warning: The path from   a to mult_31.U2229.A2 doesn't have a simple 
  wire connection, delay will still be annotated.


Warning-[SDFCOM_SWC] Simple Wire Connection
/MasterClass/M143010027_ALU/Hws/HW1/gate_level/FLP_mul/Delay/round2/timing.sdf, 3151
module: FLP_mul, "instance: testbench.test_module"
  SDF Warning: The path from   a to mult_31.U2200.A1 doesn't have a simple 
  wire connection, delay will still be annotated.


Warning-[SDFCOM_SWC] Simple Wire Connection
/MasterClass/M143010027_ALU/Hws/HW1/gate_level/FLP_mul/Delay/round2/timing.sdf, 3152
module: FLP_mul, "instance: testbench.test_module"
  SDF Warning: The path from   a to mult_31.U2200.A2 doesn't have a simple 
  wire connection, delay will still be annotated.


Warning-[SDFCOM_SWC] Simple Wire Connection
/MasterClass/M143010027_ALU/Hws/HW1/gate_level/FLP_mul/Delay/round2/timing.sdf, 3153
module: FLP_mul, "instance: testbench.test_module"
  SDF Warning: The path from   a to mult_31.U2199.A1 doesn't have a simple 
  wire connection, delay will still be annotated.


Warning-[SDFCOM_SWC] Simple Wire Connection
/MasterClass/M143010027_ALU/Hws/HW1/gate_level/FLP_mul/Delay/round2/timing.sdf, 3154
module: FLP_mul, "instance: testbench.test_module"
  SDF Warning: The path from   a to mult_31.U2199.A2 doesn't have a simple 
  wire connection, delay will still be annotated.


Warning-[SDFCOM_SWC] Simple Wire Connection
/MasterClass/M143010027_ALU/Hws/HW1/gate_level/FLP_mul/Delay/round2/timing.sdf, 3156
module: FLP_mul, "instance: testbench.test_module"
  SDF Warning: The path from   b to mult_31.U2198.A2 doesn't have a simple 
  wire connection, delay will still be annotated.


Warning-[SDFCOM_SWC] Simple Wire Connection
/MasterClass/M143010027_ALU/Hws/HW1/gate_level/FLP_mul/Delay/round2/timing.sdf, 3158
module: FLP_mul, "instance: testbench.test_module"
  SDF Warning: The path from   b to mult_31.U2198.B2 doesn't have a simple 
  wire connection, delay will still be annotated.


Warning-[SDFCOM_SWC] Simple Wire Connection
/MasterClass/M143010027_ALU/Hws/HW1/gate_level/FLP_mul/Delay/round2/timing.sdf, 3204
module: FLP_mul, "instance: testbench.test_module"
  SDF Warning: The path from   b to mult_31.U2179.A1 doesn't have a simple 
  wire connection, delay will still be annotated.


Warning-[SDFCOM_SWC] Simple Wire Connection
/MasterClass/M143010027_ALU/Hws/HW1/gate_level/FLP_mul/Delay/round2/timing.sdf, 3205
module: FLP_mul, "instance: testbench.test_module"
  SDF Warning: The path from   a to mult_31.U2179.A2 doesn't have a simple 
  wire connection, delay will still be annotated.


Warning-[SDFCOM_SWC] Simple Wire Connection
/MasterClass/M143010027_ALU/Hws/HW1/gate_level/FLP_mul/Delay/round2/timing.sdf, 3206
module: FLP_mul, "instance: testbench.test_module"
  SDF Warning: The path from   b to mult_31.U2178.A1 doesn't have a simple 
  wire connection, delay will still be annotated.


Warning-[SDFCOM_SWC] Simple Wire Connection
/MasterClass/M143010027_ALU/Hws/HW1/gate_level/FLP_mul/Delay/round2/timing.sdf, 3207
module: FLP_mul, "instance: testbench.test_module"
  SDF Warning: The path from   a to mult_31.U2178.A2 doesn't have a simple 
  wire connection, delay will still be annotated.


Warning-[SDFCOM_SWC] Simple Wire Connection
/MasterClass/M143010027_ALU/Hws/HW1/gate_level/FLP_mul/Delay/round2/timing.sdf, 3208
module: FLP_mul, "instance: testbench.test_module"
  SDF Warning: The path from   b to mult_31.U2177.A1 doesn't have a simple 
  wire connection, delay will still be annotated.


Warning-[SDFCOM_SWC] Simple Wire Connection
/MasterClass/M143010027_ALU/Hws/HW1/gate_level/FLP_mul/Delay/round2/timing.sdf, 3209
module: FLP_mul, "instance: testbench.test_module"
  SDF Warning: The path from   a to mult_31.U2177.A2 doesn't have a simple 
  wire connection, delay will still be annotated.


Warning-[SDFCOM_SWC] Simple Wire Connection
/MasterClass/M143010027_ALU/Hws/HW1/gate_level/FLP_mul/Delay/round2/timing.sdf, 3210
module: FLP_mul, "instance: testbench.test_module"
  SDF Warning: The path from   b to mult_31.U2176.A1 doesn't have a simple 
  wire connection, delay will still be annotated.


Warning-[SDFCOM_SWC] Simple Wire Connection
/MasterClass/M143010027_ALU/Hws/HW1/gate_level/FLP_mul/Delay/round2/timing.sdf, 3211
module: FLP_mul, "instance: testbench.test_module"
  SDF Warning: The path from   a to mult_31.U2176.A2 doesn't have a simple 
  wire connection, delay will still be annotated.


Warning-[SDFCOM_SWC] Simple Wire Connection
/MasterClass/M143010027_ALU/Hws/HW1/gate_level/FLP_mul/Delay/round2/timing.sdf, 3212
module: FLP_mul, "instance: testbench.test_module"
  SDF Warning: The path from   b to mult_31.U2175.A1 doesn't have a simple 
  wire connection, delay will still be annotated.


Warning-[SDFCOM_SWC] Simple Wire Connection
/MasterClass/M143010027_ALU/Hws/HW1/gate_level/FLP_mul/Delay/round2/timing.sdf, 3213
module: FLP_mul, "instance: testbench.test_module"
  SDF Warning: The path from   a to mult_31.U2175.A2 doesn't have a simple 
  wire connection, delay will still be annotated.


Warning-[SDFCOM_SWC] Simple Wire Connection
/MasterClass/M143010027_ALU/Hws/HW1/gate_level/FLP_mul/Delay/round2/timing.sdf, 3214
module: FLP_mul, "instance: testbench.test_module"
  SDF Warning: The path from   b to mult_31.U2174.A1 doesn't have a simple 
  wire connection, delay will still be annotated.


Warning-[SDFCOM_SWC] Simple Wire Connection
/MasterClass/M143010027_ALU/Hws/HW1/gate_level/FLP_mul/Delay/round2/timing.sdf, 3215
module: FLP_mul, "instance: testbench.test_module"
  SDF Warning: The path from   a to mult_31.U2174.A2 doesn't have a simple 
  wire connection, delay will still be annotated.


Warning-[SDFCOM_SWC] Simple Wire Connection
/MasterClass/M143010027_ALU/Hws/HW1/gate_level/FLP_mul/Delay/round2/timing.sdf, 3216
module: FLP_mul, "instance: testbench.test_module"
  SDF Warning: The path from   b to mult_31.U2173.A1 doesn't have a simple 
  wire connection, delay will still be annotated.


Warning-[SDFCOM_SWC] Simple Wire Connection
/MasterClass/M143010027_ALU/Hws/HW1/gate_level/FLP_mul/Delay/round2/timing.sdf, 3217
module: FLP_mul, "instance: testbench.test_module"
  SDF Warning: The path from   a to mult_31.U2173.A2 doesn't have a simple 
  wire connection, delay will still be annotated.


Warning-[SDFCOM_SWC] Simple Wire Connection
/MasterClass/M143010027_ALU/Hws/HW1/gate_level/FLP_mul/Delay/round2/timing.sdf, 3218
module: FLP_mul, "instance: testbench.test_module"
  SDF Warning: The path from   b to mult_31.U2172.A1 doesn't have a simple 
  wire connection, delay will still be annotated.


Warning-[SDFCOM_SWC] Simple Wire Connection
/MasterClass/M143010027_ALU/Hws/HW1/gate_level/FLP_mul/Delay/round2/timing.sdf, 3219
module: FLP_mul, "instance: testbench.test_module"
  SDF Warning: The path from   a to mult_31.U2172.A2 doesn't have a simple 
  wire connection, delay will still be annotated.


Warning-[SDFCOM_SWC] Simple Wire Connection
/MasterClass/M143010027_ALU/Hws/HW1/gate_level/FLP_mul/Delay/round2/timing.sdf, 3220
module: FLP_mul, "instance: testbench.test_module"
  SDF Warning: The path from   b to mult_31.U2171.A1 doesn't have a simple 
  wire connection, delay will still be annotated.


Warning-[SDFCOM_SWC] Simple Wire Connection
/MasterClass/M143010027_ALU/Hws/HW1/gate_level/FLP_mul/Delay/round2/timing.sdf, 3221
module: FLP_mul, "instance: testbench.test_module"
  SDF Warning: The path from   a to mult_31.U2171.A2 doesn't have a simple 
  wire connection, delay will still be annotated.


Warning-[SDFCOM_SWC] Simple Wire Connection
/MasterClass/M143010027_ALU/Hws/HW1/gate_level/FLP_mul/Delay/round2/timing.sdf, 3222
module: FLP_mul, "instance: testbench.test_module"
  SDF Warning: The path from   b to mult_31.U2170.A1 doesn't have a simple 
  wire connection, delay will still be annotated.


Warning-[SDFCOM_SWC] Simple Wire Connection
/MasterClass/M143010027_ALU/Hws/HW1/gate_level/FLP_mul/Delay/round2/timing.sdf, 3223
module: FLP_mul, "instance: testbench.test_module"
  SDF Warning: The path from   a to mult_31.U2170.A2 doesn't have a simple 
  wire connection, delay will still be annotated.


Warning-[SDFCOM_SWC] Simple Wire Connection
/MasterClass/M143010027_ALU/Hws/HW1/gate_level/FLP_mul/Delay/round2/timing.sdf, 3224
module: FLP_mul, "instance: testbench.test_module"
  SDF Warning: The path from   b to mult_31.U2169.A1 doesn't have a simple 
  wire connection, delay will still be annotated.


Warning-[SDFCOM_SWC] Simple Wire Connection
/MasterClass/M143010027_ALU/Hws/HW1/gate_level/FLP_mul/Delay/round2/timing.sdf, 3225
module: FLP_mul, "instance: testbench.test_module"
  SDF Warning: The path from   a to mult_31.U2169.A2 doesn't have a simple 
  wire connection, delay will still be annotated.


Warning-[SDFCOM_SWC] Simple Wire Connection
/MasterClass/M143010027_ALU/Hws/HW1/gate_level/FLP_mul/Delay/round2/timing.sdf, 3226
module: FLP_mul, "instance: testbench.test_module"
  SDF Warning: The path from   b to mult_31.U2168.A1 doesn't have a simple 
  wire connection, delay will still be annotated.


Warning-[SDFCOM_SWC] Simple Wire Connection
/MasterClass/M143010027_ALU/Hws/HW1/gate_level/FLP_mul/Delay/round2/timing.sdf, 3227
module: FLP_mul, "instance: testbench.test_module"
  SDF Warning: The path from   a to mult_31.U2168.A2 doesn't have a simple 
  wire connection, delay will still be annotated.


Warning-[SDFCOM_SWC] Simple Wire Connection
/MasterClass/M143010027_ALU/Hws/HW1/gate_level/FLP_mul/Delay/round2/timing.sdf, 3232
module: FLP_mul, "instance: testbench.test_module"
  SDF Warning: The path from   b to mult_31.U2166.A1 doesn't have a simple 
  wire connection, delay will still be annotated.


Warning-[SDFCOM_SWC] Simple Wire Connection
/MasterClass/M143010027_ALU/Hws/HW1/gate_level/FLP_mul/Delay/round2/timing.sdf, 3247
module: FLP_mul, "instance: testbench.test_module"
  SDF Warning: The path from   b to mult_31.U2159.A1 doesn't have a simple 
  wire connection, delay will still be annotated.


Warning-[SDFCOM_SWC] Simple Wire Connection
/MasterClass/M143010027_ALU/Hws/HW1/gate_level/FLP_mul/Delay/round2/timing.sdf, 3248
module: FLP_mul, "instance: testbench.test_module"
  SDF Warning: The path from   a to mult_31.U2159.A2 doesn't have a simple 
  wire connection, delay will still be annotated.


Warning-[SDFCOM_SWC] Simple Wire Connection
/MasterClass/M143010027_ALU/Hws/HW1/gate_level/FLP_mul/Delay/round2/timing.sdf, 3249
module: FLP_mul, "instance: testbench.test_module"
  SDF Warning: The path from   b to mult_31.U2158.A1 doesn't have a simple 
  wire connection, delay will still be annotated.


Warning-[SDFCOM_SWC] Simple Wire Connection
/MasterClass/M143010027_ALU/Hws/HW1/gate_level/FLP_mul/Delay/round2/timing.sdf, 3250
module: FLP_mul, "instance: testbench.test_module"
  SDF Warning: The path from   a to mult_31.U2158.A2 doesn't have a simple 
  wire connection, delay will still be annotated.


Warning-[SDFCOM_SWC] Simple Wire Connection
/MasterClass/M143010027_ALU/Hws/HW1/gate_level/FLP_mul/Delay/round2/timing.sdf, 3251
module: FLP_mul, "instance: testbench.test_module"
  SDF Warning: The path from   a to mult_31.U2157.I doesn't have a simple wire
  connection, delay will still be annotated.


Warning-[SDFCOM_SWC] Simple Wire Connection
/MasterClass/M143010027_ALU/Hws/HW1/gate_level/FLP_mul/Delay/round2/timing.sdf, 3252
module: FLP_mul, "instance: testbench.test_module"
  SDF Warning: The path from   b to mult_31.U2156.A1 doesn't have a simple 
  wire connection, delay will still be annotated.


Warning-[SDFCOM_SWC] Simple Wire Connection
/MasterClass/M143010027_ALU/Hws/HW1/gate_level/FLP_mul/Delay/round2/timing.sdf, 3253
module: FLP_mul, "instance: testbench.test_module"
  SDF Warning: The path from   a to mult_31.U2156.A2 doesn't have a simple 
  wire connection, delay will still be annotated.


Warning-[SDFCOM_SWC] Simple Wire Connection
/MasterClass/M143010027_ALU/Hws/HW1/gate_level/FLP_mul/Delay/round2/timing.sdf, 3254
module: FLP_mul, "instance: testbench.test_module"
  SDF Warning: The path from   b to mult_31.U2155.A1 doesn't have a simple 
  wire connection, delay will still be annotated.


Warning-[SDFCOM_SWC] Simple Wire Connection
/MasterClass/M143010027_ALU/Hws/HW1/gate_level/FLP_mul/Delay/round2/timing.sdf, 3255
module: FLP_mul, "instance: testbench.test_module"
  SDF Warning: The path from   a to mult_31.U2155.A2 doesn't have a simple 
  wire connection, delay will still be annotated.


Warning-[SDFCOM_SWC] Simple Wire Connection
/MasterClass/M143010027_ALU/Hws/HW1/gate_level/FLP_mul/Delay/round2/timing.sdf, 3256
module: FLP_mul, "instance: testbench.test_module"
  SDF Warning: The path from   b to mult_31.U2154.A1 doesn't have a simple 
  wire connection, delay will still be annotated.


Warning-[SDFCOM_SWC] Simple Wire Connection
/MasterClass/M143010027_ALU/Hws/HW1/gate_level/FLP_mul/Delay/round2/timing.sdf, 3257
module: FLP_mul, "instance: testbench.test_module"
  SDF Warning: The path from   a to mult_31.U2154.A2 doesn't have a simple 
  wire connection, delay will still be annotated.


Warning-[SDFCOM_SWC] Simple Wire Connection
/MasterClass/M143010027_ALU/Hws/HW1/gate_level/FLP_mul/Delay/round2/timing.sdf, 3258
module: FLP_mul, "instance: testbench.test_module"
  SDF Warning: The path from   b to mult_31.U2153.A1 doesn't have a simple 
  wire connection, delay will still be annotated.


Warning-[SDFCOM_SWC] Simple Wire Connection
/MasterClass/M143010027_ALU/Hws/HW1/gate_level/FLP_mul/Delay/round2/timing.sdf, 3259
module: FLP_mul, "instance: testbench.test_module"
  SDF Warning: The path from   a to mult_31.U2153.A2 doesn't have a simple 
  wire connection, delay will still be annotated.


Warning-[SDFCOM_SWC] Simple Wire Connection
/MasterClass/M143010027_ALU/Hws/HW1/gate_level/FLP_mul/Delay/round2/timing.sdf, 3260
module: FLP_mul, "instance: testbench.test_module"
  SDF Warning: The path from   a to mult_31.U2152.A1 doesn't have a simple 
  wire connection, delay will still be annotated.


Warning-[SDFCOM_SWC] Simple Wire Connection
/MasterClass/M143010027_ALU/Hws/HW1/gate_level/FLP_mul/Delay/round2/timing.sdf, 3261
module: FLP_mul, "instance: testbench.test_module"
  SDF Warning: The path from   a to mult_31.U2152.A2 doesn't have a simple 
  wire connection, delay will still be annotated.


Warning-[SDFCOM_SWC] Simple Wire Connection
/MasterClass/M143010027_ALU/Hws/HW1/gate_level/FLP_mul/Delay/round2/timing.sdf, 3262
module: FLP_mul, "instance: testbench.test_module"
  SDF Warning: The path from   b to mult_31.U2151.A1 doesn't have a simple 
  wire connection, delay will still be annotated.


Warning-[SDFCOM_SWC] Simple Wire Connection
/MasterClass/M143010027_ALU/Hws/HW1/gate_level/FLP_mul/Delay/round2/timing.sdf, 3263
module: FLP_mul, "instance: testbench.test_module"
  SDF Warning: The path from   a to mult_31.U2151.A2 doesn't have a simple 
  wire connection, delay will still be annotated.


Warning-[SDFCOM_SWC] Simple Wire Connection
/MasterClass/M143010027_ALU/Hws/HW1/gate_level/FLP_mul/Delay/round2/timing.sdf, 3272
module: FLP_mul, "instance: testbench.test_module"
  SDF Warning: The path from   b to mult_31.U2146.A1 doesn't have a simple 
  wire connection, delay will still be annotated.


Warning-[SDFCOM_SWC] Simple Wire Connection
/MasterClass/M143010027_ALU/Hws/HW1/gate_level/FLP_mul/Delay/round2/timing.sdf, 3273
module: FLP_mul, "instance: testbench.test_module"
  SDF Warning: The path from   a to mult_31.U2146.A2 doesn't have a simple 
  wire connection, delay will still be annotated.


Warning-[SDFCOM_SWC] Simple Wire Connection
/MasterClass/M143010027_ALU/Hws/HW1/gate_level/FLP_mul/Delay/round2/timing.sdf, 3274
module: FLP_mul, "instance: testbench.test_module"
  SDF Warning: The path from   b to mult_31.U2145.A1 doesn't have a simple 
  wire connection, delay will still be annotated.


Warning-[SDFCOM_SWC] Simple Wire Connection
/MasterClass/M143010027_ALU/Hws/HW1/gate_level/FLP_mul/Delay/round2/timing.sdf, 3275
module: FLP_mul, "instance: testbench.test_module"
  SDF Warning: The path from   a to mult_31.U2145.A2 doesn't have a simple 
  wire connection, delay will still be annotated.


Warning-[SDFCOM_SWC] Simple Wire Connection
/MasterClass/M143010027_ALU/Hws/HW1/gate_level/FLP_mul/Delay/round2/timing.sdf, 3276
module: FLP_mul, "instance: testbench.test_module"
  SDF Warning: The path from   b to mult_31.U2144.A1 doesn't have a simple 
  wire connection, delay will still be annotated.


Warning-[SDFCOM_SWC] Simple Wire Connection
/MasterClass/M143010027_ALU/Hws/HW1/gate_level/FLP_mul/Delay/round2/timing.sdf, 3277
module: FLP_mul, "instance: testbench.test_module"
  SDF Warning: The path from   a to mult_31.U2144.A2 doesn't have a simple 
  wire connection, delay will still be annotated.


Warning-[SDFCOM_SWC] Simple Wire Connection
/MasterClass/M143010027_ALU/Hws/HW1/gate_level/FLP_mul/Delay/round2/timing.sdf, 3278
module: FLP_mul, "instance: testbench.test_module"
  SDF Warning: The path from   b to mult_31.U2143.A1 doesn't have a simple 
  wire connection, delay will still be annotated.


Warning-[SDFCOM_SWC] Simple Wire Connection
/MasterClass/M143010027_ALU/Hws/HW1/gate_level/FLP_mul/Delay/round2/timing.sdf, 3279
module: FLP_mul, "instance: testbench.test_module"
  SDF Warning: The path from   a to mult_31.U2143.A2 doesn't have a simple 
  wire connection, delay will still be annotated.


Warning-[SDFCOM_SWC] Simple Wire Connection
/MasterClass/M143010027_ALU/Hws/HW1/gate_level/FLP_mul/Delay/round2/timing.sdf, 3282
module: FLP_mul, "instance: testbench.test_module"
  SDF Warning: The path from   b to mult_31.U2141.A1 doesn't have a simple 
  wire connection, delay will still be annotated.


Warning-[SDFCOM_SWC] Simple Wire Connection
/MasterClass/M143010027_ALU/Hws/HW1/gate_level/FLP_mul/Delay/round2/timing.sdf, 3283
module: FLP_mul, "instance: testbench.test_module"
  SDF Warning: The path from   a to mult_31.U2141.A2 doesn't have a simple 
  wire connection, delay will still be annotated.


Warning-[SDFCOM_SWC] Simple Wire Connection
/MasterClass/M143010027_ALU/Hws/HW1/gate_level/FLP_mul/Delay/round2/timing.sdf, 3284
module: FLP_mul, "instance: testbench.test_module"
  SDF Warning: The path from   b to mult_31.U2140.A1 doesn't have a simple 
  wire connection, delay will still be annotated.


Warning-[SDFCOM_SWC] Simple Wire Connection
/MasterClass/M143010027_ALU/Hws/HW1/gate_level/FLP_mul/Delay/round2/timing.sdf, 3285
module: FLP_mul, "instance: testbench.test_module"
  SDF Warning: The path from   a to mult_31.U2140.A2 doesn't have a simple 
  wire connection, delay will still be annotated.


Warning-[SDFCOM_SWC] Simple Wire Connection
/MasterClass/M143010027_ALU/Hws/HW1/gate_level/FLP_mul/Delay/round2/timing.sdf, 3286
module: FLP_mul, "instance: testbench.test_module"
  SDF Warning: The path from   a to mult_31.U2139.A1 doesn't have a simple 
  wire connection, delay will still be annotated.


Warning-[SDFCOM_SWC] Simple Wire Connection
/MasterClass/M143010027_ALU/Hws/HW1/gate_level/FLP_mul/Delay/round2/timing.sdf, 3287
module: FLP_mul, "instance: testbench.test_module"
  SDF Warning: The path from   a to mult_31.U2139.A2 doesn't have a simple 
  wire connection, delay will still be annotated.


Warning-[SDFCOM_SWC] Simple Wire Connection
/MasterClass/M143010027_ALU/Hws/HW1/gate_level/FLP_mul/Delay/round2/timing.sdf, 3291
module: FLP_mul, "instance: testbench.test_module"
  SDF Warning: The path from   b to mult_31.U2137.A1 doesn't have a simple 
  wire connection, delay will still be annotated.


Warning-[SDFCOM_SWC] Simple Wire Connection
/MasterClass/M143010027_ALU/Hws/HW1/gate_level/FLP_mul/Delay/round2/timing.sdf, 3292
module: FLP_mul, "instance: testbench.test_module"
  SDF Warning: The path from   a to mult_31.U2137.A2 doesn't have a simple 
  wire connection, delay will still be annotated.


Warning-[SDFCOM_SWC] Simple Wire Connection
/MasterClass/M143010027_ALU/Hws/HW1/gate_level/FLP_mul/Delay/round2/timing.sdf, 3293
module: FLP_mul, "instance: testbench.test_module"
  SDF Warning: The path from   b to mult_31.U2136.A1 doesn't have a simple 
  wire connection, delay will still be annotated.


Warning-[SDFCOM_SWC] Simple Wire Connection
/MasterClass/M143010027_ALU/Hws/HW1/gate_level/FLP_mul/Delay/round2/timing.sdf, 3294
module: FLP_mul, "instance: testbench.test_module"
  SDF Warning: The path from   a to mult_31.U2136.A2 doesn't have a simple 
  wire connection, delay will still be annotated.


Warning-[SDFCOM_SWC] Simple Wire Connection
/MasterClass/M143010027_ALU/Hws/HW1/gate_level/FLP_mul/Delay/round2/timing.sdf, 3295
module: FLP_mul, "instance: testbench.test_module"
  SDF Warning: The path from   b to mult_31.U2135.A1 doesn't have a simple 
  wire connection, delay will still be annotated.


Warning-[SDFCOM_SWC] Simple Wire Connection
/MasterClass/M143010027_ALU/Hws/HW1/gate_level/FLP_mul/Delay/round2/timing.sdf, 3296
module: FLP_mul, "instance: testbench.test_module"
  SDF Warning: The path from   a to mult_31.U2135.A2 doesn't have a simple 
  wire connection, delay will still be annotated.


Warning-[SDFCOM_SWC] Simple Wire Connection
/MasterClass/M143010027_ALU/Hws/HW1/gate_level/FLP_mul/Delay/round2/timing.sdf, 3297
module: FLP_mul, "instance: testbench.test_module"
  SDF Warning: The path from   a to mult_31.U2134.A1 doesn't have a simple 
  wire connection, delay will still be annotated.


Warning-[SDFCOM_SWC] Simple Wire Connection
/MasterClass/M143010027_ALU/Hws/HW1/gate_level/FLP_mul/Delay/round2/timing.sdf, 3299
module: FLP_mul, "instance: testbench.test_module"
  SDF Warning: The path from   b to mult_31.U2133.A1 doesn't have a simple 
  wire connection, delay will still be annotated.


Warning-[SDFCOM_SWC] Simple Wire Connection
/MasterClass/M143010027_ALU/Hws/HW1/gate_level/FLP_mul/Delay/round2/timing.sdf, 3300
module: FLP_mul, "instance: testbench.test_module"
  SDF Warning: The path from   a to mult_31.U2133.A2 doesn't have a simple 
  wire connection, delay will still be annotated.


Warning-[SDFCOM_SWC] Simple Wire Connection
/MasterClass/M143010027_ALU/Hws/HW1/gate_level/FLP_mul/Delay/round2/timing.sdf, 3301
module: FLP_mul, "instance: testbench.test_module"
  SDF Warning: The path from   b to mult_31.U2132.A1 doesn't have a simple 
  wire connection, delay will still be annotated.


Warning-[SDFCOM_SWC] Simple Wire Connection
/MasterClass/M143010027_ALU/Hws/HW1/gate_level/FLP_mul/Delay/round2/timing.sdf, 3303
module: FLP_mul, "instance: testbench.test_module"
  SDF Warning: The path from   b to mult_31.U2131.A1 doesn't have a simple 
  wire connection, delay will still be annotated.


Warning-[SDFCOM_SWC] Simple Wire Connection
/MasterClass/M143010027_ALU/Hws/HW1/gate_level/FLP_mul/Delay/round2/timing.sdf, 3305
module: FLP_mul, "instance: testbench.test_module"
  SDF Warning: The path from   b to mult_31.U2130.A1 doesn't have a simple 
  wire connection, delay will still be annotated.


Warning-[SDFCOM_SWC] Simple Wire Connection
/MasterClass/M143010027_ALU/Hws/HW1/gate_level/FLP_mul/Delay/round2/timing.sdf, 3307
module: FLP_mul, "instance: testbench.test_module"
  SDF Warning: The path from   b to mult_31.U2129.A1 doesn't have a simple 
  wire connection, delay will still be annotated.


Warning-[SDFCOM_SWC] Simple Wire Connection
/MasterClass/M143010027_ALU/Hws/HW1/gate_level/FLP_mul/Delay/round2/timing.sdf, 3308
module: FLP_mul, "instance: testbench.test_module"
  SDF Warning: The path from   a to mult_31.U2129.A2 doesn't have a simple 
  wire connection, delay will still be annotated.


Warning-[SDFCOM_SWC] Simple Wire Connection
/MasterClass/M143010027_ALU/Hws/HW1/gate_level/FLP_mul/Delay/round2/timing.sdf, 3309
module: FLP_mul, "instance: testbench.test_module"
  SDF Warning: The path from   b to mult_31.U2128.A1 doesn't have a simple 
  wire connection, delay will still be annotated.


Warning-[SDFCOM_SWC] Simple Wire Connection
/MasterClass/M143010027_ALU/Hws/HW1/gate_level/FLP_mul/Delay/round2/timing.sdf, 3310
module: FLP_mul, "instance: testbench.test_module"
  SDF Warning: The path from   a to mult_31.U2128.A2 doesn't have a simple 
  wire connection, delay will still be annotated.


Warning-[SDFCOM_SWC] Simple Wire Connection
/MasterClass/M143010027_ALU/Hws/HW1/gate_level/FLP_mul/Delay/round2/timing.sdf, 3311
module: FLP_mul, "instance: testbench.test_module"
  SDF Warning: The path from   a to mult_31.U2127.A1 doesn't have a simple 
  wire connection, delay will still be annotated.


Warning-[SDFCOM_SWC] Simple Wire Connection
/MasterClass/M143010027_ALU/Hws/HW1/gate_level/FLP_mul/Delay/round2/timing.sdf, 3312
module: FLP_mul, "instance: testbench.test_module"
  SDF Warning: The path from   a to mult_31.U2127.A2 doesn't have a simple 
  wire connection, delay will still be annotated.


Warning-[SDFCOM_SWC] Simple Wire Connection
/MasterClass/M143010027_ALU/Hws/HW1/gate_level/FLP_mul/Delay/round2/timing.sdf, 3313
module: FLP_mul, "instance: testbench.test_module"
  SDF Warning: The path from   b to mult_31.U2126.A1 doesn't have a simple 
  wire connection, delay will still be annotated.


Warning-[SDFCOM_SWC] Simple Wire Connection
/MasterClass/M143010027_ALU/Hws/HW1/gate_level/FLP_mul/Delay/round2/timing.sdf, 3314
module: FLP_mul, "instance: testbench.test_module"
  SDF Warning: The path from   a to mult_31.U2126.A2 doesn't have a simple 
  wire connection, delay will still be annotated.


Warning-[SDFCOM_SWC] Simple Wire Connection
/MasterClass/M143010027_ALU/Hws/HW1/gate_level/FLP_mul/Delay/round2/timing.sdf, 3315
module: FLP_mul, "instance: testbench.test_module"
  SDF Warning: The path from   b to mult_31.U2125.A1 doesn't have a simple 
  wire connection, delay will still be annotated.


Warning-[SDFCOM_SWC] Simple Wire Connection
/MasterClass/M143010027_ALU/Hws/HW1/gate_level/FLP_mul/Delay/round2/timing.sdf, 3316
module: FLP_mul, "instance: testbench.test_module"
  SDF Warning: The path from   a to mult_31.U2125.A2 doesn't have a simple 
  wire connection, delay will still be annotated.


Warning-[SDFCOM_SWC] Simple Wire Connection
/MasterClass/M143010027_ALU/Hws/HW1/gate_level/FLP_mul/Delay/round2/timing.sdf, 3317
module: FLP_mul, "instance: testbench.test_module"
  SDF Warning: The path from   b to mult_31.U2124.A1 doesn't have a simple 
  wire connection, delay will still be annotated.


Warning-[SDFCOM_SWC] Simple Wire Connection
/MasterClass/M143010027_ALU/Hws/HW1/gate_level/FLP_mul/Delay/round2/timing.sdf, 3318
module: FLP_mul, "instance: testbench.test_module"
  SDF Warning: The path from   a to mult_31.U2124.A2 doesn't have a simple 
  wire connection, delay will still be annotated.


Warning-[SDFCOM_SWC] Simple Wire Connection
/MasterClass/M143010027_ALU/Hws/HW1/gate_level/FLP_mul/Delay/round2/timing.sdf, 3334
module: FLP_mul, "instance: testbench.test_module"
  SDF Warning: The path from   a to mult_31.U2118.A1 doesn't have a simple 
  wire connection, delay will still be annotated.


Warning-[SDFCOM_SWC] Simple Wire Connection
/MasterClass/M143010027_ALU/Hws/HW1/gate_level/FLP_mul/Delay/round2/timing.sdf, 3335
module: FLP_mul, "instance: testbench.test_module"
  SDF Warning: The path from   b to mult_31.U2118.A2 doesn't have a simple 
  wire connection, delay will still be annotated.


Warning-[SDFCOM_SWC] Simple Wire Connection
/MasterClass/M143010027_ALU/Hws/HW1/gate_level/FLP_mul/Delay/round2/timing.sdf, 3337
module: FLP_mul, "instance: testbench.test_module"
  SDF Warning: The path from   b to mult_31.U2117.A2 doesn't have a simple 
  wire connection, delay will still be annotated.


Warning-[SDFCOM_SWC] Simple Wire Connection
/MasterClass/M143010027_ALU/Hws/HW1/gate_level/FLP_mul/Delay/round2/timing.sdf, 3338
module: FLP_mul, "instance: testbench.test_module"
  SDF Warning: The path from   b to mult_31.U2116.A1 doesn't have a simple 
  wire connection, delay will still be annotated.


Warning-[SDFCOM_SWC] Simple Wire Connection
/MasterClass/M143010027_ALU/Hws/HW1/gate_level/FLP_mul/Delay/round2/timing.sdf, 3339
module: FLP_mul, "instance: testbench.test_module"
  SDF Warning: The path from   a to mult_31.U2116.A2 doesn't have a simple 
  wire connection, delay will still be annotated.


Warning-[SDFCOM_SWC] Simple Wire Connection
/MasterClass/M143010027_ALU/Hws/HW1/gate_level/FLP_mul/Delay/round2/timing.sdf, 3340
module: FLP_mul, "instance: testbench.test_module"
  SDF Warning: The path from   b to mult_31.U2115.A1 doesn't have a simple 
  wire connection, delay will still be annotated.


Warning-[SDFCOM_SWC] Simple Wire Connection
/MasterClass/M143010027_ALU/Hws/HW1/gate_level/FLP_mul/Delay/round2/timing.sdf, 3341
module: FLP_mul, "instance: testbench.test_module"
  SDF Warning: The path from   a to mult_31.U2115.A2 doesn't have a simple 
  wire connection, delay will still be annotated.


Warning-[SDFCOM_SWC] Simple Wire Connection
/MasterClass/M143010027_ALU/Hws/HW1/gate_level/FLP_mul/Delay/round2/timing.sdf, 3342
module: FLP_mul, "instance: testbench.test_module"
  SDF Warning: The path from   b to mult_31.U2114.A1 doesn't have a simple 
  wire connection, delay will still be annotated.


Warning-[SDFCOM_SWC] Simple Wire Connection
/MasterClass/M143010027_ALU/Hws/HW1/gate_level/FLP_mul/Delay/round2/timing.sdf, 3343
module: FLP_mul, "instance: testbench.test_module"
  SDF Warning: The path from   a to mult_31.U2114.A2 doesn't have a simple 
  wire connection, delay will still be annotated.


Warning-[SDFCOM_SWC] Simple Wire Connection
/MasterClass/M143010027_ALU/Hws/HW1/gate_level/FLP_mul/Delay/round2/timing.sdf, 3344
module: FLP_mul, "instance: testbench.test_module"
  SDF Warning: The path from   b to mult_31.U2113.A1 doesn't have a simple 
  wire connection, delay will still be annotated.


Warning-[SDFCOM_SWC] Simple Wire Connection
/MasterClass/M143010027_ALU/Hws/HW1/gate_level/FLP_mul/Delay/round2/timing.sdf, 3345
module: FLP_mul, "instance: testbench.test_module"
  SDF Warning: The path from   a to mult_31.U2113.A2 doesn't have a simple 
  wire connection, delay will still be annotated.


Warning-[SDFCOM_SWC] Simple Wire Connection
/MasterClass/M143010027_ALU/Hws/HW1/gate_level/FLP_mul/Delay/round2/timing.sdf, 3346
module: FLP_mul, "instance: testbench.test_module"
  SDF Warning: The path from   b to mult_31.U2112.A1 doesn't have a simple 
  wire connection, delay will still be annotated.


Warning-[SDFCOM_SWC] Simple Wire Connection
/MasterClass/M143010027_ALU/Hws/HW1/gate_level/FLP_mul/Delay/round2/timing.sdf, 3347
module: FLP_mul, "instance: testbench.test_module"
  SDF Warning: The path from   a to mult_31.U2112.A2 doesn't have a simple 
  wire connection, delay will still be annotated.


Warning-[SDFCOM_SWC] Simple Wire Connection
/MasterClass/M143010027_ALU/Hws/HW1/gate_level/FLP_mul/Delay/round2/timing.sdf, 3348
module: FLP_mul, "instance: testbench.test_module"
  SDF Warning: The path from   b to mult_31.U2111.A1 doesn't have a simple 
  wire connection, delay will still be annotated.


Warning-[SDFCOM_SWC] Simple Wire Connection
/MasterClass/M143010027_ALU/Hws/HW1/gate_level/FLP_mul/Delay/round2/timing.sdf, 3349
module: FLP_mul, "instance: testbench.test_module"
  SDF Warning: The path from   a to mult_31.U2111.A2 doesn't have a simple 
  wire connection, delay will still be annotated.


Warning-[SDFCOM_SWC] Simple Wire Connection
/MasterClass/M143010027_ALU/Hws/HW1/gate_level/FLP_mul/Delay/round2/timing.sdf, 3350
module: FLP_mul, "instance: testbench.test_module"
  SDF Warning: The path from   b to mult_31.U2110.A1 doesn't have a simple 
  wire connection, delay will still be annotated.


Warning-[SDFCOM_SWC] Simple Wire Connection
/MasterClass/M143010027_ALU/Hws/HW1/gate_level/FLP_mul/Delay/round2/timing.sdf, 3351
module: FLP_mul, "instance: testbench.test_module"
  SDF Warning: The path from   a to mult_31.U2110.A2 doesn't have a simple 
  wire connection, delay will still be annotated.


Warning-[SDFCOM_SWC] Simple Wire Connection
/MasterClass/M143010027_ALU/Hws/HW1/gate_level/FLP_mul/Delay/round2/timing.sdf, 3352
module: FLP_mul, "instance: testbench.test_module"
  SDF Warning: The path from   b to mult_31.U2109.A1 doesn't have a simple 
  wire connection, delay will still be annotated.


Warning-[SDFCOM_SWC] Simple Wire Connection
/MasterClass/M143010027_ALU/Hws/HW1/gate_level/FLP_mul/Delay/round2/timing.sdf, 3353
module: FLP_mul, "instance: testbench.test_module"
  SDF Warning: The path from   a to mult_31.U2109.A2 doesn't have a simple 
  wire connection, delay will still be annotated.


Warning-[SDFCOM_SWC] Simple Wire Connection
/MasterClass/M143010027_ALU/Hws/HW1/gate_level/FLP_mul/Delay/round2/timing.sdf, 3354
module: FLP_mul, "instance: testbench.test_module"
  SDF Warning: The path from   b to mult_31.U2108.A1 doesn't have a simple 
  wire connection, delay will still be annotated.


Warning-[SDFCOM_SWC] Simple Wire Connection
/MasterClass/M143010027_ALU/Hws/HW1/gate_level/FLP_mul/Delay/round2/timing.sdf, 3355
module: FLP_mul, "instance: testbench.test_module"
  SDF Warning: The path from   a to mult_31.U2108.A2 doesn't have a simple 
  wire connection, delay will still be annotated.


Warning-[SDFCOM_SWC] Simple Wire Connection
/MasterClass/M143010027_ALU/Hws/HW1/gate_level/FLP_mul/Delay/round2/timing.sdf, 3356
module: FLP_mul, "instance: testbench.test_module"
  SDF Warning: The path from   b to mult_31.U2107.A1 doesn't have a simple 
  wire connection, delay will still be annotated.


Warning-[SDFCOM_SWC] Simple Wire Connection
/MasterClass/M143010027_ALU/Hws/HW1/gate_level/FLP_mul/Delay/round2/timing.sdf, 3357
module: FLP_mul, "instance: testbench.test_module"
  SDF Warning: The path from   a to mult_31.U2107.A2 doesn't have a simple 
  wire connection, delay will still be annotated.


Warning-[SDFCOM_SWC] Simple Wire Connection
/MasterClass/M143010027_ALU/Hws/HW1/gate_level/FLP_mul/Delay/round2/timing.sdf, 3358
module: FLP_mul, "instance: testbench.test_module"
  SDF Warning: The path from   b to mult_31.U2106.A1 doesn't have a simple 
  wire connection, delay will still be annotated.


Warning-[SDFCOM_SWC] Simple Wire Connection
/MasterClass/M143010027_ALU/Hws/HW1/gate_level/FLP_mul/Delay/round2/timing.sdf, 3359
module: FLP_mul, "instance: testbench.test_module"
  SDF Warning: The path from   a to mult_31.U2106.A2 doesn't have a simple 
  wire connection, delay will still be annotated.


Warning-[SDFCOM_SWC] Simple Wire Connection
/MasterClass/M143010027_ALU/Hws/HW1/gate_level/FLP_mul/Delay/round2/timing.sdf, 3362
module: FLP_mul, "instance: testbench.test_module"
  SDF Warning: The path from   b to mult_31.U2104.A1 doesn't have a simple 
  wire connection, delay will still be annotated.


Warning-[SDFCOM_SWC] Simple Wire Connection
/MasterClass/M143010027_ALU/Hws/HW1/gate_level/FLP_mul/Delay/round2/timing.sdf, 3363
module: FLP_mul, "instance: testbench.test_module"
  SDF Warning: The path from   a to mult_31.U2104.A2 doesn't have a simple 
  wire connection, delay will still be annotated.


Warning-[SDFCOM_SWC] Simple Wire Connection
/MasterClass/M143010027_ALU/Hws/HW1/gate_level/FLP_mul/Delay/round2/timing.sdf, 3364
module: FLP_mul, "instance: testbench.test_module"
  SDF Warning: The path from   b to mult_31.U2103.A1 doesn't have a simple 
  wire connection, delay will still be annotated.


Warning-[SDFCOM_SWC] Simple Wire Connection
/MasterClass/M143010027_ALU/Hws/HW1/gate_level/FLP_mul/Delay/round2/timing.sdf, 3365
module: FLP_mul, "instance: testbench.test_module"
  SDF Warning: The path from   a to mult_31.U2103.A2 doesn't have a simple 
  wire connection, delay will still be annotated.


Warning-[SDFCOM_SWC] Simple Wire Connection
/MasterClass/M143010027_ALU/Hws/HW1/gate_level/FLP_mul/Delay/round2/timing.sdf, 3368
module: FLP_mul, "instance: testbench.test_module"
  SDF Warning: The path from   a to mult_31.U2100.I doesn't have a simple wire
  connection, delay will still be annotated.


Warning-[SDFCOM_SWC] Simple Wire Connection
/MasterClass/M143010027_ALU/Hws/HW1/gate_level/FLP_mul/Delay/round2/timing.sdf, 3369
module: FLP_mul, "instance: testbench.test_module"
  SDF Warning: The path from   b to mult_31.U2099.A1 doesn't have a simple 
  wire connection, delay will still be annotated.


Warning-[SDFCOM_SWC] Simple Wire Connection
/MasterClass/M143010027_ALU/Hws/HW1/gate_level/FLP_mul/Delay/round2/timing.sdf, 3370
module: FLP_mul, "instance: testbench.test_module"
  SDF Warning: The path from   a to mult_31.U2099.A2 doesn't have a simple 
  wire connection, delay will still be annotated.


Warning-[SDFCOM_SWC] Simple Wire Connection
/MasterClass/M143010027_ALU/Hws/HW1/gate_level/FLP_mul/Delay/round2/timing.sdf, 3371
module: FLP_mul, "instance: testbench.test_module"
  SDF Warning: The path from   b to mult_31.U2098.A1 doesn't have a simple 
  wire connection, delay will still be annotated.


Warning-[SDFCOM_SWC] Simple Wire Connection
/MasterClass/M143010027_ALU/Hws/HW1/gate_level/FLP_mul/Delay/round2/timing.sdf, 3372
module: FLP_mul, "instance: testbench.test_module"
  SDF Warning: The path from   a to mult_31.U2098.A2 doesn't have a simple 
  wire connection, delay will still be annotated.


Warning-[SDFCOM_SWC] Simple Wire Connection
/MasterClass/M143010027_ALU/Hws/HW1/gate_level/FLP_mul/Delay/round2/timing.sdf, 3373
module: FLP_mul, "instance: testbench.test_module"
  SDF Warning: The path from   b to mult_31.U2097.A1 doesn't have a simple 
  wire connection, delay will still be annotated.


Warning-[SDFCOM_SWC] Simple Wire Connection
/MasterClass/M143010027_ALU/Hws/HW1/gate_level/FLP_mul/Delay/round2/timing.sdf, 3374
module: FLP_mul, "instance: testbench.test_module"
  SDF Warning: The path from   a to mult_31.U2097.A2 doesn't have a simple 
  wire connection, delay will still be annotated.


Warning-[SDFCOM_SWC] Simple Wire Connection
/MasterClass/M143010027_ALU/Hws/HW1/gate_level/FLP_mul/Delay/round2/timing.sdf, 3375
module: FLP_mul, "instance: testbench.test_module"
  SDF Warning: The path from   b to mult_31.U2096.A1 doesn't have a simple 
  wire connection, delay will still be annotated.


Warning-[SDFCOM_SWC] Simple Wire Connection
/MasterClass/M143010027_ALU/Hws/HW1/gate_level/FLP_mul/Delay/round2/timing.sdf, 3376
module: FLP_mul, "instance: testbench.test_module"
  SDF Warning: The path from   a to mult_31.U2096.A2 doesn't have a simple 
  wire connection, delay will still be annotated.


Warning-[SDFCOM_SWC] Simple Wire Connection
/MasterClass/M143010027_ALU/Hws/HW1/gate_level/FLP_mul/Delay/round2/timing.sdf, 3386
module: FLP_mul, "instance: testbench.test_module"
  SDF Warning: The path from   b to mult_31.U2091.A1 doesn't have a simple 
  wire connection, delay will still be annotated.


Warning-[SDFCOM_SWC] Simple Wire Connection
/MasterClass/M143010027_ALU/Hws/HW1/gate_level/FLP_mul/Delay/round2/timing.sdf, 3387
module: FLP_mul, "instance: testbench.test_module"
  SDF Warning: The path from   a to mult_31.U2091.A2 doesn't have a simple 
  wire connection, delay will still be annotated.


Warning-[SDFCOM_SWC] Simple Wire Connection
/MasterClass/M143010027_ALU/Hws/HW1/gate_level/FLP_mul/Delay/round2/timing.sdf, 3394
module: FLP_mul, "instance: testbench.test_module"
  SDF Warning: The path from   b to mult_31.U2087.I doesn't have a simple wire
  connection, delay will still be annotated.


Warning-[SDFCOM_SWC] Simple Wire Connection
/MasterClass/M143010027_ALU/Hws/HW1/gate_level/FLP_mul/Delay/round2/timing.sdf, 3397
module: FLP_mul, "instance: testbench.test_module"
  SDF Warning: The path from   b to mult_31.U2085.A1 doesn't have a simple 
  wire connection, delay will still be annotated.


Warning-[SDFCOM_SWC] Simple Wire Connection
/MasterClass/M143010027_ALU/Hws/HW1/gate_level/FLP_mul/Delay/round2/timing.sdf, 3399
module: FLP_mul, "instance: testbench.test_module"
  SDF Warning: The path from   b to mult_31.U2084.A1 doesn't have a simple 
  wire connection, delay will still be annotated.


Warning-[SDFCOM_SWC] Simple Wire Connection
/MasterClass/M143010027_ALU/Hws/HW1/gate_level/FLP_mul/Delay/round2/timing.sdf, 3405
module: FLP_mul, "instance: testbench.test_module"
  SDF Warning: The path from   b to mult_31.U2081.A1 doesn't have a simple 
  wire connection, delay will still be annotated.


Warning-[SDFCOM_SWC] Simple Wire Connection
/MasterClass/M143010027_ALU/Hws/HW1/gate_level/FLP_mul/Delay/round2/timing.sdf, 3407
module: FLP_mul, "instance: testbench.test_module"
  SDF Warning: The path from   b to mult_31.U2080.A1 doesn't have a simple 
  wire connection, delay will still be annotated.


Warning-[SDFCOM_SWC] Simple Wire Connection
/MasterClass/M143010027_ALU/Hws/HW1/gate_level/FLP_mul/Delay/round2/timing.sdf, 3418
module: FLP_mul, "instance: testbench.test_module"
  SDF Warning: The path from   b to mult_31.U2075.A1 doesn't have a simple 
  wire connection, delay will still be annotated.


Warning-[SDFCOM_SWC] Simple Wire Connection
/MasterClass/M143010027_ALU/Hws/HW1/gate_level/FLP_mul/Delay/round2/timing.sdf, 3419
module: FLP_mul, "instance: testbench.test_module"
  SDF Warning: The path from   a to mult_31.U2075.A2 doesn't have a simple 
  wire connection, delay will still be annotated.


Warning-[SDFCOM_SWC] Simple Wire Connection
/MasterClass/M143010027_ALU/Hws/HW1/gate_level/FLP_mul/Delay/round2/timing.sdf, 3420
module: FLP_mul, "instance: testbench.test_module"
  SDF Warning: The path from   b to mult_31.U2074.A1 doesn't have a simple 
  wire connection, delay will still be annotated.


Warning-[SDFCOM_SWC] Simple Wire Connection
/MasterClass/M143010027_ALU/Hws/HW1/gate_level/FLP_mul/Delay/round2/timing.sdf, 3421
module: FLP_mul, "instance: testbench.test_module"
  SDF Warning: The path from   a to mult_31.U2074.A2 doesn't have a simple 
  wire connection, delay will still be annotated.


Warning-[SDFCOM_SWC] Simple Wire Connection
/MasterClass/M143010027_ALU/Hws/HW1/gate_level/FLP_mul/Delay/round2/timing.sdf, 3422
module: FLP_mul, "instance: testbench.test_module"
  SDF Warning: The path from   b to mult_31.U2073.A1 doesn't have a simple 
  wire connection, delay will still be annotated.


Warning-[SDFCOM_SWC] Simple Wire Connection
/MasterClass/M143010027_ALU/Hws/HW1/gate_level/FLP_mul/Delay/round2/timing.sdf, 3428
module: FLP_mul, "instance: testbench.test_module"
  SDF Warning: The path from   a to mult_31.U2070.I doesn't have a simple wire
  connection, delay will still be annotated.


Warning-[SDFCOM_SWC] Simple Wire Connection
/MasterClass/M143010027_ALU/Hws/HW1/gate_level/FLP_mul/Delay/round2/timing.sdf, 3429
module: FLP_mul, "instance: testbench.test_module"
  SDF Warning: The path from   b to mult_31.U2069.A1 doesn't have a simple 
  wire connection, delay will still be annotated.


Warning-[SDFCOM_SWC] Simple Wire Connection
/MasterClass/M143010027_ALU/Hws/HW1/gate_level/FLP_mul/Delay/round2/timing.sdf, 3430
module: FLP_mul, "instance: testbench.test_module"
  SDF Warning: The path from   a to mult_31.U2069.A2 doesn't have a simple 
  wire connection, delay will still be annotated.


Warning-[SDFCOM_SWC] Simple Wire Connection
/MasterClass/M143010027_ALU/Hws/HW1/gate_level/FLP_mul/Delay/round2/timing.sdf, 3431
module: FLP_mul, "instance: testbench.test_module"
  SDF Warning: The path from   b to mult_31.U2068.A1 doesn't have a simple 
  wire connection, delay will still be annotated.


Warning-[SDFCOM_SWC] Simple Wire Connection
/MasterClass/M143010027_ALU/Hws/HW1/gate_level/FLP_mul/Delay/round2/timing.sdf, 3433
module: FLP_mul, "instance: testbench.test_module"
  SDF Warning: The path from   b to mult_31.U2067.A1 doesn't have a simple 
  wire connection, delay will still be annotated.


Warning-[SDFCOM_SWC] Simple Wire Connection
/MasterClass/M143010027_ALU/Hws/HW1/gate_level/FLP_mul/Delay/round2/timing.sdf, 3435
module: FLP_mul, "instance: testbench.test_module"
  SDF Warning: The path from   b to mult_31.U2066.A1 doesn't have a simple 
  wire connection, delay will still be annotated.


Warning-[SDFCOM_SWC] Simple Wire Connection
/MasterClass/M143010027_ALU/Hws/HW1/gate_level/FLP_mul/Delay/round2/timing.sdf, 3437
module: FLP_mul, "instance: testbench.test_module"
  SDF Warning: The path from   b to mult_31.U2065.A1 doesn't have a simple 
  wire connection, delay will still be annotated.


Warning-[SDFCOM_SWC] Simple Wire Connection
/MasterClass/M143010027_ALU/Hws/HW1/gate_level/FLP_mul/Delay/round2/timing.sdf, 3439
module: FLP_mul, "instance: testbench.test_module"
  SDF Warning: The path from   b to mult_31.U2064.A1 doesn't have a simple 
  wire connection, delay will still be annotated.


Warning-[SDFCOM_SWC] Simple Wire Connection
/MasterClass/M143010027_ALU/Hws/HW1/gate_level/FLP_mul/Delay/round2/timing.sdf, 3441
module: FLP_mul, "instance: testbench.test_module"
  SDF Warning: The path from   b to mult_31.U2063.A1 doesn't have a simple 
  wire connection, delay will still be annotated.


Warning-[SDFCOM_SWC] Simple Wire Connection
/MasterClass/M143010027_ALU/Hws/HW1/gate_level/FLP_mul/Delay/round2/timing.sdf, 3443
module: FLP_mul, "instance: testbench.test_module"
  SDF Warning: The path from   b to mult_31.U2062.A1 doesn't have a simple 
  wire connection, delay will still be annotated.


Warning-[SDFCOM_SWC] Simple Wire Connection
/MasterClass/M143010027_ALU/Hws/HW1/gate_level/FLP_mul/Delay/round2/timing.sdf, 3445
module: FLP_mul, "instance: testbench.test_module"
  SDF Warning: The path from   b to mult_31.U2061.A1 doesn't have a simple 
  wire connection, delay will still be annotated.


Warning-[SDFCOM_SWC] Simple Wire Connection
/MasterClass/M143010027_ALU/Hws/HW1/gate_level/FLP_mul/Delay/round2/timing.sdf, 3482
module: FLP_mul, "instance: testbench.test_module"
  SDF Warning: The path from   a to mult_31.U2046.S doesn't have a simple wire
  connection, delay will still be annotated.


Warning-[SDFCOM_SWC] Simple Wire Connection
/MasterClass/M143010027_ALU/Hws/HW1/gate_level/FLP_mul/Delay/round2/timing.sdf, 3483
module: FLP_mul, "instance: testbench.test_module"
  SDF Warning: The path from   b to mult_31.U2045.A doesn't have a simple wire
  connection, delay will still be annotated.


Warning-[SDFCOM_SWC] Simple Wire Connection
/MasterClass/M143010027_ALU/Hws/HW1/gate_level/FLP_mul/Delay/round2/timing.sdf, 3484
module: FLP_mul, "instance: testbench.test_module"
  SDF Warning: The path from   b to mult_31.U2045.B doesn't have a simple wire
  connection, delay will still be annotated.


Warning-[SDFCOM_SWC] Simple Wire Connection
/MasterClass/M143010027_ALU/Hws/HW1/gate_level/FLP_mul/Delay/round2/timing.sdf, 3486
module: FLP_mul, "instance: testbench.test_module"
  SDF Warning: The path from   b to mult_31.U2044.A1 doesn't have a simple 
  wire connection, delay will still be annotated.


Warning-[SDFCOM_SWC] Simple Wire Connection
/MasterClass/M143010027_ALU/Hws/HW1/gate_level/FLP_mul/Delay/round2/timing.sdf, 3487
module: FLP_mul, "instance: testbench.test_module"
  SDF Warning: The path from   a to mult_31.U2044.A2 doesn't have a simple 
  wire connection, delay will still be annotated.


Warning-[SDFCOM_SWC] Simple Wire Connection
/MasterClass/M143010027_ALU/Hws/HW1/gate_level/FLP_mul/Delay/round2/timing.sdf, 3488
module: FLP_mul, "instance: testbench.test_module"
  SDF Warning: The path from   b to mult_31.U2043.A1 doesn't have a simple 
  wire connection, delay will still be annotated.


Warning-[SDFCOM_SWC] Simple Wire Connection
/MasterClass/M143010027_ALU/Hws/HW1/gate_level/FLP_mul/Delay/round2/timing.sdf, 3489
module: FLP_mul, "instance: testbench.test_module"
  SDF Warning: The path from   a to mult_31.U2043.A2 doesn't have a simple 
  wire connection, delay will still be annotated.


Warning-[SDFCOM_SWC] Simple Wire Connection
/MasterClass/M143010027_ALU/Hws/HW1/gate_level/FLP_mul/Delay/round2/timing.sdf, 3490
module: FLP_mul, "instance: testbench.test_module"
  SDF Warning: The path from   b to mult_31.U2042.A1 doesn't have a simple 
  wire connection, delay will still be annotated.


Warning-[SDFCOM_SWC] Simple Wire Connection
/MasterClass/M143010027_ALU/Hws/HW1/gate_level/FLP_mul/Delay/round2/timing.sdf, 3491
module: FLP_mul, "instance: testbench.test_module"
  SDF Warning: The path from   a to mult_31.U2042.A2 doesn't have a simple 
  wire connection, delay will still be annotated.


Warning-[SDFCOM_SWC] Simple Wire Connection
/MasterClass/M143010027_ALU/Hws/HW1/gate_level/FLP_mul/Delay/round2/timing.sdf, 3492
module: FLP_mul, "instance: testbench.test_module"
  SDF Warning: The path from   b to mult_31.U2041.A1 doesn't have a simple 
  wire connection, delay will still be annotated.


Warning-[SDFCOM_SWC] Simple Wire Connection
/MasterClass/M143010027_ALU/Hws/HW1/gate_level/FLP_mul/Delay/round2/timing.sdf, 3493
module: FLP_mul, "instance: testbench.test_module"
  SDF Warning: The path from   a to mult_31.U2041.A2 doesn't have a simple 
  wire connection, delay will still be annotated.


Warning-[SDFCOM_SWC] Simple Wire Connection
/MasterClass/M143010027_ALU/Hws/HW1/gate_level/FLP_mul/Delay/round2/timing.sdf, 3494
module: FLP_mul, "instance: testbench.test_module"
  SDF Warning: The path from   b to mult_31.U2040.A1 doesn't have a simple 
  wire connection, delay will still be annotated.


Warning-[SDFCOM_SWC] Simple Wire Connection
/MasterClass/M143010027_ALU/Hws/HW1/gate_level/FLP_mul/Delay/round2/timing.sdf, 3495
module: FLP_mul, "instance: testbench.test_module"
  SDF Warning: The path from   a to mult_31.U2040.A2 doesn't have a simple 
  wire connection, delay will still be annotated.


Warning-[SDFCOM_SWC] Simple Wire Connection
/MasterClass/M143010027_ALU/Hws/HW1/gate_level/FLP_mul/Delay/round2/timing.sdf, 3502
module: FLP_mul, "instance: testbench.test_module"
  SDF Warning: The path from   b to mult_31.U2037.A1 doesn't have a simple 
  wire connection, delay will still be annotated.


Warning-[SDFCOM_SWC] Simple Wire Connection
/MasterClass/M143010027_ALU/Hws/HW1/gate_level/FLP_mul/Delay/round2/timing.sdf, 3503
module: FLP_mul, "instance: testbench.test_module"
  SDF Warning: The path from   a to mult_31.U2037.A2 doesn't have a simple 
  wire connection, delay will still be annotated.


Warning-[SDFCOM_SWC] Simple Wire Connection
/MasterClass/M143010027_ALU/Hws/HW1/gate_level/FLP_mul/Delay/round2/timing.sdf, 3508
module: FLP_mul, "instance: testbench.test_module"
  SDF Warning: The path from   b to mult_31.U2035.A1 doesn't have a simple 
  wire connection, delay will still be annotated.


Warning-[SDFCOM_SWC] Simple Wire Connection
/MasterClass/M143010027_ALU/Hws/HW1/gate_level/FLP_mul/Delay/round2/timing.sdf, 3509
module: FLP_mul, "instance: testbench.test_module"
  SDF Warning: The path from   a to mult_31.U2035.A2 doesn't have a simple 
  wire connection, delay will still be annotated.


Warning-[SDFCOM_SWC] Simple Wire Connection
/MasterClass/M143010027_ALU/Hws/HW1/gate_level/FLP_mul/Delay/round2/timing.sdf, 3512
module: FLP_mul, "instance: testbench.test_module"
  SDF Warning: The path from   b to mult_31.U2033.A1 doesn't have a simple 
  wire connection, delay will still be annotated.


Warning-[SDFCOM_SWC] Simple Wire Connection
/MasterClass/M143010027_ALU/Hws/HW1/gate_level/FLP_mul/Delay/round2/timing.sdf, 3513
module: FLP_mul, "instance: testbench.test_module"
  SDF Warning: The path from   a to mult_31.U2033.A2 doesn't have a simple 
  wire connection, delay will still be annotated.


Warning-[SDFCOM_SWC] Simple Wire Connection
/MasterClass/M143010027_ALU/Hws/HW1/gate_level/FLP_mul/Delay/round2/timing.sdf, 3516
module: FLP_mul, "instance: testbench.test_module"
  SDF Warning: The path from   b to mult_31.U2031.A1 doesn't have a simple 
  wire connection, delay will still be annotated.


Warning-[SDFCOM_SWC] Simple Wire Connection
/MasterClass/M143010027_ALU/Hws/HW1/gate_level/FLP_mul/Delay/round2/timing.sdf, 3517
module: FLP_mul, "instance: testbench.test_module"
  SDF Warning: The path from   a to mult_31.U2031.A2 doesn't have a simple 
  wire connection, delay will still be annotated.


Warning-[SDFCOM_SWC] Simple Wire Connection
/MasterClass/M143010027_ALU/Hws/HW1/gate_level/FLP_mul/Delay/round2/timing.sdf, 3518
module: FLP_mul, "instance: testbench.test_module"
  SDF Warning: The path from   b to mult_31.U2030.A1 doesn't have a simple 
  wire connection, delay will still be annotated.


Warning-[SDFCOM_SWC] Simple Wire Connection
/MasterClass/M143010027_ALU/Hws/HW1/gate_level/FLP_mul/Delay/round2/timing.sdf, 3519
module: FLP_mul, "instance: testbench.test_module"
  SDF Warning: The path from   a to mult_31.U2030.A2 doesn't have a simple 
  wire connection, delay will still be annotated.


Warning-[SDFCOM_SWC] Simple Wire Connection
/MasterClass/M143010027_ALU/Hws/HW1/gate_level/FLP_mul/Delay/round2/timing.sdf, 3520
module: FLP_mul, "instance: testbench.test_module"
  SDF Warning: The path from   b to mult_31.U2029.A1 doesn't have a simple 
  wire connection, delay will still be annotated.


Warning-[SDFCOM_SWC] Simple Wire Connection
/MasterClass/M143010027_ALU/Hws/HW1/gate_level/FLP_mul/Delay/round2/timing.sdf, 3521
module: FLP_mul, "instance: testbench.test_module"
  SDF Warning: The path from   a to mult_31.U2029.A2 doesn't have a simple 
  wire connection, delay will still be annotated.


Warning-[SDFCOM_SWC] Simple Wire Connection
/MasterClass/M143010027_ALU/Hws/HW1/gate_level/FLP_mul/Delay/round2/timing.sdf, 3523
module: FLP_mul, "instance: testbench.test_module"
  SDF Warning: The path from   b to mult_31.U2028.A2 doesn't have a simple 
  wire connection, delay will still be annotated.


Warning-[SDFCOM_SWC] Simple Wire Connection
/MasterClass/M143010027_ALU/Hws/HW1/gate_level/FLP_mul/Delay/round2/timing.sdf, 3527
module: FLP_mul, "instance: testbench.test_module"
  SDF Warning: The path from   b to mult_31.U2026.A2 doesn't have a simple 
  wire connection, delay will still be annotated.


Warning-[SDFCOM_SWC] Simple Wire Connection
/MasterClass/M143010027_ALU/Hws/HW1/gate_level/FLP_mul/Delay/round2/timing.sdf, 3532
module: FLP_mul, "instance: testbench.test_module"
  SDF Warning: The path from   b to mult_31.U2024.A1 doesn't have a simple 
  wire connection, delay will still be annotated.


Warning-[SDFCOM_SWC] Simple Wire Connection
/MasterClass/M143010027_ALU/Hws/HW1/gate_level/FLP_mul/Delay/round2/timing.sdf, 3533
module: FLP_mul, "instance: testbench.test_module"
  SDF Warning: The path from   a to mult_31.U2024.A2 doesn't have a simple 
  wire connection, delay will still be annotated.


Warning-[SDFCOM_SWC] Simple Wire Connection
/MasterClass/M143010027_ALU/Hws/HW1/gate_level/FLP_mul/Delay/round2/timing.sdf, 3538
module: FLP_mul, "instance: testbench.test_module"
  SDF Warning: The path from   b to mult_31.U2022.A1 doesn't have a simple 
  wire connection, delay will still be annotated.


Warning-[SDFCOM_SWC] Simple Wire Connection
/MasterClass/M143010027_ALU/Hws/HW1/gate_level/FLP_mul/Delay/round2/timing.sdf, 3539
module: FLP_mul, "instance: testbench.test_module"
  SDF Warning: The path from   a to mult_31.U2022.A2 doesn't have a simple 
  wire connection, delay will still be annotated.


Warning-[SDFCOM_SWC] Simple Wire Connection
/MasterClass/M143010027_ALU/Hws/HW1/gate_level/FLP_mul/Delay/round2/timing.sdf, 3540
module: FLP_mul, "instance: testbench.test_module"
  SDF Warning: The path from   b to mult_31.U2021.A1 doesn't have a simple 
  wire connection, delay will still be annotated.


Warning-[SDFCOM_SWC] Simple Wire Connection
/MasterClass/M143010027_ALU/Hws/HW1/gate_level/FLP_mul/Delay/round2/timing.sdf, 3541
module: FLP_mul, "instance: testbench.test_module"
  SDF Warning: The path from   a to mult_31.U2021.A2 doesn't have a simple 
  wire connection, delay will still be annotated.


Warning-[SDFCOM_SWC] Simple Wire Connection
/MasterClass/M143010027_ALU/Hws/HW1/gate_level/FLP_mul/Delay/round2/timing.sdf, 3556
module: FLP_mul, "instance: testbench.test_module"
  SDF Warning: The path from   b to mult_31.U2015.A1 doesn't have a simple 
  wire connection, delay will still be annotated.


Warning-[SDFCOM_SWC] Simple Wire Connection
/MasterClass/M143010027_ALU/Hws/HW1/gate_level/FLP_mul/Delay/round2/timing.sdf, 3557
module: FLP_mul, "instance: testbench.test_module"
  SDF Warning: The path from   a to mult_31.U2015.A2 doesn't have a simple 
  wire connection, delay will still be annotated.


Warning-[SDFCOM_SWC] Simple Wire Connection
/MasterClass/M143010027_ALU/Hws/HW1/gate_level/FLP_mul/Delay/round2/timing.sdf, 3559
module: FLP_mul, "instance: testbench.test_module"
  SDF Warning: The path from   b to mult_31.U2013.A1 doesn't have a simple 
  wire connection, delay will still be annotated.


Warning-[SDFCOM_SWC] Simple Wire Connection
/MasterClass/M143010027_ALU/Hws/HW1/gate_level/FLP_mul/Delay/round2/timing.sdf, 3560
module: FLP_mul, "instance: testbench.test_module"
  SDF Warning: The path from   a to mult_31.U2013.A2 doesn't have a simple 
  wire connection, delay will still be annotated.


Warning-[SDFCOM_SWC] Simple Wire Connection
/MasterClass/M143010027_ALU/Hws/HW1/gate_level/FLP_mul/Delay/round2/timing.sdf, 3561
module: FLP_mul, "instance: testbench.test_module"
  SDF Warning: The path from   b to mult_31.U2012.A1 doesn't have a simple 
  wire connection, delay will still be annotated.


Warning-[SDFCOM_SWC] Simple Wire Connection
/MasterClass/M143010027_ALU/Hws/HW1/gate_level/FLP_mul/Delay/round2/timing.sdf, 3562
module: FLP_mul, "instance: testbench.test_module"
  SDF Warning: The path from   a to mult_31.U2012.A2 doesn't have a simple 
  wire connection, delay will still be annotated.


Warning-[SDFCOM_SWC] Simple Wire Connection
/MasterClass/M143010027_ALU/Hws/HW1/gate_level/FLP_mul/Delay/round2/timing.sdf, 3571
module: FLP_mul, "instance: testbench.test_module"
  SDF Warning: The path from   b to mult_31.U2008.A1 doesn't have a simple 
  wire connection, delay will still be annotated.


Warning-[SDFCOM_SWC] Simple Wire Connection
/MasterClass/M143010027_ALU/Hws/HW1/gate_level/FLP_mul/Delay/round2/timing.sdf, 3573
module: FLP_mul, "instance: testbench.test_module"
  SDF Warning: The path from   b to mult_31.U2007.A1 doesn't have a simple 
  wire connection, delay will still be annotated.


Warning-[SDFCOM_SWC] Simple Wire Connection
/MasterClass/M143010027_ALU/Hws/HW1/gate_level/FLP_mul/Delay/round2/timing.sdf, 3575
module: FLP_mul, "instance: testbench.test_module"
  SDF Warning: The path from   b to mult_31.U2006.A1 doesn't have a simple 
  wire connection, delay will still be annotated.


Warning-[SDFCOM_SWC] Simple Wire Connection
/MasterClass/M143010027_ALU/Hws/HW1/gate_level/FLP_mul/Delay/round2/timing.sdf, 3577
module: FLP_mul, "instance: testbench.test_module"
  SDF Warning: The path from   b to mult_31.U2005.A1 doesn't have a simple 
  wire connection, delay will still be annotated.


Warning-[SDFCOM_SWC] Simple Wire Connection
/MasterClass/M143010027_ALU/Hws/HW1/gate_level/FLP_mul/Delay/round2/timing.sdf, 3578
module: FLP_mul, "instance: testbench.test_module"
  SDF Warning: The path from   a to mult_31.U2005.A2 doesn't have a simple 
  wire connection, delay will still be annotated.


Warning-[SDFCOM_SWC] Simple Wire Connection
/MasterClass/M143010027_ALU/Hws/HW1/gate_level/FLP_mul/Delay/round2/timing.sdf, 3581
module: FLP_mul, "instance: testbench.test_module"
  SDF Warning: The path from   b to mult_31.U2003.A1 doesn't have a simple 
  wire connection, delay will still be annotated.


Warning-[SDFCOM_SWC] Simple Wire Connection
/MasterClass/M143010027_ALU/Hws/HW1/gate_level/FLP_mul/Delay/round2/timing.sdf, 3582
module: FLP_mul, "instance: testbench.test_module"
  SDF Warning: The path from   a to mult_31.U2003.A2 doesn't have a simple 
  wire connection, delay will still be annotated.


Warning-[SDFCOM_SWC] Simple Wire Connection
/MasterClass/M143010027_ALU/Hws/HW1/gate_level/FLP_mul/Delay/round2/timing.sdf, 3583
module: FLP_mul, "instance: testbench.test_module"
  SDF Warning: The path from   a to mult_31.U2002.I doesn't have a simple wire
  connection, delay will still be annotated.


Warning-[SDFCOM_SWC] Simple Wire Connection
/MasterClass/M143010027_ALU/Hws/HW1/gate_level/FLP_mul/Delay/round2/timing.sdf, 3584
module: FLP_mul, "instance: testbench.test_module"
  SDF Warning: The path from   b to mult_31.U2001.A1 doesn't have a simple 
  wire connection, delay will still be annotated.


Warning-[SDFCOM_SWC] Simple Wire Connection
/MasterClass/M143010027_ALU/Hws/HW1/gate_level/FLP_mul/Delay/round2/timing.sdf, 3586
module: FLP_mul, "instance: testbench.test_module"
  SDF Warning: The path from   b to mult_31.U2000.A1 doesn't have a simple 
  wire connection, delay will still be annotated.


Warning-[SDFCOM_SWC] Simple Wire Connection
/MasterClass/M143010027_ALU/Hws/HW1/gate_level/FLP_mul/Delay/round2/timing.sdf, 3588
module: FLP_mul, "instance: testbench.test_module"
  SDF Warning: The path from   b to mult_31.U1999.A1 doesn't have a simple 
  wire connection, delay will still be annotated.


Warning-[SDFCOM_SWC] Simple Wire Connection
/MasterClass/M143010027_ALU/Hws/HW1/gate_level/FLP_mul/Delay/round2/timing.sdf, 3606
module: FLP_mul, "instance: testbench.test_module"
  SDF Warning: The path from   a to mult_31.U1991.A1 doesn't have a simple 
  wire connection, delay will still be annotated.


Warning-[SDFCOM_SWC] Simple Wire Connection
/MasterClass/M143010027_ALU/Hws/HW1/gate_level/FLP_mul/Delay/round2/timing.sdf, 3607
module: FLP_mul, "instance: testbench.test_module"
  SDF Warning: The path from   a to mult_31.U1991.A2 doesn't have a simple 
  wire connection, delay will still be annotated.


Warning-[SDFCOM_SWC] Simple Wire Connection
/MasterClass/M143010027_ALU/Hws/HW1/gate_level/FLP_mul/Delay/round2/timing.sdf, 3608
module: FLP_mul, "instance: testbench.test_module"
  SDF Warning: The path from   b to mult_31.U1990.A1 doesn't have a simple 
  wire connection, delay will still be annotated.


Warning-[SDFCOM_SWC] Simple Wire Connection
/MasterClass/M143010027_ALU/Hws/HW1/gate_level/FLP_mul/Delay/round2/timing.sdf, 3609
module: FLP_mul, "instance: testbench.test_module"
  SDF Warning: The path from   a to mult_31.U1990.A2 doesn't have a simple 
  wire connection, delay will still be annotated.


Warning-[SDFCOM_SWC] Simple Wire Connection
/MasterClass/M143010027_ALU/Hws/HW1/gate_level/FLP_mul/Delay/round2/timing.sdf, 3610
module: FLP_mul, "instance: testbench.test_module"
  SDF Warning: The path from   b to mult_31.U1989.A1 doesn't have a simple 
  wire connection, delay will still be annotated.


Warning-[SDFCOM_SWC] Simple Wire Connection
/MasterClass/M143010027_ALU/Hws/HW1/gate_level/FLP_mul/Delay/round2/timing.sdf, 3611
module: FLP_mul, "instance: testbench.test_module"
  SDF Warning: The path from   a to mult_31.U1989.A2 doesn't have a simple 
  wire connection, delay will still be annotated.


Warning-[SDFCOM_SWC] Simple Wire Connection
/MasterClass/M143010027_ALU/Hws/HW1/gate_level/FLP_mul/Delay/round2/timing.sdf, 3612
module: FLP_mul, "instance: testbench.test_module"
  SDF Warning: The path from   b to mult_31.U1988.A1 doesn't have a simple 
  wire connection, delay will still be annotated.


Warning-[SDFCOM_SWC] Simple Wire Connection
/MasterClass/M143010027_ALU/Hws/HW1/gate_level/FLP_mul/Delay/round2/timing.sdf, 3613
module: FLP_mul, "instance: testbench.test_module"
  SDF Warning: The path from   a to mult_31.U1988.A2 doesn't have a simple 
  wire connection, delay will still be annotated.


Warning-[SDFCOM_SWC] Simple Wire Connection
/MasterClass/M143010027_ALU/Hws/HW1/gate_level/FLP_mul/Delay/round2/timing.sdf, 3614
module: FLP_mul, "instance: testbench.test_module"
  SDF Warning: The path from   b to mult_31.U1987.A1 doesn't have a simple 
  wire connection, delay will still be annotated.


Warning-[SDFCOM_SWC] Simple Wire Connection
/MasterClass/M143010027_ALU/Hws/HW1/gate_level/FLP_mul/Delay/round2/timing.sdf, 3615
module: FLP_mul, "instance: testbench.test_module"
  SDF Warning: The path from   a to mult_31.U1987.A2 doesn't have a simple 
  wire connection, delay will still be annotated.


Warning-[SDFCOM_SWC] Simple Wire Connection
/MasterClass/M143010027_ALU/Hws/HW1/gate_level/FLP_mul/Delay/round2/timing.sdf, 3616
module: FLP_mul, "instance: testbench.test_module"
  SDF Warning: The path from   b to mult_31.U1986.I doesn't have a simple wire
  connection, delay will still be annotated.


Warning-[SDFCOM_SWC] Simple Wire Connection
/MasterClass/M143010027_ALU/Hws/HW1/gate_level/FLP_mul/Delay/round2/timing.sdf, 3617
module: FLP_mul, "instance: testbench.test_module"
  SDF Warning: The path from   b to mult_31.U1985.A1 doesn't have a simple 
  wire connection, delay will still be annotated.


Warning-[SDFCOM_SWC] Simple Wire Connection
/MasterClass/M143010027_ALU/Hws/HW1/gate_level/FLP_mul/Delay/round2/timing.sdf, 3618
module: FLP_mul, "instance: testbench.test_module"
  SDF Warning: The path from   a to mult_31.U1985.A2 doesn't have a simple 
  wire connection, delay will still be annotated.


Warning-[SDFCOM_SWC] Simple Wire Connection
/MasterClass/M143010027_ALU/Hws/HW1/gate_level/FLP_mul/Delay/round2/timing.sdf, 3619
module: FLP_mul, "instance: testbench.test_module"
  SDF Warning: The path from   b to mult_31.U1984.A1 doesn't have a simple 
  wire connection, delay will still be annotated.


Warning-[SDFCOM_SWC] Simple Wire Connection
/MasterClass/M143010027_ALU/Hws/HW1/gate_level/FLP_mul/Delay/round2/timing.sdf, 3674
module: FLP_mul, "instance: testbench.test_module"
  SDF Warning: The path from   b to mult_31.U1965.A2 doesn't have a simple 
  wire connection, delay will still be annotated.


Warning-[SDFCOM_SWC] Simple Wire Connection
/MasterClass/M143010027_ALU/Hws/HW1/gate_level/FLP_mul/Delay/round2/timing.sdf, 3676
module: FLP_mul, "instance: testbench.test_module"
  SDF Warning: The path from   b to mult_31.U1965.B2 doesn't have a simple 
  wire connection, delay will still be annotated.


Warning-[SDFCOM_SWC] Simple Wire Connection
/MasterClass/M143010027_ALU/Hws/HW1/gate_level/FLP_mul/Delay/round2/timing.sdf, 3749
module: FLP_mul, "instance: testbench.test_module"
  SDF Warning: The path from   b to mult_31.U1931.A1 doesn't have a simple 
  wire connection, delay will still be annotated.


Warning-[SDFCOM_SWC] Simple Wire Connection
/MasterClass/M143010027_ALU/Hws/HW1/gate_level/FLP_mul/Delay/round2/timing.sdf, 3761
module: FLP_mul, "instance: testbench.test_module"
  SDF Warning: The path from   b to mult_31.U1926.A2 doesn't have a simple 
  wire connection, delay will still be annotated.


Warning-[SDFCOM_SWC] Simple Wire Connection
/MasterClass/M143010027_ALU/Hws/HW1/gate_level/FLP_mul/Delay/round2/timing.sdf, 3763
module: FLP_mul, "instance: testbench.test_module"
  SDF Warning: The path from   b to mult_31.U1926.B2 doesn't have a simple 
  wire connection, delay will still be annotated.


Warning-[SDFCOM_SWC] Simple Wire Connection
/MasterClass/M143010027_ALU/Hws/HW1/gate_level/FLP_mul/Delay/round2/timing.sdf, 3773
module: FLP_mul, "instance: testbench.test_module"
  SDF Warning: The path from   b to mult_31.U1922.A1 doesn't have a simple 
  wire connection, delay will still be annotated.


Warning-[SDFCOM_SWC] Simple Wire Connection
/MasterClass/M143010027_ALU/Hws/HW1/gate_level/FLP_mul/Delay/round2/timing.sdf, 3774
module: FLP_mul, "instance: testbench.test_module"
  SDF Warning: The path from   a to mult_31.U1922.B1 doesn't have a simple 
  wire connection, delay will still be annotated.


Warning-[SDFCOM_SWC] Simple Wire Connection
/MasterClass/M143010027_ALU/Hws/HW1/gate_level/FLP_mul/Delay/round2/timing.sdf, 3821
module: FLP_mul, "instance: testbench.test_module"
  SDF Warning: The path from   a to mult_31.U1902.I doesn't have a simple wire
  connection, delay will still be annotated.


Warning-[SDFCOM_SWC] Simple Wire Connection
/MasterClass/M143010027_ALU/Hws/HW1/gate_level/FLP_mul/Delay/round2/timing.sdf, 3824
module: FLP_mul, "instance: testbench.test_module"
  SDF Warning: The path from   a to mult_31.U1900.I doesn't have a simple wire
  connection, delay will still be annotated.


Warning-[SDFCOM_SWC] Simple Wire Connection
/MasterClass/M143010027_ALU/Hws/HW1/gate_level/FLP_mul/Delay/round2/timing.sdf, 3878
module: FLP_mul, "instance: testbench.test_module"
  SDF Warning: The path from   a to mult_31.U1874.A1 doesn't have a simple 
  wire connection, delay will still be annotated.


Warning-[SDFCOM_SWC] Simple Wire Connection
/MasterClass/M143010027_ALU/Hws/HW1/gate_level/FLP_mul/Delay/round2/timing.sdf, 3879
module: FLP_mul, "instance: testbench.test_module"
  SDF Warning: The path from   a to mult_31.U1874.A2 doesn't have a simple 
  wire connection, delay will still be annotated.


Warning-[SDFCOM_SWC] Simple Wire Connection
/MasterClass/M143010027_ALU/Hws/HW1/gate_level/FLP_mul/Delay/round2/timing.sdf, 3880
module: FLP_mul, "instance: testbench.test_module"
  SDF Warning: The path from   a to mult_31.U1873.A1 doesn't have a simple 
  wire connection, delay will still be annotated.


Warning-[SDFCOM_SWC] Simple Wire Connection
/MasterClass/M143010027_ALU/Hws/HW1/gate_level/FLP_mul/Delay/round2/timing.sdf, 3881
module: FLP_mul, "instance: testbench.test_module"
  SDF Warning: The path from   a to mult_31.U1873.A2 doesn't have a simple 
  wire connection, delay will still be annotated.


Warning-[SDFCOM_SWC] Simple Wire Connection
/MasterClass/M143010027_ALU/Hws/HW1/gate_level/FLP_mul/Delay/round2/timing.sdf, 3910
module: FLP_mul, "instance: testbench.test_module"
  SDF Warning: The path from   a to mult_31.U1863.A1 doesn't have a simple 
  wire connection, delay will still be annotated.


Warning-[SDFCOM_SWC] Simple Wire Connection
/MasterClass/M143010027_ALU/Hws/HW1/gate_level/FLP_mul/Delay/round2/timing.sdf, 3911
module: FLP_mul, "instance: testbench.test_module"
  SDF Warning: The path from   a to mult_31.U1863.A2 doesn't have a simple 
  wire connection, delay will still be annotated.


Warning-[SDFCOM_SWC] Simple Wire Connection
/MasterClass/M143010027_ALU/Hws/HW1/gate_level/FLP_mul/Delay/round2/timing.sdf, 3922
module: FLP_mul, "instance: testbench.test_module"
  SDF Warning: The path from   b to mult_31.U1858.A2 doesn't have a simple 
  wire connection, delay will still be annotated.


Warning-[SDFCOM_SWC] Simple Wire Connection
/MasterClass/M143010027_ALU/Hws/HW1/gate_level/FLP_mul/Delay/round2/timing.sdf, 3924
module: FLP_mul, "instance: testbench.test_module"
  SDF Warning: The path from   b to mult_31.U1858.B2 doesn't have a simple 
  wire connection, delay will still be annotated.


Warning-[SDFCOM_SWC] Simple Wire Connection
/MasterClass/M143010027_ALU/Hws/HW1/gate_level/FLP_mul/Delay/round2/timing.sdf, 3929
module: FLP_mul, "instance: testbench.test_module"
  SDF Warning: The path from   b to mult_31.U1856.A1 doesn't have a simple 
  wire connection, delay will still be annotated.


Warning-[SDFCOM_SWC] Simple Wire Connection
/MasterClass/M143010027_ALU/Hws/HW1/gate_level/FLP_mul/Delay/round2/timing.sdf, 3930
module: FLP_mul, "instance: testbench.test_module"
  SDF Warning: The path from   a to mult_31.U1856.A2 doesn't have a simple 
  wire connection, delay will still be annotated.


Warning-[SDFCOM_SWC] Simple Wire Connection
/MasterClass/M143010027_ALU/Hws/HW1/gate_level/FLP_mul/Delay/round2/timing.sdf, 3935
module: FLP_mul, "instance: testbench.test_module"
  SDF Warning: The path from   a to mult_31.U1854.A1 doesn't have a simple 
  wire connection, delay will still be annotated.


Warning-[SDFCOM_SWC] Simple Wire Connection
/MasterClass/M143010027_ALU/Hws/HW1/gate_level/FLP_mul/Delay/round2/timing.sdf, 3936
module: FLP_mul, "instance: testbench.test_module"
  SDF Warning: The path from   a to mult_31.U1854.A2 doesn't have a simple 
  wire connection, delay will still be annotated.


Warning-[SDFCOM_SWC] Simple Wire Connection
/MasterClass/M143010027_ALU/Hws/HW1/gate_level/FLP_mul/Delay/round2/timing.sdf, 3939
module: FLP_mul, "instance: testbench.test_module"
  SDF Warning: The path from   a to mult_31.U1852.A1 doesn't have a simple 
  wire connection, delay will still be annotated.


Warning-[SDFCOM_SWC] Simple Wire Connection
/MasterClass/M143010027_ALU/Hws/HW1/gate_level/FLP_mul/Delay/round2/timing.sdf, 3940
module: FLP_mul, "instance: testbench.test_module"
  SDF Warning: The path from   a to mult_31.U1852.A2 doesn't have a simple 
  wire connection, delay will still be annotated.


Warning-[SDFCOM_SWC] Simple Wire Connection
/MasterClass/M143010027_ALU/Hws/HW1/gate_level/FLP_mul/Delay/round2/timing.sdf, 3946
module: FLP_mul, "instance: testbench.test_module"
  SDF Warning: The path from   b to mult_31.U1849.A1 doesn't have a simple 
  wire connection, delay will still be annotated.


Warning-[SDFCOM_SWC] Simple Wire Connection
/MasterClass/M143010027_ALU/Hws/HW1/gate_level/FLP_mul/Delay/round2/timing.sdf, 3947
module: FLP_mul, "instance: testbench.test_module"
  SDF Warning: The path from   a to mult_31.U1849.A2 doesn't have a simple 
  wire connection, delay will still be annotated.


Warning-[SDFCOM_SWC] Simple Wire Connection
/MasterClass/M143010027_ALU/Hws/HW1/gate_level/FLP_mul/Delay/round2/timing.sdf, 3956
module: FLP_mul, "instance: testbench.test_module"
  SDF Warning: The path from   a to mult_31.U1844.A1 doesn't have a simple 
  wire connection, delay will still be annotated.


Warning-[SDFCOM_SWC] Simple Wire Connection
/MasterClass/M143010027_ALU/Hws/HW1/gate_level/FLP_mul/Delay/round2/timing.sdf, 3957
module: FLP_mul, "instance: testbench.test_module"
  SDF Warning: The path from   a to mult_31.U1844.A2 doesn't have a simple 
  wire connection, delay will still be annotated.


Warning-[SDFCOM_SWC] Simple Wire Connection
/MasterClass/M143010027_ALU/Hws/HW1/gate_level/FLP_mul/Delay/round2/timing.sdf, 3960
module: FLP_mul, "instance: testbench.test_module"
  SDF Warning: The path from   b to mult_31.U1842.A1 doesn't have a simple 
  wire connection, delay will still be annotated.


Warning-[SDFCOM_SWC] Simple Wire Connection
/MasterClass/M143010027_ALU/Hws/HW1/gate_level/FLP_mul/Delay/round2/timing.sdf, 3961
module: FLP_mul, "instance: testbench.test_module"
  SDF Warning: The path from   a to mult_31.U1842.A2 doesn't have a simple 
  wire connection, delay will still be annotated.


Warning-[SDFCOM_SWC] Simple Wire Connection
/MasterClass/M143010027_ALU/Hws/HW1/gate_level/FLP_mul/Delay/round2/timing.sdf, 3962
module: FLP_mul, "instance: testbench.test_module"
  SDF Warning: The path from   a to mult_31.U1841.A1 doesn't have a simple 
  wire connection, delay will still be annotated.


Warning-[SDFCOM_SWC] Simple Wire Connection
/MasterClass/M143010027_ALU/Hws/HW1/gate_level/FLP_mul/Delay/round2/timing.sdf, 3963
module: FLP_mul, "instance: testbench.test_module"
  SDF Warning: The path from   a to mult_31.U1841.A2 doesn't have a simple 
  wire connection, delay will still be annotated.


Warning-[SDFCOM_SWC] Simple Wire Connection
/MasterClass/M143010027_ALU/Hws/HW1/gate_level/FLP_mul/Delay/round2/timing.sdf, 3964
module: FLP_mul, "instance: testbench.test_module"
  SDF Warning: The path from   b to mult_31.U1840.A1 doesn't have a simple 
  wire connection, delay will still be annotated.


Warning-[SDFCOM_SWC] Simple Wire Connection
/MasterClass/M143010027_ALU/Hws/HW1/gate_level/FLP_mul/Delay/round2/timing.sdf, 3965
module: FLP_mul, "instance: testbench.test_module"
  SDF Warning: The path from   a to mult_31.U1840.A2 doesn't have a simple 
  wire connection, delay will still be annotated.


Warning-[SDFCOM_SWC] Simple Wire Connection
/MasterClass/M143010027_ALU/Hws/HW1/gate_level/FLP_mul/Delay/round2/timing.sdf, 3966
module: FLP_mul, "instance: testbench.test_module"
  SDF Warning: The path from   b to mult_31.U1839.A1 doesn't have a simple 
  wire connection, delay will still be annotated.


Warning-[SDFCOM_SWC] Simple Wire Connection
/MasterClass/M143010027_ALU/Hws/HW1/gate_level/FLP_mul/Delay/round2/timing.sdf, 3967
module: FLP_mul, "instance: testbench.test_module"
  SDF Warning: The path from   a to mult_31.U1839.A2 doesn't have a simple 
  wire connection, delay will still be annotated.


Warning-[SDFCOM_SWC] Simple Wire Connection
/MasterClass/M143010027_ALU/Hws/HW1/gate_level/FLP_mul/Delay/round2/timing.sdf, 3987
module: FLP_mul, "instance: testbench.test_module"
  SDF Warning: The path from   b to mult_31.U1831.A1 doesn't have a simple 
  wire connection, delay will still be annotated.


Warning-[SDFCOM_SWC] Simple Wire Connection
/MasterClass/M143010027_ALU/Hws/HW1/gate_level/FLP_mul/Delay/round2/timing.sdf, 3988
module: FLP_mul, "instance: testbench.test_module"
  SDF Warning: The path from   a to mult_31.U1831.A2 doesn't have a simple 
  wire connection, delay will still be annotated.


Warning-[SDFCOM_SWC] Simple Wire Connection
/MasterClass/M143010027_ALU/Hws/HW1/gate_level/FLP_mul/Delay/round2/timing.sdf, 3989
module: FLP_mul, "instance: testbench.test_module"
  SDF Warning: The path from   b to mult_31.U1830.A1 doesn't have a simple 
  wire connection, delay will still be annotated.


Warning-[SDFCOM_SWC] Simple Wire Connection
/MasterClass/M143010027_ALU/Hws/HW1/gate_level/FLP_mul/Delay/round2/timing.sdf, 3990
module: FLP_mul, "instance: testbench.test_module"
  SDF Warning: The path from   a to mult_31.U1830.A2 doesn't have a simple 
  wire connection, delay will still be annotated.


Warning-[SDFCOM_SWC] Simple Wire Connection
/MasterClass/M143010027_ALU/Hws/HW1/gate_level/FLP_mul/Delay/round2/timing.sdf, 3991
module: FLP_mul, "instance: testbench.test_module"
  SDF Warning: The path from   b to mult_31.U1829.A1 doesn't have a simple 
  wire connection, delay will still be annotated.


Warning-[SDFCOM_SWC] Simple Wire Connection
/MasterClass/M143010027_ALU/Hws/HW1/gate_level/FLP_mul/Delay/round2/timing.sdf, 3992
module: FLP_mul, "instance: testbench.test_module"
  SDF Warning: The path from   a to mult_31.U1829.A2 doesn't have a simple 
  wire connection, delay will still be annotated.


Warning-[SDFCOM_SWC] Simple Wire Connection
/MasterClass/M143010027_ALU/Hws/HW1/gate_level/FLP_mul/Delay/round2/timing.sdf, 3993
module: FLP_mul, "instance: testbench.test_module"
  SDF Warning: The path from   b to mult_31.U1828.A1 doesn't have a simple 
  wire connection, delay will still be annotated.


Warning-[SDFCOM_SWC] Simple Wire Connection
/MasterClass/M143010027_ALU/Hws/HW1/gate_level/FLP_mul/Delay/round2/timing.sdf, 3994
module: FLP_mul, "instance: testbench.test_module"
  SDF Warning: The path from   a to mult_31.U1828.A2 doesn't have a simple 
  wire connection, delay will still be annotated.


Warning-[SDFCOM_SWC] Simple Wire Connection
/MasterClass/M143010027_ALU/Hws/HW1/gate_level/FLP_mul/Delay/round2/timing.sdf, 3995
module: FLP_mul, "instance: testbench.test_module"
  SDF Warning: The path from   b to mult_31.U1827.A1 doesn't have a simple 
  wire connection, delay will still be annotated.


Warning-[SDFCOM_SWC] Simple Wire Connection
/MasterClass/M143010027_ALU/Hws/HW1/gate_level/FLP_mul/Delay/round2/timing.sdf, 3996
module: FLP_mul, "instance: testbench.test_module"
  SDF Warning: The path from   a to mult_31.U1827.A2 doesn't have a simple 
  wire connection, delay will still be annotated.


Warning-[SDFCOM_SWC] Simple Wire Connection
/MasterClass/M143010027_ALU/Hws/HW1/gate_level/FLP_mul/Delay/round2/timing.sdf, 3997
module: FLP_mul, "instance: testbench.test_module"
  SDF Warning: The path from   b to mult_31.U1826.A1 doesn't have a simple 
  wire connection, delay will still be annotated.


Warning-[SDFCOM_SWC] Simple Wire Connection
/MasterClass/M143010027_ALU/Hws/HW1/gate_level/FLP_mul/Delay/round2/timing.sdf, 3998
module: FLP_mul, "instance: testbench.test_module"
  SDF Warning: The path from   a to mult_31.U1826.A2 doesn't have a simple 
  wire connection, delay will still be annotated.


Warning-[SDFCOM_SWC] Simple Wire Connection
/MasterClass/M143010027_ALU/Hws/HW1/gate_level/FLP_mul/Delay/round2/timing.sdf, 4001
module: FLP_mul, "instance: testbench.test_module"
  SDF Warning: The path from   a to mult_31.U1824.A1 doesn't have a simple 
  wire connection, delay will still be annotated.


Warning-[SDFCOM_SWC] Simple Wire Connection
/MasterClass/M143010027_ALU/Hws/HW1/gate_level/FLP_mul/Delay/round2/timing.sdf, 4002
module: FLP_mul, "instance: testbench.test_module"
  SDF Warning: The path from   a to mult_31.U1824.A2 doesn't have a simple 
  wire connection, delay will still be annotated.


Warning-[SDFCOM_SWC] Simple Wire Connection
/MasterClass/M143010027_ALU/Hws/HW1/gate_level/FLP_mul/Delay/round2/timing.sdf, 4003
module: FLP_mul, "instance: testbench.test_module"
  SDF Warning: The path from   b to mult_31.U1823.A1 doesn't have a simple 
  wire connection, delay will still be annotated.


Warning-[SDFCOM_SWC] Simple Wire Connection
/MasterClass/M143010027_ALU/Hws/HW1/gate_level/FLP_mul/Delay/round2/timing.sdf, 4004
module: FLP_mul, "instance: testbench.test_module"
  SDF Warning: The path from   a to mult_31.U1823.A2 doesn't have a simple 
  wire connection, delay will still be annotated.


Warning-[SDFCOM_SWC] Simple Wire Connection
/MasterClass/M143010027_ALU/Hws/HW1/gate_level/FLP_mul/Delay/round2/timing.sdf, 4005
module: FLP_mul, "instance: testbench.test_module"
  SDF Warning: The path from   b to mult_31.U1822.A1 doesn't have a simple 
  wire connection, delay will still be annotated.


Warning-[SDFCOM_SWC] Simple Wire Connection
/MasterClass/M143010027_ALU/Hws/HW1/gate_level/FLP_mul/Delay/round2/timing.sdf, 4006
module: FLP_mul, "instance: testbench.test_module"
  SDF Warning: The path from   a to mult_31.U1822.A2 doesn't have a simple 
  wire connection, delay will still be annotated.


Warning-[SDFCOM_SWC] Simple Wire Connection
/MasterClass/M143010027_ALU/Hws/HW1/gate_level/FLP_mul/Delay/round2/timing.sdf, 4007
module: FLP_mul, "instance: testbench.test_module"
  SDF Warning: The path from   b to mult_31.U1821.A1 doesn't have a simple 
  wire connection, delay will still be annotated.


Warning-[SDFCOM_SWC] Simple Wire Connection
/MasterClass/M143010027_ALU/Hws/HW1/gate_level/FLP_mul/Delay/round2/timing.sdf, 4008
module: FLP_mul, "instance: testbench.test_module"
  SDF Warning: The path from   a to mult_31.U1821.A2 doesn't have a simple 
  wire connection, delay will still be annotated.


Warning-[SDFCOM_SWC] Simple Wire Connection
/MasterClass/M143010027_ALU/Hws/HW1/gate_level/FLP_mul/Delay/round2/timing.sdf, 4013
module: FLP_mul, "instance: testbench.test_module"
  SDF Warning: The path from   a to mult_31.U1819.I doesn't have a simple wire
  connection, delay will still be annotated.


Warning-[SDFCOM_SWC] Simple Wire Connection
/MasterClass/M143010027_ALU/Hws/HW1/gate_level/FLP_mul/Delay/round2/timing.sdf, 4014
module: FLP_mul, "instance: testbench.test_module"
  SDF Warning: The path from   b to mult_31.U1818.A1 doesn't have a simple 
  wire connection, delay will still be annotated.


Warning-[SDFCOM_SWC] Simple Wire Connection
/MasterClass/M143010027_ALU/Hws/HW1/gate_level/FLP_mul/Delay/round2/timing.sdf, 4015
module: FLP_mul, "instance: testbench.test_module"
  SDF Warning: The path from   a to mult_31.U1818.A2 doesn't have a simple 
  wire connection, delay will still be annotated.


Warning-[SDFCOM_SWC] Simple Wire Connection
/MasterClass/M143010027_ALU/Hws/HW1/gate_level/FLP_mul/Delay/round2/timing.sdf, 4016
module: FLP_mul, "instance: testbench.test_module"
  SDF Warning: The path from   b to mult_31.U1817.A1 doesn't have a simple 
  wire connection, delay will still be annotated.


Warning-[SDFCOM_SWC] Simple Wire Connection
/MasterClass/M143010027_ALU/Hws/HW1/gate_level/FLP_mul/Delay/round2/timing.sdf, 4017
module: FLP_mul, "instance: testbench.test_module"
  SDF Warning: The path from   a to mult_31.U1817.A2 doesn't have a simple 
  wire connection, delay will still be annotated.


Warning-[SDFCOM_SWC] Simple Wire Connection
/MasterClass/M143010027_ALU/Hws/HW1/gate_level/FLP_mul/Delay/round2/timing.sdf, 4018
module: FLP_mul, "instance: testbench.test_module"
  SDF Warning: The path from   b to mult_31.U1816.A1 doesn't have a simple 
  wire connection, delay will still be annotated.


Warning-[SDFCOM_SWC] Simple Wire Connection
/MasterClass/M143010027_ALU/Hws/HW1/gate_level/FLP_mul/Delay/round2/timing.sdf, 4019
module: FLP_mul, "instance: testbench.test_module"
  SDF Warning: The path from   a to mult_31.U1816.A2 doesn't have a simple 
  wire connection, delay will still be annotated.


Warning-[SDFCOM_SWC] Simple Wire Connection
/MasterClass/M143010027_ALU/Hws/HW1/gate_level/FLP_mul/Delay/round2/timing.sdf, 4020
module: FLP_mul, "instance: testbench.test_module"
  SDF Warning: The path from   b to mult_31.U1815.A1 doesn't have a simple 
  wire connection, delay will still be annotated.


Warning-[SDFCOM_SWC] Simple Wire Connection
/MasterClass/M143010027_ALU/Hws/HW1/gate_level/FLP_mul/Delay/round2/timing.sdf, 4024
module: FLP_mul, "instance: testbench.test_module"
  SDF Warning: The path from   b to mult_31.U1813.A1 doesn't have a simple 
  wire connection, delay will still be annotated.


Warning-[SDFCOM_SWC] Simple Wire Connection
/MasterClass/M143010027_ALU/Hws/HW1/gate_level/FLP_mul/Delay/round2/timing.sdf, 4025
module: FLP_mul, "instance: testbench.test_module"
  SDF Warning: The path from   a to mult_31.U1813.A2 doesn't have a simple 
  wire connection, delay will still be annotated.


Warning-[SDFCOM_SWC] Simple Wire Connection
/MasterClass/M143010027_ALU/Hws/HW1/gate_level/FLP_mul/Delay/round2/timing.sdf, 4026
module: FLP_mul, "instance: testbench.test_module"
  SDF Warning: The path from   b to mult_31.U1812.A1 doesn't have a simple 
  wire connection, delay will still be annotated.


Warning-[SDFCOM_SWC] Simple Wire Connection
/MasterClass/M143010027_ALU/Hws/HW1/gate_level/FLP_mul/Delay/round2/timing.sdf, 4027
module: FLP_mul, "instance: testbench.test_module"
  SDF Warning: The path from   a to mult_31.U1812.A2 doesn't have a simple 
  wire connection, delay will still be annotated.


Warning-[SDFCOM_SWC] Simple Wire Connection
/MasterClass/M143010027_ALU/Hws/HW1/gate_level/FLP_mul/Delay/round2/timing.sdf, 4030
module: FLP_mul, "instance: testbench.test_module"
  SDF Warning: The path from   b to mult_31.U1810.A1 doesn't have a simple 
  wire connection, delay will still be annotated.


Warning-[SDFCOM_SWC] Simple Wire Connection
/MasterClass/M143010027_ALU/Hws/HW1/gate_level/FLP_mul/Delay/round2/timing.sdf, 4036
module: FLP_mul, "instance: testbench.test_module"
  SDF Warning: The path from   b to mult_31.U1807.A1 doesn't have a simple 
  wire connection, delay will still be annotated.


Warning-[SDFCOM_SWC] Simple Wire Connection
/MasterClass/M143010027_ALU/Hws/HW1/gate_level/FLP_mul/Delay/round2/timing.sdf, 4078
module: FLP_mul, "instance: testbench.test_module"
  SDF Warning: The path from   b to mult_31.U1789.A2 doesn't have a simple 
  wire connection, delay will still be annotated.


Warning-[SDFCOM_SWC] Simple Wire Connection
/MasterClass/M143010027_ALU/Hws/HW1/gate_level/FLP_mul/Delay/round2/timing.sdf, 4080
module: FLP_mul, "instance: testbench.test_module"
  SDF Warning: The path from   b to mult_31.U1789.B2 doesn't have a simple 
  wire connection, delay will still be annotated.


Warning-[SDFCOM_SWC] Simple Wire Connection
/MasterClass/M143010027_ALU/Hws/HW1/gate_level/FLP_mul/Delay/round2/timing.sdf, 4086
module: FLP_mul, "instance: testbench.test_module"
  SDF Warning: The path from   a to mult_31.U1787.B2 doesn't have a simple 
  wire connection, delay will still be annotated.


Warning-[SDFCOM_SWC] Simple Wire Connection
/MasterClass/M143010027_ALU/Hws/HW1/gate_level/FLP_mul/Delay/round2/timing.sdf, 4103
module: FLP_mul, "instance: testbench.test_module"
  SDF Warning: The path from   b to mult_31.U1781.A1 doesn't have a simple 
  wire connection, delay will still be annotated.


Warning-[SDFCOM_SWC] Simple Wire Connection
/MasterClass/M143010027_ALU/Hws/HW1/gate_level/FLP_mul/Delay/round2/timing.sdf, 4104
module: FLP_mul, "instance: testbench.test_module"
  SDF Warning: The path from   a to mult_31.U1781.A2 doesn't have a simple 
  wire connection, delay will still be annotated.


Warning-[SDFCOM_SWC] Simple Wire Connection
/MasterClass/M143010027_ALU/Hws/HW1/gate_level/FLP_mul/Delay/round2/timing.sdf, 4105
module: FLP_mul, "instance: testbench.test_module"
  SDF Warning: The path from   b to mult_31.U1780.A1 doesn't have a simple 
  wire connection, delay will still be annotated.


Warning-[SDFCOM_SWC] Simple Wire Connection
/MasterClass/M143010027_ALU/Hws/HW1/gate_level/FLP_mul/Delay/round2/timing.sdf, 4106
module: FLP_mul, "instance: testbench.test_module"
  SDF Warning: The path from   a to mult_31.U1780.A2 doesn't have a simple 
  wire connection, delay will still be annotated.


Warning-[SDFCOM_SWC] Simple Wire Connection
/MasterClass/M143010027_ALU/Hws/HW1/gate_level/FLP_mul/Delay/round2/timing.sdf, 4110
module: FLP_mul, "instance: testbench.test_module"
  SDF Warning: The path from   b to mult_31.U1778.A2 doesn't have a simple 
  wire connection, delay will still be annotated.


Warning-[SDFCOM_SWC] Simple Wire Connection
/MasterClass/M143010027_ALU/Hws/HW1/gate_level/FLP_mul/Delay/round2/timing.sdf, 4112
module: FLP_mul, "instance: testbench.test_module"
  SDF Warning: The path from   b to mult_31.U1778.B2 doesn't have a simple 
  wire connection, delay will still be annotated.


Warning-[SDFCOM_SWC] Simple Wire Connection
/MasterClass/M143010027_ALU/Hws/HW1/gate_level/FLP_mul/Delay/round2/timing.sdf, 4156
module: FLP_mul, "instance: testbench.test_module"
  SDF Warning: The path from   b to mult_31.U1760.A1 doesn't have a simple 
  wire connection, delay will still be annotated.


Warning-[SDFCOM_SWC] Simple Wire Connection
/MasterClass/M143010027_ALU/Hws/HW1/gate_level/FLP_mul/Delay/round2/timing.sdf, 4157
module: FLP_mul, "instance: testbench.test_module"
  SDF Warning: The path from   a to mult_31.U1760.A2 doesn't have a simple 
  wire connection, delay will still be annotated.


Warning-[SDFCOM_SWC] Simple Wire Connection
/MasterClass/M143010027_ALU/Hws/HW1/gate_level/FLP_mul/Delay/round2/timing.sdf, 4164
module: FLP_mul, "instance: testbench.test_module"
  SDF Warning: The path from   a to mult_31.U1757.I doesn't have a simple wire
  connection, delay will still be annotated.


Warning-[SDFCOM_SWC] Simple Wire Connection
/MasterClass/M143010027_ALU/Hws/HW1/gate_level/FLP_mul/Delay/round2/timing.sdf, 4178
module: FLP_mul, "instance: testbench.test_module"
  SDF Warning: The path from   a to mult_31.U1750.A1 doesn't have a simple 
  wire connection, delay will still be annotated.


Warning-[SDFCOM_SWC] Simple Wire Connection
/MasterClass/M143010027_ALU/Hws/HW1/gate_level/FLP_mul/Delay/round2/timing.sdf, 4179
module: FLP_mul, "instance: testbench.test_module"
  SDF Warning: The path from   a to mult_31.U1750.A2 doesn't have a simple 
  wire connection, delay will still be annotated.


Warning-[SDFCOM_SWC] Simple Wire Connection
/MasterClass/M143010027_ALU/Hws/HW1/gate_level/FLP_mul/Delay/round2/timing.sdf, 4200
module: FLP_mul, "instance: testbench.test_module"
  SDF Warning: The path from   a to mult_31.U1742.S doesn't have a simple wire
  connection, delay will still be annotated.


Warning-[SDFCOM_SWC] Simple Wire Connection
/MasterClass/M143010027_ALU/Hws/HW1/gate_level/FLP_mul/Delay/round2/timing.sdf, 4214
module: FLP_mul, "instance: testbench.test_module"
  SDF Warning: The path from   b to mult_31.U1734.A1 doesn't have a simple 
  wire connection, delay will still be annotated.


Warning-[SDFCOM_SWC] Simple Wire Connection
/MasterClass/M143010027_ALU/Hws/HW1/gate_level/FLP_mul/Delay/round2/timing.sdf, 4293
module: FLP_mul, "instance: testbench.test_module"
  SDF Warning: The path from   a to mult_31.U1703.A1 doesn't have a simple 
  wire connection, delay will still be annotated.


Warning-[SDFCOM_SWC] Simple Wire Connection
/MasterClass/M143010027_ALU/Hws/HW1/gate_level/FLP_mul/Delay/round2/timing.sdf, 4294
module: FLP_mul, "instance: testbench.test_module"
  SDF Warning: The path from   a to mult_31.U1703.A2 doesn't have a simple 
  wire connection, delay will still be annotated.


Warning-[SDFCOM_SWC] Simple Wire Connection
/MasterClass/M143010027_ALU/Hws/HW1/gate_level/FLP_mul/Delay/round2/timing.sdf, 4363
module: FLP_mul, "instance: testbench.test_module"
  SDF Warning: The path from   b to mult_31.U1673.A1 doesn't have a simple 
  wire connection, delay will still be annotated.


Warning-[SDFCOM_SWC] Simple Wire Connection
/MasterClass/M143010027_ALU/Hws/HW1/gate_level/FLP_mul/Delay/round2/timing.sdf, 4383
module: FLP_mul, "instance: testbench.test_module"
  SDF Warning: The path from   a to mult_31.U1663.A1 doesn't have a simple 
  wire connection, delay will still be annotated.


Warning-[SDFCOM_SWC] Simple Wire Connection
/MasterClass/M143010027_ALU/Hws/HW1/gate_level/FLP_mul/Delay/round2/timing.sdf, 4433
module: FLP_mul, "instance: testbench.test_module"
  SDF Warning: The path from   b to mult_31.U1643.A1 doesn't have a simple 
  wire connection, delay will still be annotated.


Warning-[SDFCOM_SWC] Simple Wire Connection
/MasterClass/M143010027_ALU/Hws/HW1/gate_level/FLP_mul/Delay/round2/timing.sdf, 4462
module: FLP_mul, "instance: testbench.test_module"
  SDF Warning: The path from   a to mult_31.U1631.A1 doesn't have a simple 
  wire connection, delay will still be annotated.


Warning-[SDFCOM_SWC] Simple Wire Connection
/MasterClass/M143010027_ALU/Hws/HW1/gate_level/FLP_mul/Delay/round2/timing.sdf, 4463
module: FLP_mul, "instance: testbench.test_module"
  SDF Warning: The path from   a to mult_31.U1631.A2 doesn't have a simple 
  wire connection, delay will still be annotated.


Warning-[SDFCOM_SWC] Simple Wire Connection
/MasterClass/M143010027_ALU/Hws/HW1/gate_level/FLP_mul/Delay/round2/timing.sdf, 4469
module: FLP_mul, "instance: testbench.test_module"
  SDF Warning: The path from   b to mult_31.U1627.A1 doesn't have a simple 
  wire connection, delay will still be annotated.


Warning-[SDFCOM_SWC] Simple Wire Connection
/MasterClass/M143010027_ALU/Hws/HW1/gate_level/FLP_mul/Delay/round2/timing.sdf, 4470
module: FLP_mul, "instance: testbench.test_module"
  SDF Warning: The path from   a to mult_31.U1627.A2 doesn't have a simple 
  wire connection, delay will still be annotated.


Warning-[SDFCOM_SWC] Simple Wire Connection
/MasterClass/M143010027_ALU/Hws/HW1/gate_level/FLP_mul/Delay/round2/timing.sdf, 4495
module: FLP_mul, "instance: testbench.test_module"
  SDF Warning: The path from   b to mult_31.U1618.A1 doesn't have a simple 
  wire connection, delay will still be annotated.


Warning-[SDFCOM_SWC] Simple Wire Connection
/MasterClass/M143010027_ALU/Hws/HW1/gate_level/FLP_mul/Delay/round2/timing.sdf, 4496
module: FLP_mul, "instance: testbench.test_module"
  SDF Warning: The path from   a to mult_31.U1618.A2 doesn't have a simple 
  wire connection, delay will still be annotated.


Warning-[SDFCOM_SWC] Simple Wire Connection
/MasterClass/M143010027_ALU/Hws/HW1/gate_level/FLP_mul/Delay/round2/timing.sdf, 4511
module: FLP_mul, "instance: testbench.test_module"
  SDF Warning: The path from   a to mult_31.U1612.B2 doesn't have a simple 
  wire connection, delay will still be annotated.


Warning-[SDFCOM_SWC] Simple Wire Connection
/MasterClass/M143010027_ALU/Hws/HW1/gate_level/FLP_mul/Delay/round2/timing.sdf, 4521
module: FLP_mul, "instance: testbench.test_module"
  SDF Warning: The path from   a to mult_31.U1607.A1 doesn't have a simple 
  wire connection, delay will still be annotated.


Warning-[SDFCOM_SWC] Simple Wire Connection
/MasterClass/M143010027_ALU/Hws/HW1/gate_level/FLP_mul/Delay/round2/timing.sdf, 4522
module: FLP_mul, "instance: testbench.test_module"
  SDF Warning: The path from   a to mult_31.U1607.A2 doesn't have a simple 
  wire connection, delay will still be annotated.


Warning-[SDFCOM_SWC] Simple Wire Connection
/MasterClass/M143010027_ALU/Hws/HW1/gate_level/FLP_mul/Delay/round2/timing.sdf, 4526
module: FLP_mul, "instance: testbench.test_module"
  SDF Warning: The path from   a to mult_31.U1606.A2 doesn't have a simple 
  wire connection, delay will still be annotated.


Warning-[SDFCOM_SWC] Simple Wire Connection
/MasterClass/M143010027_ALU/Hws/HW1/gate_level/FLP_mul/Delay/round2/timing.sdf, 4538
module: FLP_mul, "instance: testbench.test_module"
  SDF Warning: The path from   a to mult_31.U1600.A1 doesn't have a simple 
  wire connection, delay will still be annotated.


Warning-[SDFCOM_SWC] Simple Wire Connection
/MasterClass/M143010027_ALU/Hws/HW1/gate_level/FLP_mul/Delay/round2/timing.sdf, 4539
module: FLP_mul, "instance: testbench.test_module"
  SDF Warning: The path from   a to mult_31.U1600.A2 doesn't have a simple 
  wire connection, delay will still be annotated.


Warning-[SDFCOM_SWC] Simple Wire Connection
/MasterClass/M143010027_ALU/Hws/HW1/gate_level/FLP_mul/Delay/round2/timing.sdf, 4544
module: FLP_mul, "instance: testbench.test_module"
  SDF Warning: The path from   a to mult_31.U1597.A1 doesn't have a simple 
  wire connection, delay will still be annotated.


Warning-[SDFCOM_SWC] Simple Wire Connection
/MasterClass/M143010027_ALU/Hws/HW1/gate_level/FLP_mul/Delay/round2/timing.sdf, 4545
module: FLP_mul, "instance: testbench.test_module"
  SDF Warning: The path from   a to mult_31.U1597.A2 doesn't have a simple 
  wire connection, delay will still be annotated.


Warning-[SDFCOM_SWC] Simple Wire Connection
/MasterClass/M143010027_ALU/Hws/HW1/gate_level/FLP_mul/Delay/round2/timing.sdf, 4552
module: FLP_mul, "instance: testbench.test_module"
  SDF Warning: The path from   a to mult_31.U1593.A1 doesn't have a simple 
  wire connection, delay will still be annotated.


Warning-[SDFCOM_SWC] Simple Wire Connection
/MasterClass/M143010027_ALU/Hws/HW1/gate_level/FLP_mul/Delay/round2/timing.sdf, 4553
module: FLP_mul, "instance: testbench.test_module"
  SDF Warning: The path from   a to mult_31.U1593.A2 doesn't have a simple 
  wire connection, delay will still be annotated.


Warning-[SDFCOM_SWC] Simple Wire Connection
/MasterClass/M143010027_ALU/Hws/HW1/gate_level/FLP_mul/Delay/round2/timing.sdf, 4574
module: FLP_mul, "instance: testbench.test_module"
  SDF Warning: The path from   a to mult_31.U1582.A1 doesn't have a simple 
  wire connection, delay will still be annotated.


Warning-[SDFCOM_SWC] Simple Wire Connection
/MasterClass/M143010027_ALU/Hws/HW1/gate_level/FLP_mul/Delay/round2/timing.sdf, 4575
module: FLP_mul, "instance: testbench.test_module"
  SDF Warning: The path from   a to mult_31.U1582.A2 doesn't have a simple 
  wire connection, delay will still be annotated.


Warning-[SDFCOM_SWC] Simple Wire Connection
/MasterClass/M143010027_ALU/Hws/HW1/gate_level/FLP_mul/Delay/round2/timing.sdf, 4606
module: FLP_mul, "instance: testbench.test_module"
  SDF Warning: The path from   a to mult_31.U1566.A1 doesn't have a simple 
  wire connection, delay will still be annotated.


Warning-[SDFCOM_SWC] Simple Wire Connection
/MasterClass/M143010027_ALU/Hws/HW1/gate_level/FLP_mul/Delay/round2/timing.sdf, 4607
module: FLP_mul, "instance: testbench.test_module"
  SDF Warning: The path from   a to mult_31.U1566.A2 doesn't have a simple 
  wire connection, delay will still be annotated.


Warning-[SDFCOM_SWC] Simple Wire Connection
/MasterClass/M143010027_ALU/Hws/HW1/gate_level/FLP_mul/Delay/round2/timing.sdf, 4608
module: FLP_mul, "instance: testbench.test_module"
  SDF Warning: The path from   a to mult_31.U1565.A1 doesn't have a simple 
  wire connection, delay will still be annotated.


Warning-[SDFCOM_SWC] Simple Wire Connection
/MasterClass/M143010027_ALU/Hws/HW1/gate_level/FLP_mul/Delay/round2/timing.sdf, 4609
module: FLP_mul, "instance: testbench.test_module"
  SDF Warning: The path from   a to mult_31.U1565.A2 doesn't have a simple 
  wire connection, delay will still be annotated.


Warning-[SDFCOM_SWC] Simple Wire Connection
/MasterClass/M143010027_ALU/Hws/HW1/gate_level/FLP_mul/Delay/round2/timing.sdf, 4616
module: FLP_mul, "instance: testbench.test_module"
  SDF Warning: The path from   a to mult_31.U1556.A1 doesn't have a simple 
  wire connection, delay will still be annotated.


Warning-[SDFCOM_SWC] Simple Wire Connection
/MasterClass/M143010027_ALU/Hws/HW1/gate_level/FLP_mul/Delay/round2/timing.sdf, 4617
module: FLP_mul, "instance: testbench.test_module"
  SDF Warning: The path from   a to mult_31.U1556.A2 doesn't have a simple 
  wire connection, delay will still be annotated.


Warning-[SDFCOM_SWC] Simple Wire Connection
/MasterClass/M143010027_ALU/Hws/HW1/gate_level/FLP_mul/Delay/round2/timing.sdf, 4618
module: FLP_mul, "instance: testbench.test_module"
  SDF Warning: The path from   a to mult_31.U1553.A1 doesn't have a simple 
  wire connection, delay will still be annotated.


Warning-[SDFCOM_SWC] Simple Wire Connection
/MasterClass/M143010027_ALU/Hws/HW1/gate_level/FLP_mul/Delay/round2/timing.sdf, 4619
module: FLP_mul, "instance: testbench.test_module"
  SDF Warning: The path from   a to mult_31.U1553.A2 doesn't have a simple 
  wire connection, delay will still be annotated.


Warning-[SDFCOM_SWC] Simple Wire Connection
/MasterClass/M143010027_ALU/Hws/HW1/gate_level/FLP_mul/Delay/round2/timing.sdf, 4620
module: FLP_mul, "instance: testbench.test_module"
  SDF Warning: The path from   a to mult_31.U1547.A1 doesn't have a simple 
  wire connection, delay will still be annotated.


Warning-[SDFCOM_SWC] Simple Wire Connection
/MasterClass/M143010027_ALU/Hws/HW1/gate_level/FLP_mul/Delay/round2/timing.sdf, 4621
module: FLP_mul, "instance: testbench.test_module"
  SDF Warning: The path from   a to mult_31.U1547.A2 doesn't have a simple 
  wire connection, delay will still be annotated.


Warning-[SDFCOM_SWC] Simple Wire Connection
/MasterClass/M143010027_ALU/Hws/HW1/gate_level/FLP_mul/Delay/round2/timing.sdf, 4780
module: FLP_mul, "instance: testbench.test_module"
  SDF Warning: The path from   a to mult_31.U1233.S doesn't have a simple wire
  connection, delay will still be annotated.


Warning-[SDFCOM_SWC] Simple Wire Connection
/MasterClass/M143010027_ALU/Hws/HW1/gate_level/FLP_mul/Delay/round2/timing.sdf, 4832
module: FLP_mul, "instance: testbench.test_module"
  SDF Warning: The path from   a to mult_31.U1182.B2 doesn't have a simple 
  wire connection, delay will still be annotated.


Warning-[SDFCOM_SWC] Simple Wire Connection
/MasterClass/M143010027_ALU/Hws/HW1/gate_level/FLP_mul/Delay/round2/timing.sdf, 4970
module: FLP_mul, "instance: testbench.test_module"
  SDF Warning: The path from   b to mult_31.U878.A2 doesn't have a simple wire
  connection, delay will still be annotated.


Warning-[SDFCOM_SWC] Simple Wire Connection
/MasterClass/M143010027_ALU/Hws/HW1/gate_level/FLP_mul/Delay/round2/timing.sdf, 4972
module: FLP_mul, "instance: testbench.test_module"
  SDF Warning: The path from   b to mult_31.U878.B2 doesn't have a simple wire
  connection, delay will still be annotated.


Warning-[SDFCOM_SWC] Simple Wire Connection
/MasterClass/M143010027_ALU/Hws/HW1/gate_level/FLP_mul/Delay/round2/timing.sdf, 5135
module: FLP_mul, "instance: testbench.test_module"
  SDF Warning: The path from   b to mult_31.U586.A doesn't have a simple wire 
  connection, delay will still be annotated.


Warning-[SDFCOM_SWC] Simple Wire Connection
/MasterClass/M143010027_ALU/Hws/HW1/gate_level/FLP_mul/Delay/round2/timing.sdf, 5136
module: FLP_mul, "instance: testbench.test_module"
  SDF Warning: The path from   b to mult_31.U586.B doesn't have a simple wire 
  connection, delay will still be annotated.


Warning-[SDFCOM_SWC] Simple Wire Connection
/MasterClass/M143010027_ALU/Hws/HW1/gate_level/FLP_mul/Delay/round2/timing.sdf, 5156
module: FLP_mul, "instance: testbench.test_module"
  SDF Warning: The path from   b to mult_31.U576.A doesn't have a simple wire 
  connection, delay will still be annotated.


Warning-[SDFCOM_SWC] Simple Wire Connection
/MasterClass/M143010027_ALU/Hws/HW1/gate_level/FLP_mul/Delay/round2/timing.sdf, 5157
module: FLP_mul, "instance: testbench.test_module"
  SDF Warning: The path from   b to mult_31.U576.B doesn't have a simple wire 
  connection, delay will still be annotated.


Warning-[SDFCOM_SWC] Simple Wire Connection
/MasterClass/M143010027_ALU/Hws/HW1/gate_level/FLP_mul/Delay/round2/timing.sdf, 5171
module: FLP_mul, "instance: testbench.test_module"
  SDF Warning: The path from   b to mult_31.U568.A doesn't have a simple wire 
  connection, delay will still be annotated.


Warning-[SDFCOM_SWC] Simple Wire Connection
/MasterClass/M143010027_ALU/Hws/HW1/gate_level/FLP_mul/Delay/round2/timing.sdf, 5172
module: FLP_mul, "instance: testbench.test_module"
  SDF Warning: The path from   b to mult_31.U568.B doesn't have a simple wire 
  connection, delay will still be annotated.


Warning-[SDFCOM_SWC] Simple Wire Connection
/MasterClass/M143010027_ALU/Hws/HW1/gate_level/FLP_mul/Delay/round2/timing.sdf, 5186
module: FLP_mul, "instance: testbench.test_module"
  SDF Warning: The path from   b to mult_31.U562.A doesn't have a simple wire 
  connection, delay will still be annotated.


Warning-[SDFCOM_SWC] Simple Wire Connection
/MasterClass/M143010027_ALU/Hws/HW1/gate_level/FLP_mul/Delay/round2/timing.sdf, 5187
module: FLP_mul, "instance: testbench.test_module"
  SDF Warning: The path from   b to mult_31.U562.B doesn't have a simple wire 
  connection, delay will still be annotated.


          Total errors: 0
          Total warnings: 865
   ***    SDF annotation completed: Mon Oct  5 20:42:39 2026


