
   ***   $sdf_annotate() version 1.2R
   ***    SDF file: "/MasterClass/M143010027_ALU/Hws/HW1/gate_level/FLP_mul/Area/round5/timing.sdf"
   ***    Annotation scope: testbench.test_module
   ***    SDF Annotator log file: "sdf_annotation.log"
   ***    MTM selection: "MAXIMUM"
   ***    No SCALE FACTORS argument specified
   ***    No SCALE TYPE argument specified
   ***    SCALE FACTORS defaulted to "1.0:1.0:1.0":
   ***    SCALE TYPE defaulted to: "FROM_MTM"
   ***    Turnoff delay: "FROM_FILE"
   ***    Approximation (mipd) policy: "MAXIMUM"

   ***    SDF annotation begin: Mon Oct  5 20:44:32 2026


SDF Info: +pulse_r/100, +pulse_e/100 in effect

Warning-[SDFCOM_IWSBA] INTERCONNECT will still be annotated
/MasterClass/M143010027_ALU/Hws/HW1/gate_level/FLP_mul/Area/round5/timing.sdf, 46
module: XNR3D2BWP16P90LVT, "instance: testbench.test_module.mult_31.U1200"
  SDF Warning: INTERCONNECT from mult_31.U1200.ZN to U54.I has Instance at 
  /MasterClass/M143010027_ALU/Hws/HW1/gate_level/FLP_mul/Area/round5/netlist.v:2035,
  delay will still be annotated.


Warning-[SDFCOM_IWSBA] INTERCONNECT will still be annotated
/MasterClass/M143010027_ALU/Hws/HW1/gate_level/FLP_mul/Area/round5/timing.sdf, 47
module: XNR3D2BWP16P90LVT, "instance: testbench.test_module.mult_31.U1200"
  SDF Warning: INTERCONNECT from mult_31.U1200.ZN to 
  add_0_root_add_1_root_add_46_U1_1.A has Instance at 
  /MasterClass/M143010027_ALU/Hws/HW1/gate_level/FLP_mul/Area/round5/netlist.v:2035,
  delay will still be annotated.


Warning-[SDFCOM_SWC] Simple Wire Connection
/MasterClass/M143010027_ALU/Hws/HW1/gate_level/FLP_mul/Area/round5/timing.sdf, 50
module: FLP_mul, "instance: testbench.test_module"
  SDF Warning: The path from   a to mult_31.U1928.A1 doesn't have a simple 
  wire connection, delay will still be annotated.


Warning-[SDFCOM_SWC] Simple Wire Connection
/MasterClass/M143010027_ALU/Hws/HW1/gate_level/FLP_mul/Area/round5/timing.sdf, 52
module: FLP_mul, "instance: testbench.test_module"
  SDF Warning: The path from   a to mult_31.U1927.A1 doesn't have a simple 
  wire connection, delay will still be annotated.


Warning-[SDFCOM_SWC] Simple Wire Connection
/MasterClass/M143010027_ALU/Hws/HW1/gate_level/FLP_mul/Area/round5/timing.sdf, 54
module: FLP_mul, "instance: testbench.test_module"
  SDF Warning: The path from   b to mult_31.U1926.A1 doesn't have a simple 
  wire connection, delay will still be annotated.


Warning-[SDFCOM_SWC] Simple Wire Connection
/MasterClass/M143010027_ALU/Hws/HW1/gate_level/FLP_mul/Area/round5/timing.sdf, 56
module: FLP_mul, "instance: testbench.test_module"
  SDF Warning: The path from   b to mult_31.U1926.B1 doesn't have a simple 
  wire connection, delay will still be annotated.


Warning-[SDFCOM_SWC] Simple Wire Connection
/MasterClass/M143010027_ALU/Hws/HW1/gate_level/FLP_mul/Area/round5/timing.sdf, 62
module: FLP_mul, "instance: testbench.test_module"
  SDF Warning: The path from   b to mult_31.U1925.C1 doesn't have a simple 
  wire connection, delay will still be annotated.


Warning-[SDFCOM_SWC] Simple Wire Connection
/MasterClass/M143010027_ALU/Hws/HW1/gate_level/FLP_mul/Area/round5/timing.sdf, 64
module: FLP_mul, "instance: testbench.test_module"
  SDF Warning: The path from   a to mult_31.U1924.A1 doesn't have a simple 
  wire connection, delay will still be annotated.


Warning-[SDFCOM_SWC] Simple Wire Connection
/MasterClass/M143010027_ALU/Hws/HW1/gate_level/FLP_mul/Area/round5/timing.sdf, 68
module: FLP_mul, "instance: testbench.test_module"
  SDF Warning: The path from   a to mult_31.U1923.A1 doesn't have a simple 
  wire connection, delay will still be annotated.


Warning-[SDFCOM_SWC] Simple Wire Connection
/MasterClass/M143010027_ALU/Hws/HW1/gate_level/FLP_mul/Area/round5/timing.sdf, 69
module: FLP_mul, "instance: testbench.test_module"
  SDF Warning: The path from   a to mult_31.U1923.A2 doesn't have a simple 
  wire connection, delay will still be annotated.


Warning-[SDFCOM_SWC] Simple Wire Connection
/MasterClass/M143010027_ALU/Hws/HW1/gate_level/FLP_mul/Area/round5/timing.sdf, 71
module: FLP_mul, "instance: testbench.test_module"
  SDF Warning: The path from   b to mult_31.U1922.A1 doesn't have a simple 
  wire connection, delay will still be annotated.


Warning-[SDFCOM_SWC] Simple Wire Connection
/MasterClass/M143010027_ALU/Hws/HW1/gate_level/FLP_mul/Area/round5/timing.sdf, 88
module: FLP_mul, "instance: testbench.test_module"
  SDF Warning: The path from   b to mult_31.U1918.A1 doesn't have a simple 
  wire connection, delay will still be annotated.


Warning-[SDFCOM_SWC] Simple Wire Connection
/MasterClass/M143010027_ALU/Hws/HW1/gate_level/FLP_mul/Area/round5/timing.sdf, 98
module: FLP_mul, "instance: testbench.test_module"
  SDF Warning: The path from   a to mult_31.U1916.A2 doesn't have a simple 
  wire connection, delay will still be annotated.


Warning-[SDFCOM_SWC] Simple Wire Connection
/MasterClass/M143010027_ALU/Hws/HW1/gate_level/FLP_mul/Area/round5/timing.sdf, 99
module: FLP_mul, "instance: testbench.test_module"
  SDF Warning: The path from   b to mult_31.U1915.A1 doesn't have a simple 
  wire connection, delay will still be annotated.


Warning-[SDFCOM_SWC] Simple Wire Connection
/MasterClass/M143010027_ALU/Hws/HW1/gate_level/FLP_mul/Area/round5/timing.sdf, 111
module: FLP_mul, "instance: testbench.test_module"
  SDF Warning: The path from   b to mult_31.U1912.A2 doesn't have a simple 
  wire connection, delay will still be annotated.


Warning-[SDFCOM_SWC] Simple Wire Connection
/MasterClass/M143010027_ALU/Hws/HW1/gate_level/FLP_mul/Area/round5/timing.sdf, 120
module: FLP_mul, "instance: testbench.test_module"
  SDF Warning: The path from   a to mult_31.U1910.A2 doesn't have a simple 
  wire connection, delay will still be annotated.


Warning-[SDFCOM_SWC] Simple Wire Connection
/MasterClass/M143010027_ALU/Hws/HW1/gate_level/FLP_mul/Area/round5/timing.sdf, 122
module: FLP_mul, "instance: testbench.test_module"
  SDF Warning: The path from   b to mult_31.U1909.A2 doesn't have a simple 
  wire connection, delay will still be annotated.


Warning-[SDFCOM_SWC] Simple Wire Connection
/MasterClass/M143010027_ALU/Hws/HW1/gate_level/FLP_mul/Area/round5/timing.sdf, 132
module: FLP_mul, "instance: testbench.test_module"
  SDF Warning: The path from   b to mult_31.U1906.A1 doesn't have a simple 
  wire connection, delay will still be annotated.


Warning-[SDFCOM_SWC] Simple Wire Connection
/MasterClass/M143010027_ALU/Hws/HW1/gate_level/FLP_mul/Area/round5/timing.sdf, 142
module: FLP_mul, "instance: testbench.test_module"
  SDF Warning: The path from   a to mult_31.U1904.A2 doesn't have a simple 
  wire connection, delay will still be annotated.


Warning-[SDFCOM_SWC] Simple Wire Connection
/MasterClass/M143010027_ALU/Hws/HW1/gate_level/FLP_mul/Area/round5/timing.sdf, 150
module: FLP_mul, "instance: testbench.test_module"
  SDF Warning: The path from   b to mult_31.U1902.A2 doesn't have a simple 
  wire connection, delay will still be annotated.


Warning-[SDFCOM_SWC] Simple Wire Connection
/MasterClass/M143010027_ALU/Hws/HW1/gate_level/FLP_mul/Area/round5/timing.sdf, 166
module: FLP_mul, "instance: testbench.test_module"
  SDF Warning: The path from   b to mult_31.U1898.A1 doesn't have a simple 
  wire connection, delay will still be annotated.


Warning-[SDFCOM_SWC] Simple Wire Connection
/MasterClass/M143010027_ALU/Hws/HW1/gate_level/FLP_mul/Area/round5/timing.sdf, 176
module: FLP_mul, "instance: testbench.test_module"
  SDF Warning: The path from   a to mult_31.U1896.A2 doesn't have a simple 
  wire connection, delay will still be annotated.


Warning-[SDFCOM_SWC] Simple Wire Connection
/MasterClass/M143010027_ALU/Hws/HW1/gate_level/FLP_mul/Area/round5/timing.sdf, 183
module: FLP_mul, "instance: testbench.test_module"
  SDF Warning: The path from   b to mult_31.U1894.A1 doesn't have a simple 
  wire connection, delay will still be annotated.


Warning-[SDFCOM_SWC] Simple Wire Connection
/MasterClass/M143010027_ALU/Hws/HW1/gate_level/FLP_mul/Area/round5/timing.sdf, 200
module: FLP_mul, "instance: testbench.test_module"
  SDF Warning: The path from   b to mult_31.U1890.A1 doesn't have a simple 
  wire connection, delay will still be annotated.


Warning-[SDFCOM_SWC] Simple Wire Connection
/MasterClass/M143010027_ALU/Hws/HW1/gate_level/FLP_mul/Area/round5/timing.sdf, 210
module: FLP_mul, "instance: testbench.test_module"
  SDF Warning: The path from   a to mult_31.U1888.A2 doesn't have a simple 
  wire connection, delay will still be annotated.


Warning-[SDFCOM_SWC] Simple Wire Connection
/MasterClass/M143010027_ALU/Hws/HW1/gate_level/FLP_mul/Area/round5/timing.sdf, 218
module: FLP_mul, "instance: testbench.test_module"
  SDF Warning: The path from   b to mult_31.U1886.A2 doesn't have a simple 
  wire connection, delay will still be annotated.


Warning-[SDFCOM_SWC] Simple Wire Connection
/MasterClass/M143010027_ALU/Hws/HW1/gate_level/FLP_mul/Area/round5/timing.sdf, 220
module: FLP_mul, "instance: testbench.test_module"
  SDF Warning: The path from   b to mult_31.U1886.B2 doesn't have a simple 
  wire connection, delay will still be annotated.


Warning-[SDFCOM_SWC] Simple Wire Connection
/MasterClass/M143010027_ALU/Hws/HW1/gate_level/FLP_mul/Area/round5/timing.sdf, 234
module: FLP_mul, "instance: testbench.test_module"
  SDF Warning: The path from   b to mult_31.U1882.A1 doesn't have a simple 
  wire connection, delay will still be annotated.


Warning-[SDFCOM_SWC] Simple Wire Connection
/MasterClass/M143010027_ALU/Hws/HW1/gate_level/FLP_mul/Area/round5/timing.sdf, 237
module: FLP_mul, "instance: testbench.test_module"
  SDF Warning: The path from   b to mult_31.U1882.B2 doesn't have a simple 
  wire connection, delay will still be annotated.


Warning-[SDFCOM_SWC] Simple Wire Connection
/MasterClass/M143010027_ALU/Hws/HW1/gate_level/FLP_mul/Area/round5/timing.sdf, 244
module: FLP_mul, "instance: testbench.test_module"
  SDF Warning: The path from   a to mult_31.U1880.A2 doesn't have a simple 
  wire connection, delay will still be annotated.


Warning-[SDFCOM_SWC] Simple Wire Connection
/MasterClass/M143010027_ALU/Hws/HW1/gate_level/FLP_mul/Area/round5/timing.sdf, 252
module: FLP_mul, "instance: testbench.test_module"
  SDF Warning: The path from   b to mult_31.U1878.A2 doesn't have a simple 
  wire connection, delay will still be annotated.


Warning-[SDFCOM_SWC] Simple Wire Connection
/MasterClass/M143010027_ALU/Hws/HW1/gate_level/FLP_mul/Area/round5/timing.sdf, 253
module: FLP_mul, "instance: testbench.test_module"
  SDF Warning: The path from   b to mult_31.U1878.B1 doesn't have a simple 
  wire connection, delay will still be annotated.


Warning-[SDFCOM_SWC] Simple Wire Connection
/MasterClass/M143010027_ALU/Hws/HW1/gate_level/FLP_mul/Area/round5/timing.sdf, 268
module: FLP_mul, "instance: testbench.test_module"
  SDF Warning: The path from   b to mult_31.U1874.A1 doesn't have a simple 
  wire connection, delay will still be annotated.


Warning-[SDFCOM_SWC] Simple Wire Connection
/MasterClass/M143010027_ALU/Hws/HW1/gate_level/FLP_mul/Area/round5/timing.sdf, 271
module: FLP_mul, "instance: testbench.test_module"
  SDF Warning: The path from   b to mult_31.U1874.B2 doesn't have a simple 
  wire connection, delay will still be annotated.


Warning-[SDFCOM_SWC] Simple Wire Connection
/MasterClass/M143010027_ALU/Hws/HW1/gate_level/FLP_mul/Area/round5/timing.sdf, 278
module: FLP_mul, "instance: testbench.test_module"
  SDF Warning: The path from   a to mult_31.U1872.A2 doesn't have a simple 
  wire connection, delay will still be annotated.


Warning-[SDFCOM_SWC] Simple Wire Connection
/MasterClass/M143010027_ALU/Hws/HW1/gate_level/FLP_mul/Area/round5/timing.sdf, 285
module: FLP_mul, "instance: testbench.test_module"
  SDF Warning: The path from   b to mult_31.U1870.A1 doesn't have a simple 
  wire connection, delay will still be annotated.


Warning-[SDFCOM_SWC] Simple Wire Connection
/MasterClass/M143010027_ALU/Hws/HW1/gate_level/FLP_mul/Area/round5/timing.sdf, 287
module: FLP_mul, "instance: testbench.test_module"
  SDF Warning: The path from   b to mult_31.U1870.B1 doesn't have a simple 
  wire connection, delay will still be annotated.


Warning-[SDFCOM_SWC] Simple Wire Connection
/MasterClass/M143010027_ALU/Hws/HW1/gate_level/FLP_mul/Area/round5/timing.sdf, 303
module: FLP_mul, "instance: testbench.test_module"
  SDF Warning: The path from   b to mult_31.U1866.A2 doesn't have a simple 
  wire connection, delay will still be annotated.


Warning-[SDFCOM_SWC] Simple Wire Connection
/MasterClass/M143010027_ALU/Hws/HW1/gate_level/FLP_mul/Area/round5/timing.sdf, 304
module: FLP_mul, "instance: testbench.test_module"
  SDF Warning: The path from   b to mult_31.U1866.B1 doesn't have a simple 
  wire connection, delay will still be annotated.


Warning-[SDFCOM_SWC] Simple Wire Connection
/MasterClass/M143010027_ALU/Hws/HW1/gate_level/FLP_mul/Area/round5/timing.sdf, 312
module: FLP_mul, "instance: testbench.test_module"
  SDF Warning: The path from   a to mult_31.U1864.A2 doesn't have a simple 
  wire connection, delay will still be annotated.


Warning-[SDFCOM_SWC] Simple Wire Connection
/MasterClass/M143010027_ALU/Hws/HW1/gate_level/FLP_mul/Area/round5/timing.sdf, 314
module: FLP_mul, "instance: testbench.test_module"
  SDF Warning: The path from   b to mult_31.U1863.A2 doesn't have a simple 
  wire connection, delay will still be annotated.


Warning-[SDFCOM_SWC] Simple Wire Connection
/MasterClass/M143010027_ALU/Hws/HW1/gate_level/FLP_mul/Area/round5/timing.sdf, 316
module: FLP_mul, "instance: testbench.test_module"
  SDF Warning: The path from   b to mult_31.U1863.B2 doesn't have a simple 
  wire connection, delay will still be annotated.


Warning-[SDFCOM_SWC] Simple Wire Connection
/MasterClass/M143010027_ALU/Hws/HW1/gate_level/FLP_mul/Area/round5/timing.sdf, 324
module: FLP_mul, "instance: testbench.test_module"
  SDF Warning: The path from   b to mult_31.U1860.A1 doesn't have a simple 
  wire connection, delay will still be annotated.


Warning-[SDFCOM_SWC] Simple Wire Connection
/MasterClass/M143010027_ALU/Hws/HW1/gate_level/FLP_mul/Area/round5/timing.sdf, 327
module: FLP_mul, "instance: testbench.test_module"
  SDF Warning: The path from   b to mult_31.U1860.B2 doesn't have a simple 
  wire connection, delay will still be annotated.


Warning-[SDFCOM_SWC] Simple Wire Connection
/MasterClass/M143010027_ALU/Hws/HW1/gate_level/FLP_mul/Area/round5/timing.sdf, 336
module: FLP_mul, "instance: testbench.test_module"
  SDF Warning: The path from   b to mult_31.U1857.A2 doesn't have a simple 
  wire connection, delay will still be annotated.


Warning-[SDFCOM_SWC] Simple Wire Connection
/MasterClass/M143010027_ALU/Hws/HW1/gate_level/FLP_mul/Area/round5/timing.sdf, 337
module: FLP_mul, "instance: testbench.test_module"
  SDF Warning: The path from   b to mult_31.U1857.B1 doesn't have a simple 
  wire connection, delay will still be annotated.


Warning-[SDFCOM_SWC] Simple Wire Connection
/MasterClass/M143010027_ALU/Hws/HW1/gate_level/FLP_mul/Area/round5/timing.sdf, 345
module: FLP_mul, "instance: testbench.test_module"
  SDF Warning: The path from   a to mult_31.U1855.A2 doesn't have a simple 
  wire connection, delay will still be annotated.


Warning-[SDFCOM_SWC] Simple Wire Connection
/MasterClass/M143010027_ALU/Hws/HW1/gate_level/FLP_mul/Area/round5/timing.sdf, 346
module: FLP_mul, "instance: testbench.test_module"
  SDF Warning: The path from   a to mult_31.U1854.A1 doesn't have a simple 
  wire connection, delay will still be annotated.


Warning-[SDFCOM_SWC] Simple Wire Connection
/MasterClass/M143010027_ALU/Hws/HW1/gate_level/FLP_mul/Area/round5/timing.sdf, 349
module: FLP_mul, "instance: testbench.test_module"
  SDF Warning: The path from   a to mult_31.U1853.B1 doesn't have a simple 
  wire connection, delay will still be annotated.


Warning-[SDFCOM_SWC] Simple Wire Connection
/MasterClass/M143010027_ALU/Hws/HW1/gate_level/FLP_mul/Area/round5/timing.sdf, 350
module: FLP_mul, "instance: testbench.test_module"
  SDF Warning: The path from   b to mult_31.U1852.A1 doesn't have a simple 
  wire connection, delay will still be annotated.


Warning-[SDFCOM_SWC] Simple Wire Connection
/MasterClass/M143010027_ALU/Hws/HW1/gate_level/FLP_mul/Area/round5/timing.sdf, 352
module: FLP_mul, "instance: testbench.test_module"
  SDF Warning: The path from   b to mult_31.U1852.B1 doesn't have a simple 
  wire connection, delay will still be annotated.


Warning-[SDFCOM_SWC] Simple Wire Connection
/MasterClass/M143010027_ALU/Hws/HW1/gate_level/FLP_mul/Area/round5/timing.sdf, 355
module: FLP_mul, "instance: testbench.test_module"
  SDF Warning: The path from   b to mult_31.U1851.A2 doesn't have a simple 
  wire connection, delay will still be annotated.


Warning-[SDFCOM_SWC] Simple Wire Connection
/MasterClass/M143010027_ALU/Hws/HW1/gate_level/FLP_mul/Area/round5/timing.sdf, 356
module: FLP_mul, "instance: testbench.test_module"
  SDF Warning: The path from   a to mult_31.U1850.A1 doesn't have a simple 
  wire connection, delay will still be annotated.


Warning-[SDFCOM_SWC] Simple Wire Connection
/MasterClass/M143010027_ALU/Hws/HW1/gate_level/FLP_mul/Area/round5/timing.sdf, 357
module: FLP_mul, "instance: testbench.test_module"
  SDF Warning: The path from   a to mult_31.U1850.A2 doesn't have a simple 
  wire connection, delay will still be annotated.


Warning-[SDFCOM_SWC] Simple Wire Connection
/MasterClass/M143010027_ALU/Hws/HW1/gate_level/FLP_mul/Area/round5/timing.sdf, 363
module: FLP_mul, "instance: testbench.test_module"
  SDF Warning: The path from   b to mult_31.U1848.B1 doesn't have a simple 
  wire connection, delay will still be annotated.


Warning-[SDFCOM_SWC] Simple Wire Connection
/MasterClass/M143010027_ALU/Hws/HW1/gate_level/FLP_mul/Area/round5/timing.sdf, 370
module: FLP_mul, "instance: testbench.test_module"
  SDF Warning: The path from   b to mult_31.U1845.A1 doesn't have a simple 
  wire connection, delay will still be annotated.


Warning-[SDFCOM_SWC] Simple Wire Connection
/MasterClass/M143010027_ALU/Hws/HW1/gate_level/FLP_mul/Area/round5/timing.sdf, 385
module: FLP_mul, "instance: testbench.test_module"
  SDF Warning: The path from   b to mult_31.U1841.A2 doesn't have a simple 
  wire connection, delay will still be annotated.


Warning-[SDFCOM_SWC] Simple Wire Connection
/MasterClass/M143010027_ALU/Hws/HW1/gate_level/FLP_mul/Area/round5/timing.sdf, 387
module: FLP_mul, "instance: testbench.test_module"
  SDF Warning: The path from   b to mult_31.U1841.B2 doesn't have a simple 
  wire connection, delay will still be annotated.


Warning-[SDFCOM_SWC] Simple Wire Connection
/MasterClass/M143010027_ALU/Hws/HW1/gate_level/FLP_mul/Area/round5/timing.sdf, 394
module: FLP_mul, "instance: testbench.test_module"
  SDF Warning: The path from   b to mult_31.U1839.A2 doesn't have a simple 
  wire connection, delay will still be annotated.


Warning-[SDFCOM_SWC] Simple Wire Connection
/MasterClass/M143010027_ALU/Hws/HW1/gate_level/FLP_mul/Area/round5/timing.sdf, 403
module: FLP_mul, "instance: testbench.test_module"
  SDF Warning: The path from   b to mult_31.U1837.A2 doesn't have a simple 
  wire connection, delay will still be annotated.


Warning-[SDFCOM_SWC] Simple Wire Connection
/MasterClass/M143010027_ALU/Hws/HW1/gate_level/FLP_mul/Area/round5/timing.sdf, 412
module: FLP_mul, "instance: testbench.test_module"
  SDF Warning: The path from   b to mult_31.U1835.A2 doesn't have a simple 
  wire connection, delay will still be annotated.


Warning-[SDFCOM_SWC] Simple Wire Connection
/MasterClass/M143010027_ALU/Hws/HW1/gate_level/FLP_mul/Area/round5/timing.sdf, 421
module: FLP_mul, "instance: testbench.test_module"
  SDF Warning: The path from   b to mult_31.U1833.A2 doesn't have a simple 
  wire connection, delay will still be annotated.


Warning-[SDFCOM_SWC] Simple Wire Connection
/MasterClass/M143010027_ALU/Hws/HW1/gate_level/FLP_mul/Area/round5/timing.sdf, 430
module: FLP_mul, "instance: testbench.test_module"
  SDF Warning: The path from   b to mult_31.U1831.A2 doesn't have a simple 
  wire connection, delay will still be annotated.


Warning-[SDFCOM_SWC] Simple Wire Connection
/MasterClass/M143010027_ALU/Hws/HW1/gate_level/FLP_mul/Area/round5/timing.sdf, 439
module: FLP_mul, "instance: testbench.test_module"
  SDF Warning: The path from   b to mult_31.U1829.A2 doesn't have a simple 
  wire connection, delay will still be annotated.


Warning-[SDFCOM_SWC] Simple Wire Connection
/MasterClass/M143010027_ALU/Hws/HW1/gate_level/FLP_mul/Area/round5/timing.sdf, 448
module: FLP_mul, "instance: testbench.test_module"
  SDF Warning: The path from   b to mult_31.U1827.A2 doesn't have a simple 
  wire connection, delay will still be annotated.


Warning-[SDFCOM_SWC] Simple Wire Connection
/MasterClass/M143010027_ALU/Hws/HW1/gate_level/FLP_mul/Area/round5/timing.sdf, 457
module: FLP_mul, "instance: testbench.test_module"
  SDF Warning: The path from   b to mult_31.U1825.A2 doesn't have a simple 
  wire connection, delay will still be annotated.


Warning-[SDFCOM_SWC] Simple Wire Connection
/MasterClass/M143010027_ALU/Hws/HW1/gate_level/FLP_mul/Area/round5/timing.sdf, 466
module: FLP_mul, "instance: testbench.test_module"
  SDF Warning: The path from   b to mult_31.U1823.A2 doesn't have a simple 
  wire connection, delay will still be annotated.


Warning-[SDFCOM_SWC] Simple Wire Connection
/MasterClass/M143010027_ALU/Hws/HW1/gate_level/FLP_mul/Area/round5/timing.sdf, 475
module: FLP_mul, "instance: testbench.test_module"
  SDF Warning: The path from   b to mult_31.U1821.A2 doesn't have a simple 
  wire connection, delay will still be annotated.


Warning-[SDFCOM_SWC] Simple Wire Connection
/MasterClass/M143010027_ALU/Hws/HW1/gate_level/FLP_mul/Area/round5/timing.sdf, 484
module: FLP_mul, "instance: testbench.test_module"
  SDF Warning: The path from   b to mult_31.U1819.A2 doesn't have a simple 
  wire connection, delay will still be annotated.


Warning-[SDFCOM_SWC] Simple Wire Connection
/MasterClass/M143010027_ALU/Hws/HW1/gate_level/FLP_mul/Area/round5/timing.sdf, 493
module: FLP_mul, "instance: testbench.test_module"
  SDF Warning: The path from   b to mult_31.U1817.A2 doesn't have a simple 
  wire connection, delay will still be annotated.


Warning-[SDFCOM_SWC] Simple Wire Connection
/MasterClass/M143010027_ALU/Hws/HW1/gate_level/FLP_mul/Area/round5/timing.sdf, 502
module: FLP_mul, "instance: testbench.test_module"
  SDF Warning: The path from   b to mult_31.U1815.A2 doesn't have a simple 
  wire connection, delay will still be annotated.


Warning-[SDFCOM_SWC] Simple Wire Connection
/MasterClass/M143010027_ALU/Hws/HW1/gate_level/FLP_mul/Area/round5/timing.sdf, 511
module: FLP_mul, "instance: testbench.test_module"
  SDF Warning: The path from   b to mult_31.U1813.A2 doesn't have a simple 
  wire connection, delay will still be annotated.


Warning-[SDFCOM_SWC] Simple Wire Connection
/MasterClass/M143010027_ALU/Hws/HW1/gate_level/FLP_mul/Area/round5/timing.sdf, 520
module: FLP_mul, "instance: testbench.test_module"
  SDF Warning: The path from   b to mult_31.U1811.A2 doesn't have a simple 
  wire connection, delay will still be annotated.


Warning-[SDFCOM_SWC] Simple Wire Connection
/MasterClass/M143010027_ALU/Hws/HW1/gate_level/FLP_mul/Area/round5/timing.sdf, 529
module: FLP_mul, "instance: testbench.test_module"
  SDF Warning: The path from   b to mult_31.U1809.A2 doesn't have a simple 
  wire connection, delay will still be annotated.


Warning-[SDFCOM_SWC] Simple Wire Connection
/MasterClass/M143010027_ALU/Hws/HW1/gate_level/FLP_mul/Area/round5/timing.sdf, 538
module: FLP_mul, "instance: testbench.test_module"
  SDF Warning: The path from   b to mult_31.U1807.A2 doesn't have a simple 
  wire connection, delay will still be annotated.


Warning-[SDFCOM_SWC] Simple Wire Connection
/MasterClass/M143010027_ALU/Hws/HW1/gate_level/FLP_mul/Area/round5/timing.sdf, 547
module: FLP_mul, "instance: testbench.test_module"
  SDF Warning: The path from   b to mult_31.U1805.A2 doesn't have a simple 
  wire connection, delay will still be annotated.


Warning-[SDFCOM_SWC] Simple Wire Connection
/MasterClass/M143010027_ALU/Hws/HW1/gate_level/FLP_mul/Area/round5/timing.sdf, 556
module: FLP_mul, "instance: testbench.test_module"
  SDF Warning: The path from   b to mult_31.U1803.A2 doesn't have a simple 
  wire connection, delay will still be annotated.


Warning-[SDFCOM_SWC] Simple Wire Connection
/MasterClass/M143010027_ALU/Hws/HW1/gate_level/FLP_mul/Area/round5/timing.sdf, 565
module: FLP_mul, "instance: testbench.test_module"
  SDF Warning: The path from   b to mult_31.U1801.A2 doesn't have a simple 
  wire connection, delay will still be annotated.


Warning-[SDFCOM_SWC] Simple Wire Connection
/MasterClass/M143010027_ALU/Hws/HW1/gate_level/FLP_mul/Area/round5/timing.sdf, 572
module: FLP_mul, "instance: testbench.test_module"
  SDF Warning: The path from   b to mult_31.U1800.B2 doesn't have a simple 
  wire connection, delay will still be annotated.


Warning-[SDFCOM_SWC] Simple Wire Connection
/MasterClass/M143010027_ALU/Hws/HW1/gate_level/FLP_mul/Area/round5/timing.sdf, 574
module: FLP_mul, "instance: testbench.test_module"
  SDF Warning: The path from   b to mult_31.U1800.C2 doesn't have a simple 
  wire connection, delay will still be annotated.


Warning-[SDFCOM_SWC] Simple Wire Connection
/MasterClass/M143010027_ALU/Hws/HW1/gate_level/FLP_mul/Area/round5/timing.sdf, 575
module: FLP_mul, "instance: testbench.test_module"
  SDF Warning: The path from   a to mult_31.U1799.A1 doesn't have a simple 
  wire connection, delay will still be annotated.


Warning-[SDFCOM_SWC] Simple Wire Connection
/MasterClass/M143010027_ALU/Hws/HW1/gate_level/FLP_mul/Area/round5/timing.sdf, 577
module: FLP_mul, "instance: testbench.test_module"
  SDF Warning: The path from   a to mult_31.U1798.A1 doesn't have a simple 
  wire connection, delay will still be annotated.


Warning-[SDFCOM_SWC] Simple Wire Connection
/MasterClass/M143010027_ALU/Hws/HW1/gate_level/FLP_mul/Area/round5/timing.sdf, 581
module: FLP_mul, "instance: testbench.test_module"
  SDF Warning: The path from   a to mult_31.U1796.A1 doesn't have a simple 
  wire connection, delay will still be annotated.


Warning-[SDFCOM_SWC] Simple Wire Connection
/MasterClass/M143010027_ALU/Hws/HW1/gate_level/FLP_mul/Area/round5/timing.sdf, 582
module: FLP_mul, "instance: testbench.test_module"
  SDF Warning: The path from   a to mult_31.U1796.A2 doesn't have a simple 
  wire connection, delay will still be annotated.


Warning-[SDFCOM_SWC] Simple Wire Connection
/MasterClass/M143010027_ALU/Hws/HW1/gate_level/FLP_mul/Area/round5/timing.sdf, 590
module: FLP_mul, "instance: testbench.test_module"
  SDF Warning: The path from   b to mult_31.U1793.B1 doesn't have a simple 
  wire connection, delay will still be annotated.


Warning-[SDFCOM_SWC] Simple Wire Connection
/MasterClass/M143010027_ALU/Hws/HW1/gate_level/FLP_mul/Area/round5/timing.sdf, 602
module: FLP_mul, "instance: testbench.test_module"
  SDF Warning: The path from   b to mult_31.U1789.B1 doesn't have a simple 
  wire connection, delay will still be annotated.


Warning-[SDFCOM_SWC] Simple Wire Connection
/MasterClass/M143010027_ALU/Hws/HW1/gate_level/FLP_mul/Area/round5/timing.sdf, 613
module: FLP_mul, "instance: testbench.test_module"
  SDF Warning: The path from   b to mult_31.U1785.A1 doesn't have a simple 
  wire connection, delay will still be annotated.


Warning-[SDFCOM_SWC] Simple Wire Connection
/MasterClass/M143010027_ALU/Hws/HW1/gate_level/FLP_mul/Area/round5/timing.sdf, 615
module: FLP_mul, "instance: testbench.test_module"
  SDF Warning: The path from   b to mult_31.U1785.B1 doesn't have a simple 
  wire connection, delay will still be annotated.


Warning-[SDFCOM_SWC] Simple Wire Connection
/MasterClass/M143010027_ALU/Hws/HW1/gate_level/FLP_mul/Area/round5/timing.sdf, 619
module: FLP_mul, "instance: testbench.test_module"
  SDF Warning: The path from   a to mult_31.U1784.A2 doesn't have a simple 
  wire connection, delay will still be annotated.


Warning-[SDFCOM_SWC] Simple Wire Connection
/MasterClass/M143010027_ALU/Hws/HW1/gate_level/FLP_mul/Area/round5/timing.sdf, 621
module: FLP_mul, "instance: testbench.test_module"
  SDF Warning: The path from   b to mult_31.U1783.A2 doesn't have a simple 
  wire connection, delay will still be annotated.


Warning-[SDFCOM_SWC] Simple Wire Connection
/MasterClass/M143010027_ALU/Hws/HW1/gate_level/FLP_mul/Area/round5/timing.sdf, 623
module: FLP_mul, "instance: testbench.test_module"
  SDF Warning: The path from   b to mult_31.U1783.B2 doesn't have a simple 
  wire connection, delay will still be annotated.


Warning-[SDFCOM_SWC] Simple Wire Connection
/MasterClass/M143010027_ALU/Hws/HW1/gate_level/FLP_mul/Area/round5/timing.sdf, 632
module: FLP_mul, "instance: testbench.test_module"
  SDF Warning: The path from   b to mult_31.U1780.A2 doesn't have a simple 
  wire connection, delay will still be annotated.


Warning-[SDFCOM_SWC] Simple Wire Connection
/MasterClass/M143010027_ALU/Hws/HW1/gate_level/FLP_mul/Area/round5/timing.sdf, 634
module: FLP_mul, "instance: testbench.test_module"
  SDF Warning: The path from   b to mult_31.U1780.B2 doesn't have a simple 
  wire connection, delay will still be annotated.


Warning-[SDFCOM_SWC] Simple Wire Connection
/MasterClass/M143010027_ALU/Hws/HW1/gate_level/FLP_mul/Area/round5/timing.sdf, 643
module: FLP_mul, "instance: testbench.test_module"
  SDF Warning: The path from   b to mult_31.U1777.A2 doesn't have a simple 
  wire connection, delay will still be annotated.


Warning-[SDFCOM_SWC] Simple Wire Connection
/MasterClass/M143010027_ALU/Hws/HW1/gate_level/FLP_mul/Area/round5/timing.sdf, 645
module: FLP_mul, "instance: testbench.test_module"
  SDF Warning: The path from   b to mult_31.U1777.B2 doesn't have a simple 
  wire connection, delay will still be annotated.


Warning-[SDFCOM_SWC] Simple Wire Connection
/MasterClass/M143010027_ALU/Hws/HW1/gate_level/FLP_mul/Area/round5/timing.sdf, 654
module: FLP_mul, "instance: testbench.test_module"
  SDF Warning: The path from   b to mult_31.U1774.A2 doesn't have a simple 
  wire connection, delay will still be annotated.


Warning-[SDFCOM_SWC] Simple Wire Connection
/MasterClass/M143010027_ALU/Hws/HW1/gate_level/FLP_mul/Area/round5/timing.sdf, 656
module: FLP_mul, "instance: testbench.test_module"
  SDF Warning: The path from   b to mult_31.U1774.B2 doesn't have a simple 
  wire connection, delay will still be annotated.


Warning-[SDFCOM_SWC] Simple Wire Connection
/MasterClass/M143010027_ALU/Hws/HW1/gate_level/FLP_mul/Area/round5/timing.sdf, 665
module: FLP_mul, "instance: testbench.test_module"
  SDF Warning: The path from   b to mult_31.U1771.A2 doesn't have a simple 
  wire connection, delay will still be annotated.


Warning-[SDFCOM_SWC] Simple Wire Connection
/MasterClass/M143010027_ALU/Hws/HW1/gate_level/FLP_mul/Area/round5/timing.sdf, 667
module: FLP_mul, "instance: testbench.test_module"
  SDF Warning: The path from   b to mult_31.U1771.B2 doesn't have a simple 
  wire connection, delay will still be annotated.


Warning-[SDFCOM_SWC] Simple Wire Connection
/MasterClass/M143010027_ALU/Hws/HW1/gate_level/FLP_mul/Area/round5/timing.sdf, 676
module: FLP_mul, "instance: testbench.test_module"
  SDF Warning: The path from   b to mult_31.U1768.A2 doesn't have a simple 
  wire connection, delay will still be annotated.


Warning-[SDFCOM_SWC] Simple Wire Connection
/MasterClass/M143010027_ALU/Hws/HW1/gate_level/FLP_mul/Area/round5/timing.sdf, 678
module: FLP_mul, "instance: testbench.test_module"
  SDF Warning: The path from   b to mult_31.U1768.B2 doesn't have a simple 
  wire connection, delay will still be annotated.


Warning-[SDFCOM_SWC] Simple Wire Connection
/MasterClass/M143010027_ALU/Hws/HW1/gate_level/FLP_mul/Area/round5/timing.sdf, 687
module: FLP_mul, "instance: testbench.test_module"
  SDF Warning: The path from   b to mult_31.U1765.A2 doesn't have a simple 
  wire connection, delay will still be annotated.


Warning-[SDFCOM_SWC] Simple Wire Connection
/MasterClass/M143010027_ALU/Hws/HW1/gate_level/FLP_mul/Area/round5/timing.sdf, 689
module: FLP_mul, "instance: testbench.test_module"
  SDF Warning: The path from   b to mult_31.U1765.B2 doesn't have a simple 
  wire connection, delay will still be annotated.


Warning-[SDFCOM_SWC] Simple Wire Connection
/MasterClass/M143010027_ALU/Hws/HW1/gate_level/FLP_mul/Area/round5/timing.sdf, 698
module: FLP_mul, "instance: testbench.test_module"
  SDF Warning: The path from   b to mult_31.U1762.A2 doesn't have a simple 
  wire connection, delay will still be annotated.


Warning-[SDFCOM_SWC] Simple Wire Connection
/MasterClass/M143010027_ALU/Hws/HW1/gate_level/FLP_mul/Area/round5/timing.sdf, 700
module: FLP_mul, "instance: testbench.test_module"
  SDF Warning: The path from   b to mult_31.U1762.B2 doesn't have a simple 
  wire connection, delay will still be annotated.


Warning-[SDFCOM_SWC] Simple Wire Connection
/MasterClass/M143010027_ALU/Hws/HW1/gate_level/FLP_mul/Area/round5/timing.sdf, 709
module: FLP_mul, "instance: testbench.test_module"
  SDF Warning: The path from   b to mult_31.U1759.A2 doesn't have a simple 
  wire connection, delay will still be annotated.


Warning-[SDFCOM_SWC] Simple Wire Connection
/MasterClass/M143010027_ALU/Hws/HW1/gate_level/FLP_mul/Area/round5/timing.sdf, 711
module: FLP_mul, "instance: testbench.test_module"
  SDF Warning: The path from   b to mult_31.U1759.B2 doesn't have a simple 
  wire connection, delay will still be annotated.


Warning-[SDFCOM_SWC] Simple Wire Connection
/MasterClass/M143010027_ALU/Hws/HW1/gate_level/FLP_mul/Area/round5/timing.sdf, 720
module: FLP_mul, "instance: testbench.test_module"
  SDF Warning: The path from   b to mult_31.U1756.A2 doesn't have a simple 
  wire connection, delay will still be annotated.


Warning-[SDFCOM_SWC] Simple Wire Connection
/MasterClass/M143010027_ALU/Hws/HW1/gate_level/FLP_mul/Area/round5/timing.sdf, 722
module: FLP_mul, "instance: testbench.test_module"
  SDF Warning: The path from   b to mult_31.U1756.B2 doesn't have a simple 
  wire connection, delay will still be annotated.


Warning-[SDFCOM_SWC] Simple Wire Connection
/MasterClass/M143010027_ALU/Hws/HW1/gate_level/FLP_mul/Area/round5/timing.sdf, 731
module: FLP_mul, "instance: testbench.test_module"
  SDF Warning: The path from   b to mult_31.U1753.A2 doesn't have a simple 
  wire connection, delay will still be annotated.


Warning-[SDFCOM_SWC] Simple Wire Connection
/MasterClass/M143010027_ALU/Hws/HW1/gate_level/FLP_mul/Area/round5/timing.sdf, 733
module: FLP_mul, "instance: testbench.test_module"
  SDF Warning: The path from   b to mult_31.U1753.B2 doesn't have a simple 
  wire connection, delay will still be annotated.


Warning-[SDFCOM_SWC] Simple Wire Connection
/MasterClass/M143010027_ALU/Hws/HW1/gate_level/FLP_mul/Area/round5/timing.sdf, 742
module: FLP_mul, "instance: testbench.test_module"
  SDF Warning: The path from   b to mult_31.U1750.A2 doesn't have a simple 
  wire connection, delay will still be annotated.


Warning-[SDFCOM_SWC] Simple Wire Connection
/MasterClass/M143010027_ALU/Hws/HW1/gate_level/FLP_mul/Area/round5/timing.sdf, 744
module: FLP_mul, "instance: testbench.test_module"
  SDF Warning: The path from   b to mult_31.U1750.B2 doesn't have a simple 
  wire connection, delay will still be annotated.


Warning-[SDFCOM_SWC] Simple Wire Connection
/MasterClass/M143010027_ALU/Hws/HW1/gate_level/FLP_mul/Area/round5/timing.sdf, 753
module: FLP_mul, "instance: testbench.test_module"
  SDF Warning: The path from   b to mult_31.U1747.A2 doesn't have a simple 
  wire connection, delay will still be annotated.


Warning-[SDFCOM_SWC] Simple Wire Connection
/MasterClass/M143010027_ALU/Hws/HW1/gate_level/FLP_mul/Area/round5/timing.sdf, 755
module: FLP_mul, "instance: testbench.test_module"
  SDF Warning: The path from   b to mult_31.U1747.B2 doesn't have a simple 
  wire connection, delay will still be annotated.


Warning-[SDFCOM_SWC] Simple Wire Connection
/MasterClass/M143010027_ALU/Hws/HW1/gate_level/FLP_mul/Area/round5/timing.sdf, 764
module: FLP_mul, "instance: testbench.test_module"
  SDF Warning: The path from   b to mult_31.U1744.A2 doesn't have a simple 
  wire connection, delay will still be annotated.


Warning-[SDFCOM_SWC] Simple Wire Connection
/MasterClass/M143010027_ALU/Hws/HW1/gate_level/FLP_mul/Area/round5/timing.sdf, 766
module: FLP_mul, "instance: testbench.test_module"
  SDF Warning: The path from   b to mult_31.U1744.B2 doesn't have a simple 
  wire connection, delay will still be annotated.


Warning-[SDFCOM_SWC] Simple Wire Connection
/MasterClass/M143010027_ALU/Hws/HW1/gate_level/FLP_mul/Area/round5/timing.sdf, 775
module: FLP_mul, "instance: testbench.test_module"
  SDF Warning: The path from   b to mult_31.U1741.A2 doesn't have a simple 
  wire connection, delay will still be annotated.


Warning-[SDFCOM_SWC] Simple Wire Connection
/MasterClass/M143010027_ALU/Hws/HW1/gate_level/FLP_mul/Area/round5/timing.sdf, 777
module: FLP_mul, "instance: testbench.test_module"
  SDF Warning: The path from   b to mult_31.U1741.B2 doesn't have a simple 
  wire connection, delay will still be annotated.


Warning-[SDFCOM_SWC] Simple Wire Connection
/MasterClass/M143010027_ALU/Hws/HW1/gate_level/FLP_mul/Area/round5/timing.sdf, 786
module: FLP_mul, "instance: testbench.test_module"
  SDF Warning: The path from   b to mult_31.U1738.A2 doesn't have a simple 
  wire connection, delay will still be annotated.


Warning-[SDFCOM_SWC] Simple Wire Connection
/MasterClass/M143010027_ALU/Hws/HW1/gate_level/FLP_mul/Area/round5/timing.sdf, 788
module: FLP_mul, "instance: testbench.test_module"
  SDF Warning: The path from   b to mult_31.U1738.B2 doesn't have a simple 
  wire connection, delay will still be annotated.


Warning-[SDFCOM_SWC] Simple Wire Connection
/MasterClass/M143010027_ALU/Hws/HW1/gate_level/FLP_mul/Area/round5/timing.sdf, 797
module: FLP_mul, "instance: testbench.test_module"
  SDF Warning: The path from   b to mult_31.U1735.A2 doesn't have a simple 
  wire connection, delay will still be annotated.


Warning-[SDFCOM_SWC] Simple Wire Connection
/MasterClass/M143010027_ALU/Hws/HW1/gate_level/FLP_mul/Area/round5/timing.sdf, 799
module: FLP_mul, "instance: testbench.test_module"
  SDF Warning: The path from   b to mult_31.U1735.B2 doesn't have a simple 
  wire connection, delay will still be annotated.


Warning-[SDFCOM_SWC] Simple Wire Connection
/MasterClass/M143010027_ALU/Hws/HW1/gate_level/FLP_mul/Area/round5/timing.sdf, 808
module: FLP_mul, "instance: testbench.test_module"
  SDF Warning: The path from   b to mult_31.U1732.A2 doesn't have a simple 
  wire connection, delay will still be annotated.


Warning-[SDFCOM_SWC] Simple Wire Connection
/MasterClass/M143010027_ALU/Hws/HW1/gate_level/FLP_mul/Area/round5/timing.sdf, 810
module: FLP_mul, "instance: testbench.test_module"
  SDF Warning: The path from   b to mult_31.U1732.B2 doesn't have a simple 
  wire connection, delay will still be annotated.


Warning-[SDFCOM_SWC] Simple Wire Connection
/MasterClass/M143010027_ALU/Hws/HW1/gate_level/FLP_mul/Area/round5/timing.sdf, 819
module: FLP_mul, "instance: testbench.test_module"
  SDF Warning: The path from   b to mult_31.U1729.A2 doesn't have a simple 
  wire connection, delay will still be annotated.


Warning-[SDFCOM_SWC] Simple Wire Connection
/MasterClass/M143010027_ALU/Hws/HW1/gate_level/FLP_mul/Area/round5/timing.sdf, 821
module: FLP_mul, "instance: testbench.test_module"
  SDF Warning: The path from   b to mult_31.U1729.B2 doesn't have a simple 
  wire connection, delay will still be annotated.


Warning-[SDFCOM_SWC] Simple Wire Connection
/MasterClass/M143010027_ALU/Hws/HW1/gate_level/FLP_mul/Area/round5/timing.sdf, 830
module: FLP_mul, "instance: testbench.test_module"
  SDF Warning: The path from   b to mult_31.U1726.A2 doesn't have a simple 
  wire connection, delay will still be annotated.


Warning-[SDFCOM_SWC] Simple Wire Connection
/MasterClass/M143010027_ALU/Hws/HW1/gate_level/FLP_mul/Area/round5/timing.sdf, 832
module: FLP_mul, "instance: testbench.test_module"
  SDF Warning: The path from   b to mult_31.U1726.B2 doesn't have a simple 
  wire connection, delay will still be annotated.


Warning-[SDFCOM_SWC] Simple Wire Connection
/MasterClass/M143010027_ALU/Hws/HW1/gate_level/FLP_mul/Area/round5/timing.sdf, 854
module: FLP_mul, "instance: testbench.test_module"
  SDF Warning: The path from   a to mult_31.U1719.A1 doesn't have a simple 
  wire connection, delay will still be annotated.


Warning-[SDFCOM_SWC] Simple Wire Connection
/MasterClass/M143010027_ALU/Hws/HW1/gate_level/FLP_mul/Area/round5/timing.sdf, 856
module: FLP_mul, "instance: testbench.test_module"
  SDF Warning: The path from   a to mult_31.U1718.A1 doesn't have a simple 
  wire connection, delay will still be annotated.


Warning-[SDFCOM_SWC] Simple Wire Connection
/MasterClass/M143010027_ALU/Hws/HW1/gate_level/FLP_mul/Area/round5/timing.sdf, 860
module: FLP_mul, "instance: testbench.test_module"
  SDF Warning: The path from   a to mult_31.U1716.A1 doesn't have a simple 
  wire connection, delay will still be annotated.


Warning-[SDFCOM_SWC] Simple Wire Connection
/MasterClass/M143010027_ALU/Hws/HW1/gate_level/FLP_mul/Area/round5/timing.sdf, 861
module: FLP_mul, "instance: testbench.test_module"
  SDF Warning: The path from   a to mult_31.U1716.A2 doesn't have a simple 
  wire connection, delay will still be annotated.


Warning-[SDFCOM_SWC] Simple Wire Connection
/MasterClass/M143010027_ALU/Hws/HW1/gate_level/FLP_mul/Area/round5/timing.sdf, 869
module: FLP_mul, "instance: testbench.test_module"
  SDF Warning: The path from   b to mult_31.U1713.B1 doesn't have a simple 
  wire connection, delay will still be annotated.


Warning-[SDFCOM_SWC] Simple Wire Connection
/MasterClass/M143010027_ALU/Hws/HW1/gate_level/FLP_mul/Area/round5/timing.sdf, 881
module: FLP_mul, "instance: testbench.test_module"
  SDF Warning: The path from   b to mult_31.U1709.B1 doesn't have a simple 
  wire connection, delay will still be annotated.


Warning-[SDFCOM_SWC] Simple Wire Connection
/MasterClass/M143010027_ALU/Hws/HW1/gate_level/FLP_mul/Area/round5/timing.sdf, 892
module: FLP_mul, "instance: testbench.test_module"
  SDF Warning: The path from   b to mult_31.U1705.A1 doesn't have a simple 
  wire connection, delay will still be annotated.


Warning-[SDFCOM_SWC] Simple Wire Connection
/MasterClass/M143010027_ALU/Hws/HW1/gate_level/FLP_mul/Area/round5/timing.sdf, 894
module: FLP_mul, "instance: testbench.test_module"
  SDF Warning: The path from   b to mult_31.U1705.B1 doesn't have a simple 
  wire connection, delay will still be annotated.


Warning-[SDFCOM_SWC] Simple Wire Connection
/MasterClass/M143010027_ALU/Hws/HW1/gate_level/FLP_mul/Area/round5/timing.sdf, 898
module: FLP_mul, "instance: testbench.test_module"
  SDF Warning: The path from   a to mult_31.U1704.A2 doesn't have a simple 
  wire connection, delay will still be annotated.


Warning-[SDFCOM_SWC] Simple Wire Connection
/MasterClass/M143010027_ALU/Hws/HW1/gate_level/FLP_mul/Area/round5/timing.sdf, 900
module: FLP_mul, "instance: testbench.test_module"
  SDF Warning: The path from   b to mult_31.U1703.A2 doesn't have a simple 
  wire connection, delay will still be annotated.


Warning-[SDFCOM_SWC] Simple Wire Connection
/MasterClass/M143010027_ALU/Hws/HW1/gate_level/FLP_mul/Area/round5/timing.sdf, 902
module: FLP_mul, "instance: testbench.test_module"
  SDF Warning: The path from   b to mult_31.U1703.B2 doesn't have a simple 
  wire connection, delay will still be annotated.


Warning-[SDFCOM_SWC] Simple Wire Connection
/MasterClass/M143010027_ALU/Hws/HW1/gate_level/FLP_mul/Area/round5/timing.sdf, 911
module: FLP_mul, "instance: testbench.test_module"
  SDF Warning: The path from   b to mult_31.U1700.A2 doesn't have a simple 
  wire connection, delay will still be annotated.


Warning-[SDFCOM_SWC] Simple Wire Connection
/MasterClass/M143010027_ALU/Hws/HW1/gate_level/FLP_mul/Area/round5/timing.sdf, 913
module: FLP_mul, "instance: testbench.test_module"
  SDF Warning: The path from   b to mult_31.U1700.B2 doesn't have a simple 
  wire connection, delay will still be annotated.


Warning-[SDFCOM_SWC] Simple Wire Connection
/MasterClass/M143010027_ALU/Hws/HW1/gate_level/FLP_mul/Area/round5/timing.sdf, 922
module: FLP_mul, "instance: testbench.test_module"
  SDF Warning: The path from   b to mult_31.U1697.A2 doesn't have a simple 
  wire connection, delay will still be annotated.


Warning-[SDFCOM_SWC] Simple Wire Connection
/MasterClass/M143010027_ALU/Hws/HW1/gate_level/FLP_mul/Area/round5/timing.sdf, 924
module: FLP_mul, "instance: testbench.test_module"
  SDF Warning: The path from   b to mult_31.U1697.B2 doesn't have a simple 
  wire connection, delay will still be annotated.


Warning-[SDFCOM_SWC] Simple Wire Connection
/MasterClass/M143010027_ALU/Hws/HW1/gate_level/FLP_mul/Area/round5/timing.sdf, 933
module: FLP_mul, "instance: testbench.test_module"
  SDF Warning: The path from   b to mult_31.U1694.A2 doesn't have a simple 
  wire connection, delay will still be annotated.


Warning-[SDFCOM_SWC] Simple Wire Connection
/MasterClass/M143010027_ALU/Hws/HW1/gate_level/FLP_mul/Area/round5/timing.sdf, 935
module: FLP_mul, "instance: testbench.test_module"
  SDF Warning: The path from   b to mult_31.U1694.B2 doesn't have a simple 
  wire connection, delay will still be annotated.


Warning-[SDFCOM_SWC] Simple Wire Connection
/MasterClass/M143010027_ALU/Hws/HW1/gate_level/FLP_mul/Area/round5/timing.sdf, 944
module: FLP_mul, "instance: testbench.test_module"
  SDF Warning: The path from   b to mult_31.U1691.A2 doesn't have a simple 
  wire connection, delay will still be annotated.


Warning-[SDFCOM_SWC] Simple Wire Connection
/MasterClass/M143010027_ALU/Hws/HW1/gate_level/FLP_mul/Area/round5/timing.sdf, 946
module: FLP_mul, "instance: testbench.test_module"
  SDF Warning: The path from   b to mult_31.U1691.B2 doesn't have a simple 
  wire connection, delay will still be annotated.


Warning-[SDFCOM_SWC] Simple Wire Connection
/MasterClass/M143010027_ALU/Hws/HW1/gate_level/FLP_mul/Area/round5/timing.sdf, 955
module: FLP_mul, "instance: testbench.test_module"
  SDF Warning: The path from   b to mult_31.U1688.A2 doesn't have a simple 
  wire connection, delay will still be annotated.


Warning-[SDFCOM_SWC] Simple Wire Connection
/MasterClass/M143010027_ALU/Hws/HW1/gate_level/FLP_mul/Area/round5/timing.sdf, 957
module: FLP_mul, "instance: testbench.test_module"
  SDF Warning: The path from   b to mult_31.U1688.B2 doesn't have a simple 
  wire connection, delay will still be annotated.


Warning-[SDFCOM_SWC] Simple Wire Connection
/MasterClass/M143010027_ALU/Hws/HW1/gate_level/FLP_mul/Area/round5/timing.sdf, 966
module: FLP_mul, "instance: testbench.test_module"
  SDF Warning: The path from   b to mult_31.U1685.A2 doesn't have a simple 
  wire connection, delay will still be annotated.


Warning-[SDFCOM_SWC] Simple Wire Connection
/MasterClass/M143010027_ALU/Hws/HW1/gate_level/FLP_mul/Area/round5/timing.sdf, 968
module: FLP_mul, "instance: testbench.test_module"
  SDF Warning: The path from   b to mult_31.U1685.B2 doesn't have a simple 
  wire connection, delay will still be annotated.


Warning-[SDFCOM_SWC] Simple Wire Connection
/MasterClass/M143010027_ALU/Hws/HW1/gate_level/FLP_mul/Area/round5/timing.sdf, 977
module: FLP_mul, "instance: testbench.test_module"
  SDF Warning: The path from   b to mult_31.U1682.A2 doesn't have a simple 
  wire connection, delay will still be annotated.


Warning-[SDFCOM_SWC] Simple Wire Connection
/MasterClass/M143010027_ALU/Hws/HW1/gate_level/FLP_mul/Area/round5/timing.sdf, 979
module: FLP_mul, "instance: testbench.test_module"
  SDF Warning: The path from   b to mult_31.U1682.B2 doesn't have a simple 
  wire connection, delay will still be annotated.


Warning-[SDFCOM_SWC] Simple Wire Connection
/MasterClass/M143010027_ALU/Hws/HW1/gate_level/FLP_mul/Area/round5/timing.sdf, 988
module: FLP_mul, "instance: testbench.test_module"
  SDF Warning: The path from   b to mult_31.U1679.A2 doesn't have a simple 
  wire connection, delay will still be annotated.


Warning-[SDFCOM_SWC] Simple Wire Connection
/MasterClass/M143010027_ALU/Hws/HW1/gate_level/FLP_mul/Area/round5/timing.sdf, 990
module: FLP_mul, "instance: testbench.test_module"
  SDF Warning: The path from   b to mult_31.U1679.B2 doesn't have a simple 
  wire connection, delay will still be annotated.


Warning-[SDFCOM_SWC] Simple Wire Connection
/MasterClass/M143010027_ALU/Hws/HW1/gate_level/FLP_mul/Area/round5/timing.sdf, 999
module: FLP_mul, "instance: testbench.test_module"
  SDF Warning: The path from   b to mult_31.U1676.A2 doesn't have a simple 
  wire connection, delay will still be annotated.


Warning-[SDFCOM_SWC] Simple Wire Connection
/MasterClass/M143010027_ALU/Hws/HW1/gate_level/FLP_mul/Area/round5/timing.sdf, 1001
module: FLP_mul, "instance: testbench.test_module"
  SDF Warning: The path from   b to mult_31.U1676.B2 doesn't have a simple 
  wire connection, delay will still be annotated.


Warning-[SDFCOM_SWC] Simple Wire Connection
/MasterClass/M143010027_ALU/Hws/HW1/gate_level/FLP_mul/Area/round5/timing.sdf, 1010
module: FLP_mul, "instance: testbench.test_module"
  SDF Warning: The path from   b to mult_31.U1673.A2 doesn't have a simple 
  wire connection, delay will still be annotated.


Warning-[SDFCOM_SWC] Simple Wire Connection
/MasterClass/M143010027_ALU/Hws/HW1/gate_level/FLP_mul/Area/round5/timing.sdf, 1012
module: FLP_mul, "instance: testbench.test_module"
  SDF Warning: The path from   b to mult_31.U1673.B2 doesn't have a simple 
  wire connection, delay will still be annotated.


Warning-[SDFCOM_SWC] Simple Wire Connection
/MasterClass/M143010027_ALU/Hws/HW1/gate_level/FLP_mul/Area/round5/timing.sdf, 1021
module: FLP_mul, "instance: testbench.test_module"
  SDF Warning: The path from   b to mult_31.U1670.A2 doesn't have a simple 
  wire connection, delay will still be annotated.


Warning-[SDFCOM_SWC] Simple Wire Connection
/MasterClass/M143010027_ALU/Hws/HW1/gate_level/FLP_mul/Area/round5/timing.sdf, 1023
module: FLP_mul, "instance: testbench.test_module"
  SDF Warning: The path from   b to mult_31.U1670.B2 doesn't have a simple 
  wire connection, delay will still be annotated.


Warning-[SDFCOM_SWC] Simple Wire Connection
/MasterClass/M143010027_ALU/Hws/HW1/gate_level/FLP_mul/Area/round5/timing.sdf, 1032
module: FLP_mul, "instance: testbench.test_module"
  SDF Warning: The path from   b to mult_31.U1667.A2 doesn't have a simple 
  wire connection, delay will still be annotated.


Warning-[SDFCOM_SWC] Simple Wire Connection
/MasterClass/M143010027_ALU/Hws/HW1/gate_level/FLP_mul/Area/round5/timing.sdf, 1034
module: FLP_mul, "instance: testbench.test_module"
  SDF Warning: The path from   b to mult_31.U1667.B2 doesn't have a simple 
  wire connection, delay will still be annotated.


Warning-[SDFCOM_SWC] Simple Wire Connection
/MasterClass/M143010027_ALU/Hws/HW1/gate_level/FLP_mul/Area/round5/timing.sdf, 1043
module: FLP_mul, "instance: testbench.test_module"
  SDF Warning: The path from   b to mult_31.U1664.A2 doesn't have a simple 
  wire connection, delay will still be annotated.


Warning-[SDFCOM_SWC] Simple Wire Connection
/MasterClass/M143010027_ALU/Hws/HW1/gate_level/FLP_mul/Area/round5/timing.sdf, 1045
module: FLP_mul, "instance: testbench.test_module"
  SDF Warning: The path from   b to mult_31.U1664.B2 doesn't have a simple 
  wire connection, delay will still be annotated.


Warning-[SDFCOM_SWC] Simple Wire Connection
/MasterClass/M143010027_ALU/Hws/HW1/gate_level/FLP_mul/Area/round5/timing.sdf, 1054
module: FLP_mul, "instance: testbench.test_module"
  SDF Warning: The path from   b to mult_31.U1661.A2 doesn't have a simple 
  wire connection, delay will still be annotated.


Warning-[SDFCOM_SWC] Simple Wire Connection
/MasterClass/M143010027_ALU/Hws/HW1/gate_level/FLP_mul/Area/round5/timing.sdf, 1056
module: FLP_mul, "instance: testbench.test_module"
  SDF Warning: The path from   b to mult_31.U1661.B2 doesn't have a simple 
  wire connection, delay will still be annotated.


Warning-[SDFCOM_SWC] Simple Wire Connection
/MasterClass/M143010027_ALU/Hws/HW1/gate_level/FLP_mul/Area/round5/timing.sdf, 1065
module: FLP_mul, "instance: testbench.test_module"
  SDF Warning: The path from   b to mult_31.U1658.A2 doesn't have a simple 
  wire connection, delay will still be annotated.


Warning-[SDFCOM_SWC] Simple Wire Connection
/MasterClass/M143010027_ALU/Hws/HW1/gate_level/FLP_mul/Area/round5/timing.sdf, 1067
module: FLP_mul, "instance: testbench.test_module"
  SDF Warning: The path from   b to mult_31.U1658.B2 doesn't have a simple 
  wire connection, delay will still be annotated.


Warning-[SDFCOM_SWC] Simple Wire Connection
/MasterClass/M143010027_ALU/Hws/HW1/gate_level/FLP_mul/Area/round5/timing.sdf, 1076
module: FLP_mul, "instance: testbench.test_module"
  SDF Warning: The path from   b to mult_31.U1655.A2 doesn't have a simple 
  wire connection, delay will still be annotated.


Warning-[SDFCOM_SWC] Simple Wire Connection
/MasterClass/M143010027_ALU/Hws/HW1/gate_level/FLP_mul/Area/round5/timing.sdf, 1078
module: FLP_mul, "instance: testbench.test_module"
  SDF Warning: The path from   b to mult_31.U1655.B2 doesn't have a simple 
  wire connection, delay will still be annotated.


Warning-[SDFCOM_SWC] Simple Wire Connection
/MasterClass/M143010027_ALU/Hws/HW1/gate_level/FLP_mul/Area/round5/timing.sdf, 1087
module: FLP_mul, "instance: testbench.test_module"
  SDF Warning: The path from   b to mult_31.U1652.A2 doesn't have a simple 
  wire connection, delay will still be annotated.


Warning-[SDFCOM_SWC] Simple Wire Connection
/MasterClass/M143010027_ALU/Hws/HW1/gate_level/FLP_mul/Area/round5/timing.sdf, 1089
module: FLP_mul, "instance: testbench.test_module"
  SDF Warning: The path from   b to mult_31.U1652.B2 doesn't have a simple 
  wire connection, delay will still be annotated.


Warning-[SDFCOM_SWC] Simple Wire Connection
/MasterClass/M143010027_ALU/Hws/HW1/gate_level/FLP_mul/Area/round5/timing.sdf, 1098
module: FLP_mul, "instance: testbench.test_module"
  SDF Warning: The path from   b to mult_31.U1649.A2 doesn't have a simple 
  wire connection, delay will still be annotated.


Warning-[SDFCOM_SWC] Simple Wire Connection
/MasterClass/M143010027_ALU/Hws/HW1/gate_level/FLP_mul/Area/round5/timing.sdf, 1100
module: FLP_mul, "instance: testbench.test_module"
  SDF Warning: The path from   b to mult_31.U1649.B2 doesn't have a simple 
  wire connection, delay will still be annotated.


Warning-[SDFCOM_SWC] Simple Wire Connection
/MasterClass/M143010027_ALU/Hws/HW1/gate_level/FLP_mul/Area/round5/timing.sdf, 1109
module: FLP_mul, "instance: testbench.test_module"
  SDF Warning: The path from   b to mult_31.U1646.A2 doesn't have a simple 
  wire connection, delay will still be annotated.


Warning-[SDFCOM_SWC] Simple Wire Connection
/MasterClass/M143010027_ALU/Hws/HW1/gate_level/FLP_mul/Area/round5/timing.sdf, 1111
module: FLP_mul, "instance: testbench.test_module"
  SDF Warning: The path from   b to mult_31.U1646.B2 doesn't have a simple 
  wire connection, delay will still be annotated.


Warning-[SDFCOM_SWC] Simple Wire Connection
/MasterClass/M143010027_ALU/Hws/HW1/gate_level/FLP_mul/Area/round5/timing.sdf, 1133
module: FLP_mul, "instance: testbench.test_module"
  SDF Warning: The path from   a to mult_31.U1639.A1 doesn't have a simple 
  wire connection, delay will still be annotated.


Warning-[SDFCOM_SWC] Simple Wire Connection
/MasterClass/M143010027_ALU/Hws/HW1/gate_level/FLP_mul/Area/round5/timing.sdf, 1135
module: FLP_mul, "instance: testbench.test_module"
  SDF Warning: The path from   a to mult_31.U1638.A1 doesn't have a simple 
  wire connection, delay will still be annotated.


Warning-[SDFCOM_SWC] Simple Wire Connection
/MasterClass/M143010027_ALU/Hws/HW1/gate_level/FLP_mul/Area/round5/timing.sdf, 1139
module: FLP_mul, "instance: testbench.test_module"
  SDF Warning: The path from   a to mult_31.U1636.A1 doesn't have a simple 
  wire connection, delay will still be annotated.


Warning-[SDFCOM_SWC] Simple Wire Connection
/MasterClass/M143010027_ALU/Hws/HW1/gate_level/FLP_mul/Area/round5/timing.sdf, 1140
module: FLP_mul, "instance: testbench.test_module"
  SDF Warning: The path from   a to mult_31.U1636.A2 doesn't have a simple 
  wire connection, delay will still be annotated.


Warning-[SDFCOM_SWC] Simple Wire Connection
/MasterClass/M143010027_ALU/Hws/HW1/gate_level/FLP_mul/Area/round5/timing.sdf, 1148
module: FLP_mul, "instance: testbench.test_module"
  SDF Warning: The path from   b to mult_31.U1633.B1 doesn't have a simple 
  wire connection, delay will still be annotated.


Warning-[SDFCOM_SWC] Simple Wire Connection
/MasterClass/M143010027_ALU/Hws/HW1/gate_level/FLP_mul/Area/round5/timing.sdf, 1160
module: FLP_mul, "instance: testbench.test_module"
  SDF Warning: The path from   b to mult_31.U1629.B1 doesn't have a simple 
  wire connection, delay will still be annotated.


Warning-[SDFCOM_SWC] Simple Wire Connection
/MasterClass/M143010027_ALU/Hws/HW1/gate_level/FLP_mul/Area/round5/timing.sdf, 1171
module: FLP_mul, "instance: testbench.test_module"
  SDF Warning: The path from   b to mult_31.U1625.A1 doesn't have a simple 
  wire connection, delay will still be annotated.


Warning-[SDFCOM_SWC] Simple Wire Connection
/MasterClass/M143010027_ALU/Hws/HW1/gate_level/FLP_mul/Area/round5/timing.sdf, 1173
module: FLP_mul, "instance: testbench.test_module"
  SDF Warning: The path from   b to mult_31.U1625.B1 doesn't have a simple 
  wire connection, delay will still be annotated.


Warning-[SDFCOM_SWC] Simple Wire Connection
/MasterClass/M143010027_ALU/Hws/HW1/gate_level/FLP_mul/Area/round5/timing.sdf, 1177
module: FLP_mul, "instance: testbench.test_module"
  SDF Warning: The path from   a to mult_31.U1624.A2 doesn't have a simple 
  wire connection, delay will still be annotated.


Warning-[SDFCOM_SWC] Simple Wire Connection
/MasterClass/M143010027_ALU/Hws/HW1/gate_level/FLP_mul/Area/round5/timing.sdf, 1179
module: FLP_mul, "instance: testbench.test_module"
  SDF Warning: The path from   b to mult_31.U1623.A2 doesn't have a simple 
  wire connection, delay will still be annotated.


Warning-[SDFCOM_SWC] Simple Wire Connection
/MasterClass/M143010027_ALU/Hws/HW1/gate_level/FLP_mul/Area/round5/timing.sdf, 1181
module: FLP_mul, "instance: testbench.test_module"
  SDF Warning: The path from   b to mult_31.U1623.B2 doesn't have a simple 
  wire connection, delay will still be annotated.


Warning-[SDFCOM_SWC] Simple Wire Connection
/MasterClass/M143010027_ALU/Hws/HW1/gate_level/FLP_mul/Area/round5/timing.sdf, 1190
module: FLP_mul, "instance: testbench.test_module"
  SDF Warning: The path from   b to mult_31.U1620.A2 doesn't have a simple 
  wire connection, delay will still be annotated.


Warning-[SDFCOM_SWC] Simple Wire Connection
/MasterClass/M143010027_ALU/Hws/HW1/gate_level/FLP_mul/Area/round5/timing.sdf, 1192
module: FLP_mul, "instance: testbench.test_module"
  SDF Warning: The path from   b to mult_31.U1620.B2 doesn't have a simple 
  wire connection, delay will still be annotated.


Warning-[SDFCOM_SWC] Simple Wire Connection
/MasterClass/M143010027_ALU/Hws/HW1/gate_level/FLP_mul/Area/round5/timing.sdf, 1201
module: FLP_mul, "instance: testbench.test_module"
  SDF Warning: The path from   b to mult_31.U1617.A2 doesn't have a simple 
  wire connection, delay will still be annotated.


Warning-[SDFCOM_SWC] Simple Wire Connection
/MasterClass/M143010027_ALU/Hws/HW1/gate_level/FLP_mul/Area/round5/timing.sdf, 1203
module: FLP_mul, "instance: testbench.test_module"
  SDF Warning: The path from   b to mult_31.U1617.B2 doesn't have a simple 
  wire connection, delay will still be annotated.


Warning-[SDFCOM_SWC] Simple Wire Connection
/MasterClass/M143010027_ALU/Hws/HW1/gate_level/FLP_mul/Area/round5/timing.sdf, 1212
module: FLP_mul, "instance: testbench.test_module"
  SDF Warning: The path from   b to mult_31.U1614.A2 doesn't have a simple 
  wire connection, delay will still be annotated.


Warning-[SDFCOM_SWC] Simple Wire Connection
/MasterClass/M143010027_ALU/Hws/HW1/gate_level/FLP_mul/Area/round5/timing.sdf, 1214
module: FLP_mul, "instance: testbench.test_module"
  SDF Warning: The path from   b to mult_31.U1614.B2 doesn't have a simple 
  wire connection, delay will still be annotated.


Warning-[SDFCOM_SWC] Simple Wire Connection
/MasterClass/M143010027_ALU/Hws/HW1/gate_level/FLP_mul/Area/round5/timing.sdf, 1223
module: FLP_mul, "instance: testbench.test_module"
  SDF Warning: The path from   b to mult_31.U1611.A2 doesn't have a simple 
  wire connection, delay will still be annotated.


Warning-[SDFCOM_SWC] Simple Wire Connection
/MasterClass/M143010027_ALU/Hws/HW1/gate_level/FLP_mul/Area/round5/timing.sdf, 1225
module: FLP_mul, "instance: testbench.test_module"
  SDF Warning: The path from   b to mult_31.U1611.B2 doesn't have a simple 
  wire connection, delay will still be annotated.


Warning-[SDFCOM_SWC] Simple Wire Connection
/MasterClass/M143010027_ALU/Hws/HW1/gate_level/FLP_mul/Area/round5/timing.sdf, 1234
module: FLP_mul, "instance: testbench.test_module"
  SDF Warning: The path from   b to mult_31.U1608.A2 doesn't have a simple 
  wire connection, delay will still be annotated.


Warning-[SDFCOM_SWC] Simple Wire Connection
/MasterClass/M143010027_ALU/Hws/HW1/gate_level/FLP_mul/Area/round5/timing.sdf, 1236
module: FLP_mul, "instance: testbench.test_module"
  SDF Warning: The path from   b to mult_31.U1608.B2 doesn't have a simple 
  wire connection, delay will still be annotated.


Warning-[SDFCOM_SWC] Simple Wire Connection
/MasterClass/M143010027_ALU/Hws/HW1/gate_level/FLP_mul/Area/round5/timing.sdf, 1245
module: FLP_mul, "instance: testbench.test_module"
  SDF Warning: The path from   b to mult_31.U1605.A2 doesn't have a simple 
  wire connection, delay will still be annotated.


Warning-[SDFCOM_SWC] Simple Wire Connection
/MasterClass/M143010027_ALU/Hws/HW1/gate_level/FLP_mul/Area/round5/timing.sdf, 1247
module: FLP_mul, "instance: testbench.test_module"
  SDF Warning: The path from   b to mult_31.U1605.B2 doesn't have a simple 
  wire connection, delay will still be annotated.


Warning-[SDFCOM_SWC] Simple Wire Connection
/MasterClass/M143010027_ALU/Hws/HW1/gate_level/FLP_mul/Area/round5/timing.sdf, 1256
module: FLP_mul, "instance: testbench.test_module"
  SDF Warning: The path from   b to mult_31.U1602.A2 doesn't have a simple 
  wire connection, delay will still be annotated.


Warning-[SDFCOM_SWC] Simple Wire Connection
/MasterClass/M143010027_ALU/Hws/HW1/gate_level/FLP_mul/Area/round5/timing.sdf, 1258
module: FLP_mul, "instance: testbench.test_module"
  SDF Warning: The path from   b to mult_31.U1602.B2 doesn't have a simple 
  wire connection, delay will still be annotated.


Warning-[SDFCOM_SWC] Simple Wire Connection
/MasterClass/M143010027_ALU/Hws/HW1/gate_level/FLP_mul/Area/round5/timing.sdf, 1267
module: FLP_mul, "instance: testbench.test_module"
  SDF Warning: The path from   b to mult_31.U1599.A2 doesn't have a simple 
  wire connection, delay will still be annotated.


Warning-[SDFCOM_SWC] Simple Wire Connection
/MasterClass/M143010027_ALU/Hws/HW1/gate_level/FLP_mul/Area/round5/timing.sdf, 1269
module: FLP_mul, "instance: testbench.test_module"
  SDF Warning: The path from   b to mult_31.U1599.B2 doesn't have a simple 
  wire connection, delay will still be annotated.


Warning-[SDFCOM_SWC] Simple Wire Connection
/MasterClass/M143010027_ALU/Hws/HW1/gate_level/FLP_mul/Area/round5/timing.sdf, 1278
module: FLP_mul, "instance: testbench.test_module"
  SDF Warning: The path from   b to mult_31.U1596.A2 doesn't have a simple 
  wire connection, delay will still be annotated.


Warning-[SDFCOM_SWC] Simple Wire Connection
/MasterClass/M143010027_ALU/Hws/HW1/gate_level/FLP_mul/Area/round5/timing.sdf, 1280
module: FLP_mul, "instance: testbench.test_module"
  SDF Warning: The path from   b to mult_31.U1596.B2 doesn't have a simple 
  wire connection, delay will still be annotated.


Warning-[SDFCOM_SWC] Simple Wire Connection
/MasterClass/M143010027_ALU/Hws/HW1/gate_level/FLP_mul/Area/round5/timing.sdf, 1289
module: FLP_mul, "instance: testbench.test_module"
  SDF Warning: The path from   b to mult_31.U1593.A2 doesn't have a simple 
  wire connection, delay will still be annotated.


Warning-[SDFCOM_SWC] Simple Wire Connection
/MasterClass/M143010027_ALU/Hws/HW1/gate_level/FLP_mul/Area/round5/timing.sdf, 1291
module: FLP_mul, "instance: testbench.test_module"
  SDF Warning: The path from   b to mult_31.U1593.B2 doesn't have a simple 
  wire connection, delay will still be annotated.


Warning-[SDFCOM_SWC] Simple Wire Connection
/MasterClass/M143010027_ALU/Hws/HW1/gate_level/FLP_mul/Area/round5/timing.sdf, 1300
module: FLP_mul, "instance: testbench.test_module"
  SDF Warning: The path from   b to mult_31.U1590.A2 doesn't have a simple 
  wire connection, delay will still be annotated.


Warning-[SDFCOM_SWC] Simple Wire Connection
/MasterClass/M143010027_ALU/Hws/HW1/gate_level/FLP_mul/Area/round5/timing.sdf, 1302
module: FLP_mul, "instance: testbench.test_module"
  SDF Warning: The path from   b to mult_31.U1590.B2 doesn't have a simple 
  wire connection, delay will still be annotated.


Warning-[SDFCOM_SWC] Simple Wire Connection
/MasterClass/M143010027_ALU/Hws/HW1/gate_level/FLP_mul/Area/round5/timing.sdf, 1311
module: FLP_mul, "instance: testbench.test_module"
  SDF Warning: The path from   b to mult_31.U1587.A2 doesn't have a simple 
  wire connection, delay will still be annotated.


Warning-[SDFCOM_SWC] Simple Wire Connection
/MasterClass/M143010027_ALU/Hws/HW1/gate_level/FLP_mul/Area/round5/timing.sdf, 1313
module: FLP_mul, "instance: testbench.test_module"
  SDF Warning: The path from   b to mult_31.U1587.B2 doesn't have a simple 
  wire connection, delay will still be annotated.


Warning-[SDFCOM_SWC] Simple Wire Connection
/MasterClass/M143010027_ALU/Hws/HW1/gate_level/FLP_mul/Area/round5/timing.sdf, 1322
module: FLP_mul, "instance: testbench.test_module"
  SDF Warning: The path from   b to mult_31.U1584.A2 doesn't have a simple 
  wire connection, delay will still be annotated.


Warning-[SDFCOM_SWC] Simple Wire Connection
/MasterClass/M143010027_ALU/Hws/HW1/gate_level/FLP_mul/Area/round5/timing.sdf, 1324
module: FLP_mul, "instance: testbench.test_module"
  SDF Warning: The path from   b to mult_31.U1584.B2 doesn't have a simple 
  wire connection, delay will still be annotated.


Warning-[SDFCOM_SWC] Simple Wire Connection
/MasterClass/M143010027_ALU/Hws/HW1/gate_level/FLP_mul/Area/round5/timing.sdf, 1333
module: FLP_mul, "instance: testbench.test_module"
  SDF Warning: The path from   b to mult_31.U1581.A2 doesn't have a simple 
  wire connection, delay will still be annotated.


Warning-[SDFCOM_SWC] Simple Wire Connection
/MasterClass/M143010027_ALU/Hws/HW1/gate_level/FLP_mul/Area/round5/timing.sdf, 1335
module: FLP_mul, "instance: testbench.test_module"
  SDF Warning: The path from   b to mult_31.U1581.B2 doesn't have a simple 
  wire connection, delay will still be annotated.


Warning-[SDFCOM_SWC] Simple Wire Connection
/MasterClass/M143010027_ALU/Hws/HW1/gate_level/FLP_mul/Area/round5/timing.sdf, 1344
module: FLP_mul, "instance: testbench.test_module"
  SDF Warning: The path from   b to mult_31.U1578.A2 doesn't have a simple 
  wire connection, delay will still be annotated.


Warning-[SDFCOM_SWC] Simple Wire Connection
/MasterClass/M143010027_ALU/Hws/HW1/gate_level/FLP_mul/Area/round5/timing.sdf, 1346
module: FLP_mul, "instance: testbench.test_module"
  SDF Warning: The path from   b to mult_31.U1578.B2 doesn't have a simple 
  wire connection, delay will still be annotated.


Warning-[SDFCOM_SWC] Simple Wire Connection
/MasterClass/M143010027_ALU/Hws/HW1/gate_level/FLP_mul/Area/round5/timing.sdf, 1355
module: FLP_mul, "instance: testbench.test_module"
  SDF Warning: The path from   b to mult_31.U1575.A2 doesn't have a simple 
  wire connection, delay will still be annotated.


Warning-[SDFCOM_SWC] Simple Wire Connection
/MasterClass/M143010027_ALU/Hws/HW1/gate_level/FLP_mul/Area/round5/timing.sdf, 1357
module: FLP_mul, "instance: testbench.test_module"
  SDF Warning: The path from   b to mult_31.U1575.B2 doesn't have a simple 
  wire connection, delay will still be annotated.


Warning-[SDFCOM_SWC] Simple Wire Connection
/MasterClass/M143010027_ALU/Hws/HW1/gate_level/FLP_mul/Area/round5/timing.sdf, 1366
module: FLP_mul, "instance: testbench.test_module"
  SDF Warning: The path from   b to mult_31.U1572.A2 doesn't have a simple 
  wire connection, delay will still be annotated.


Warning-[SDFCOM_SWC] Simple Wire Connection
/MasterClass/M143010027_ALU/Hws/HW1/gate_level/FLP_mul/Area/round5/timing.sdf, 1368
module: FLP_mul, "instance: testbench.test_module"
  SDF Warning: The path from   b to mult_31.U1572.B2 doesn't have a simple 
  wire connection, delay will still be annotated.


Warning-[SDFCOM_SWC] Simple Wire Connection
/MasterClass/M143010027_ALU/Hws/HW1/gate_level/FLP_mul/Area/round5/timing.sdf, 1377
module: FLP_mul, "instance: testbench.test_module"
  SDF Warning: The path from   b to mult_31.U1569.A2 doesn't have a simple 
  wire connection, delay will still be annotated.


Warning-[SDFCOM_SWC] Simple Wire Connection
/MasterClass/M143010027_ALU/Hws/HW1/gate_level/FLP_mul/Area/round5/timing.sdf, 1379
module: FLP_mul, "instance: testbench.test_module"
  SDF Warning: The path from   b to mult_31.U1569.B2 doesn't have a simple 
  wire connection, delay will still be annotated.


Warning-[SDFCOM_SWC] Simple Wire Connection
/MasterClass/M143010027_ALU/Hws/HW1/gate_level/FLP_mul/Area/round5/timing.sdf, 1388
module: FLP_mul, "instance: testbench.test_module"
  SDF Warning: The path from   b to mult_31.U1566.A2 doesn't have a simple 
  wire connection, delay will still be annotated.


Warning-[SDFCOM_SWC] Simple Wire Connection
/MasterClass/M143010027_ALU/Hws/HW1/gate_level/FLP_mul/Area/round5/timing.sdf, 1390
module: FLP_mul, "instance: testbench.test_module"
  SDF Warning: The path from   b to mult_31.U1566.B2 doesn't have a simple 
  wire connection, delay will still be annotated.


Warning-[SDFCOM_SWC] Simple Wire Connection
/MasterClass/M143010027_ALU/Hws/HW1/gate_level/FLP_mul/Area/round5/timing.sdf, 1412
module: FLP_mul, "instance: testbench.test_module"
  SDF Warning: The path from   a to mult_31.U1559.A1 doesn't have a simple 
  wire connection, delay will still be annotated.


Warning-[SDFCOM_SWC] Simple Wire Connection
/MasterClass/M143010027_ALU/Hws/HW1/gate_level/FLP_mul/Area/round5/timing.sdf, 1414
module: FLP_mul, "instance: testbench.test_module"
  SDF Warning: The path from   a to mult_31.U1558.A1 doesn't have a simple 
  wire connection, delay will still be annotated.


Warning-[SDFCOM_SWC] Simple Wire Connection
/MasterClass/M143010027_ALU/Hws/HW1/gate_level/FLP_mul/Area/round5/timing.sdf, 1418
module: FLP_mul, "instance: testbench.test_module"
  SDF Warning: The path from   a to mult_31.U1556.A1 doesn't have a simple 
  wire connection, delay will still be annotated.


Warning-[SDFCOM_SWC] Simple Wire Connection
/MasterClass/M143010027_ALU/Hws/HW1/gate_level/FLP_mul/Area/round5/timing.sdf, 1419
module: FLP_mul, "instance: testbench.test_module"
  SDF Warning: The path from   a to mult_31.U1556.A2 doesn't have a simple 
  wire connection, delay will still be annotated.


Warning-[SDFCOM_SWC] Simple Wire Connection
/MasterClass/M143010027_ALU/Hws/HW1/gate_level/FLP_mul/Area/round5/timing.sdf, 1427
module: FLP_mul, "instance: testbench.test_module"
  SDF Warning: The path from   b to mult_31.U1553.B1 doesn't have a simple 
  wire connection, delay will still be annotated.


Warning-[SDFCOM_SWC] Simple Wire Connection
/MasterClass/M143010027_ALU/Hws/HW1/gate_level/FLP_mul/Area/round5/timing.sdf, 1439
module: FLP_mul, "instance: testbench.test_module"
  SDF Warning: The path from   b to mult_31.U1549.B1 doesn't have a simple 
  wire connection, delay will still be annotated.


Warning-[SDFCOM_SWC] Simple Wire Connection
/MasterClass/M143010027_ALU/Hws/HW1/gate_level/FLP_mul/Area/round5/timing.sdf, 1450
module: FLP_mul, "instance: testbench.test_module"
  SDF Warning: The path from   b to mult_31.U1545.A1 doesn't have a simple 
  wire connection, delay will still be annotated.


Warning-[SDFCOM_SWC] Simple Wire Connection
/MasterClass/M143010027_ALU/Hws/HW1/gate_level/FLP_mul/Area/round5/timing.sdf, 1452
module: FLP_mul, "instance: testbench.test_module"
  SDF Warning: The path from   b to mult_31.U1545.B1 doesn't have a simple 
  wire connection, delay will still be annotated.


Warning-[SDFCOM_SWC] Simple Wire Connection
/MasterClass/M143010027_ALU/Hws/HW1/gate_level/FLP_mul/Area/round5/timing.sdf, 1456
module: FLP_mul, "instance: testbench.test_module"
  SDF Warning: The path from   a to mult_31.U1544.A2 doesn't have a simple 
  wire connection, delay will still be annotated.


Warning-[SDFCOM_SWC] Simple Wire Connection
/MasterClass/M143010027_ALU/Hws/HW1/gate_level/FLP_mul/Area/round5/timing.sdf, 1458
module: FLP_mul, "instance: testbench.test_module"
  SDF Warning: The path from   b to mult_31.U1543.A2 doesn't have a simple 
  wire connection, delay will still be annotated.


Warning-[SDFCOM_SWC] Simple Wire Connection
/MasterClass/M143010027_ALU/Hws/HW1/gate_level/FLP_mul/Area/round5/timing.sdf, 1460
module: FLP_mul, "instance: testbench.test_module"
  SDF Warning: The path from   b to mult_31.U1543.B2 doesn't have a simple 
  wire connection, delay will still be annotated.


Warning-[SDFCOM_SWC] Simple Wire Connection
/MasterClass/M143010027_ALU/Hws/HW1/gate_level/FLP_mul/Area/round5/timing.sdf, 1469
module: FLP_mul, "instance: testbench.test_module"
  SDF Warning: The path from   b to mult_31.U1540.A2 doesn't have a simple 
  wire connection, delay will still be annotated.


Warning-[SDFCOM_SWC] Simple Wire Connection
/MasterClass/M143010027_ALU/Hws/HW1/gate_level/FLP_mul/Area/round5/timing.sdf, 1471
module: FLP_mul, "instance: testbench.test_module"
  SDF Warning: The path from   b to mult_31.U1540.B2 doesn't have a simple 
  wire connection, delay will still be annotated.


Warning-[SDFCOM_SWC] Simple Wire Connection
/MasterClass/M143010027_ALU/Hws/HW1/gate_level/FLP_mul/Area/round5/timing.sdf, 1480
module: FLP_mul, "instance: testbench.test_module"
  SDF Warning: The path from   b to mult_31.U1537.A2 doesn't have a simple 
  wire connection, delay will still be annotated.


Warning-[SDFCOM_SWC] Simple Wire Connection
/MasterClass/M143010027_ALU/Hws/HW1/gate_level/FLP_mul/Area/round5/timing.sdf, 1482
module: FLP_mul, "instance: testbench.test_module"
  SDF Warning: The path from   b to mult_31.U1537.B2 doesn't have a simple 
  wire connection, delay will still be annotated.


Warning-[SDFCOM_SWC] Simple Wire Connection
/MasterClass/M143010027_ALU/Hws/HW1/gate_level/FLP_mul/Area/round5/timing.sdf, 1491
module: FLP_mul, "instance: testbench.test_module"
  SDF Warning: The path from   b to mult_31.U1534.A2 doesn't have a simple 
  wire connection, delay will still be annotated.


Warning-[SDFCOM_SWC] Simple Wire Connection
/MasterClass/M143010027_ALU/Hws/HW1/gate_level/FLP_mul/Area/round5/timing.sdf, 1493
module: FLP_mul, "instance: testbench.test_module"
  SDF Warning: The path from   b to mult_31.U1534.B2 doesn't have a simple 
  wire connection, delay will still be annotated.


Warning-[SDFCOM_SWC] Simple Wire Connection
/MasterClass/M143010027_ALU/Hws/HW1/gate_level/FLP_mul/Area/round5/timing.sdf, 1502
module: FLP_mul, "instance: testbench.test_module"
  SDF Warning: The path from   b to mult_31.U1531.A2 doesn't have a simple 
  wire connection, delay will still be annotated.


Warning-[SDFCOM_SWC] Simple Wire Connection
/MasterClass/M143010027_ALU/Hws/HW1/gate_level/FLP_mul/Area/round5/timing.sdf, 1504
module: FLP_mul, "instance: testbench.test_module"
  SDF Warning: The path from   b to mult_31.U1531.B2 doesn't have a simple 
  wire connection, delay will still be annotated.


Warning-[SDFCOM_SWC] Simple Wire Connection
/MasterClass/M143010027_ALU/Hws/HW1/gate_level/FLP_mul/Area/round5/timing.sdf, 1513
module: FLP_mul, "instance: testbench.test_module"
  SDF Warning: The path from   b to mult_31.U1528.A2 doesn't have a simple 
  wire connection, delay will still be annotated.


Warning-[SDFCOM_SWC] Simple Wire Connection
/MasterClass/M143010027_ALU/Hws/HW1/gate_level/FLP_mul/Area/round5/timing.sdf, 1515
module: FLP_mul, "instance: testbench.test_module"
  SDF Warning: The path from   b to mult_31.U1528.B2 doesn't have a simple 
  wire connection, delay will still be annotated.


Warning-[SDFCOM_SWC] Simple Wire Connection
/MasterClass/M143010027_ALU/Hws/HW1/gate_level/FLP_mul/Area/round5/timing.sdf, 1524
module: FLP_mul, "instance: testbench.test_module"
  SDF Warning: The path from   b to mult_31.U1525.A2 doesn't have a simple 
  wire connection, delay will still be annotated.


Warning-[SDFCOM_SWC] Simple Wire Connection
/MasterClass/M143010027_ALU/Hws/HW1/gate_level/FLP_mul/Area/round5/timing.sdf, 1526
module: FLP_mul, "instance: testbench.test_module"
  SDF Warning: The path from   b to mult_31.U1525.B2 doesn't have a simple 
  wire connection, delay will still be annotated.


Warning-[SDFCOM_SWC] Simple Wire Connection
/MasterClass/M143010027_ALU/Hws/HW1/gate_level/FLP_mul/Area/round5/timing.sdf, 1535
module: FLP_mul, "instance: testbench.test_module"
  SDF Warning: The path from   b to mult_31.U1522.A2 doesn't have a simple 
  wire connection, delay will still be annotated.


Warning-[SDFCOM_SWC] Simple Wire Connection
/MasterClass/M143010027_ALU/Hws/HW1/gate_level/FLP_mul/Area/round5/timing.sdf, 1537
module: FLP_mul, "instance: testbench.test_module"
  SDF Warning: The path from   b to mult_31.U1522.B2 doesn't have a simple 
  wire connection, delay will still be annotated.


Warning-[SDFCOM_SWC] Simple Wire Connection
/MasterClass/M143010027_ALU/Hws/HW1/gate_level/FLP_mul/Area/round5/timing.sdf, 1546
module: FLP_mul, "instance: testbench.test_module"
  SDF Warning: The path from   b to mult_31.U1519.A2 doesn't have a simple 
  wire connection, delay will still be annotated.


Warning-[SDFCOM_SWC] Simple Wire Connection
/MasterClass/M143010027_ALU/Hws/HW1/gate_level/FLP_mul/Area/round5/timing.sdf, 1548
module: FLP_mul, "instance: testbench.test_module"
  SDF Warning: The path from   b to mult_31.U1519.B2 doesn't have a simple 
  wire connection, delay will still be annotated.


Warning-[SDFCOM_SWC] Simple Wire Connection
/MasterClass/M143010027_ALU/Hws/HW1/gate_level/FLP_mul/Area/round5/timing.sdf, 1557
module: FLP_mul, "instance: testbench.test_module"
  SDF Warning: The path from   b to mult_31.U1516.A2 doesn't have a simple 
  wire connection, delay will still be annotated.


Warning-[SDFCOM_SWC] Simple Wire Connection
/MasterClass/M143010027_ALU/Hws/HW1/gate_level/FLP_mul/Area/round5/timing.sdf, 1559
module: FLP_mul, "instance: testbench.test_module"
  SDF Warning: The path from   b to mult_31.U1516.B2 doesn't have a simple 
  wire connection, delay will still be annotated.


Warning-[SDFCOM_SWC] Simple Wire Connection
/MasterClass/M143010027_ALU/Hws/HW1/gate_level/FLP_mul/Area/round5/timing.sdf, 1568
module: FLP_mul, "instance: testbench.test_module"
  SDF Warning: The path from   b to mult_31.U1513.A2 doesn't have a simple 
  wire connection, delay will still be annotated.


Warning-[SDFCOM_SWC] Simple Wire Connection
/MasterClass/M143010027_ALU/Hws/HW1/gate_level/FLP_mul/Area/round5/timing.sdf, 1570
module: FLP_mul, "instance: testbench.test_module"
  SDF Warning: The path from   b to mult_31.U1513.B2 doesn't have a simple 
  wire connection, delay will still be annotated.


Warning-[SDFCOM_SWC] Simple Wire Connection
/MasterClass/M143010027_ALU/Hws/HW1/gate_level/FLP_mul/Area/round5/timing.sdf, 1579
module: FLP_mul, "instance: testbench.test_module"
  SDF Warning: The path from   b to mult_31.U1510.A2 doesn't have a simple 
  wire connection, delay will still be annotated.


Warning-[SDFCOM_SWC] Simple Wire Connection
/MasterClass/M143010027_ALU/Hws/HW1/gate_level/FLP_mul/Area/round5/timing.sdf, 1581
module: FLP_mul, "instance: testbench.test_module"
  SDF Warning: The path from   b to mult_31.U1510.B2 doesn't have a simple 
  wire connection, delay will still be annotated.


Warning-[SDFCOM_SWC] Simple Wire Connection
/MasterClass/M143010027_ALU/Hws/HW1/gate_level/FLP_mul/Area/round5/timing.sdf, 1590
module: FLP_mul, "instance: testbench.test_module"
  SDF Warning: The path from   b to mult_31.U1507.A2 doesn't have a simple 
  wire connection, delay will still be annotated.


Warning-[SDFCOM_SWC] Simple Wire Connection
/MasterClass/M143010027_ALU/Hws/HW1/gate_level/FLP_mul/Area/round5/timing.sdf, 1592
module: FLP_mul, "instance: testbench.test_module"
  SDF Warning: The path from   b to mult_31.U1507.B2 doesn't have a simple 
  wire connection, delay will still be annotated.


Warning-[SDFCOM_SWC] Simple Wire Connection
/MasterClass/M143010027_ALU/Hws/HW1/gate_level/FLP_mul/Area/round5/timing.sdf, 1601
module: FLP_mul, "instance: testbench.test_module"
  SDF Warning: The path from   b to mult_31.U1504.A2 doesn't have a simple 
  wire connection, delay will still be annotated.


Warning-[SDFCOM_SWC] Simple Wire Connection
/MasterClass/M143010027_ALU/Hws/HW1/gate_level/FLP_mul/Area/round5/timing.sdf, 1603
module: FLP_mul, "instance: testbench.test_module"
  SDF Warning: The path from   b to mult_31.U1504.B2 doesn't have a simple 
  wire connection, delay will still be annotated.


Warning-[SDFCOM_SWC] Simple Wire Connection
/MasterClass/M143010027_ALU/Hws/HW1/gate_level/FLP_mul/Area/round5/timing.sdf, 1612
module: FLP_mul, "instance: testbench.test_module"
  SDF Warning: The path from   b to mult_31.U1501.A2 doesn't have a simple 
  wire connection, delay will still be annotated.


Warning-[SDFCOM_SWC] Simple Wire Connection
/MasterClass/M143010027_ALU/Hws/HW1/gate_level/FLP_mul/Area/round5/timing.sdf, 1614
module: FLP_mul, "instance: testbench.test_module"
  SDF Warning: The path from   b to mult_31.U1501.B2 doesn't have a simple 
  wire connection, delay will still be annotated.


Warning-[SDFCOM_SWC] Simple Wire Connection
/MasterClass/M143010027_ALU/Hws/HW1/gate_level/FLP_mul/Area/round5/timing.sdf, 1623
module: FLP_mul, "instance: testbench.test_module"
  SDF Warning: The path from   b to mult_31.U1498.A2 doesn't have a simple 
  wire connection, delay will still be annotated.


Warning-[SDFCOM_SWC] Simple Wire Connection
/MasterClass/M143010027_ALU/Hws/HW1/gate_level/FLP_mul/Area/round5/timing.sdf, 1625
module: FLP_mul, "instance: testbench.test_module"
  SDF Warning: The path from   b to mult_31.U1498.B2 doesn't have a simple 
  wire connection, delay will still be annotated.


Warning-[SDFCOM_SWC] Simple Wire Connection
/MasterClass/M143010027_ALU/Hws/HW1/gate_level/FLP_mul/Area/round5/timing.sdf, 1634
module: FLP_mul, "instance: testbench.test_module"
  SDF Warning: The path from   b to mult_31.U1495.A2 doesn't have a simple 
  wire connection, delay will still be annotated.


Warning-[SDFCOM_SWC] Simple Wire Connection
/MasterClass/M143010027_ALU/Hws/HW1/gate_level/FLP_mul/Area/round5/timing.sdf, 1636
module: FLP_mul, "instance: testbench.test_module"
  SDF Warning: The path from   b to mult_31.U1495.B2 doesn't have a simple 
  wire connection, delay will still be annotated.


Warning-[SDFCOM_SWC] Simple Wire Connection
/MasterClass/M143010027_ALU/Hws/HW1/gate_level/FLP_mul/Area/round5/timing.sdf, 1645
module: FLP_mul, "instance: testbench.test_module"
  SDF Warning: The path from   b to mult_31.U1492.A2 doesn't have a simple 
  wire connection, delay will still be annotated.


Warning-[SDFCOM_SWC] Simple Wire Connection
/MasterClass/M143010027_ALU/Hws/HW1/gate_level/FLP_mul/Area/round5/timing.sdf, 1647
module: FLP_mul, "instance: testbench.test_module"
  SDF Warning: The path from   b to mult_31.U1492.B2 doesn't have a simple 
  wire connection, delay will still be annotated.


Warning-[SDFCOM_SWC] Simple Wire Connection
/MasterClass/M143010027_ALU/Hws/HW1/gate_level/FLP_mul/Area/round5/timing.sdf, 1656
module: FLP_mul, "instance: testbench.test_module"
  SDF Warning: The path from   b to mult_31.U1489.A2 doesn't have a simple 
  wire connection, delay will still be annotated.


Warning-[SDFCOM_SWC] Simple Wire Connection
/MasterClass/M143010027_ALU/Hws/HW1/gate_level/FLP_mul/Area/round5/timing.sdf, 1658
module: FLP_mul, "instance: testbench.test_module"
  SDF Warning: The path from   b to mult_31.U1489.B2 doesn't have a simple 
  wire connection, delay will still be annotated.


Warning-[SDFCOM_SWC] Simple Wire Connection
/MasterClass/M143010027_ALU/Hws/HW1/gate_level/FLP_mul/Area/round5/timing.sdf, 1667
module: FLP_mul, "instance: testbench.test_module"
  SDF Warning: The path from   b to mult_31.U1486.A2 doesn't have a simple 
  wire connection, delay will still be annotated.


Warning-[SDFCOM_SWC] Simple Wire Connection
/MasterClass/M143010027_ALU/Hws/HW1/gate_level/FLP_mul/Area/round5/timing.sdf, 1669
module: FLP_mul, "instance: testbench.test_module"
  SDF Warning: The path from   b to mult_31.U1486.B2 doesn't have a simple 
  wire connection, delay will still be annotated.


Warning-[SDFCOM_SWC] Simple Wire Connection
/MasterClass/M143010027_ALU/Hws/HW1/gate_level/FLP_mul/Area/round5/timing.sdf, 1691
module: FLP_mul, "instance: testbench.test_module"
  SDF Warning: The path from   a to mult_31.U1479.A1 doesn't have a simple 
  wire connection, delay will still be annotated.


Warning-[SDFCOM_SWC] Simple Wire Connection
/MasterClass/M143010027_ALU/Hws/HW1/gate_level/FLP_mul/Area/round5/timing.sdf, 1693
module: FLP_mul, "instance: testbench.test_module"
  SDF Warning: The path from   a to mult_31.U1478.A1 doesn't have a simple 
  wire connection, delay will still be annotated.


Warning-[SDFCOM_SWC] Simple Wire Connection
/MasterClass/M143010027_ALU/Hws/HW1/gate_level/FLP_mul/Area/round5/timing.sdf, 1695
module: FLP_mul, "instance: testbench.test_module"
  SDF Warning: The path from   a to mult_31.U1477.A1 doesn't have a simple 
  wire connection, delay will still be annotated.


Warning-[SDFCOM_SWC] Simple Wire Connection
/MasterClass/M143010027_ALU/Hws/HW1/gate_level/FLP_mul/Area/round5/timing.sdf, 1696
module: FLP_mul, "instance: testbench.test_module"
  SDF Warning: The path from   a to mult_31.U1477.A2 doesn't have a simple 
  wire connection, delay will still be annotated.


Warning-[SDFCOM_SWC] Simple Wire Connection
/MasterClass/M143010027_ALU/Hws/HW1/gate_level/FLP_mul/Area/round5/timing.sdf, 1704
module: FLP_mul, "instance: testbench.test_module"
  SDF Warning: The path from   b to mult_31.U1474.B1 doesn't have a simple 
  wire connection, delay will still be annotated.


Warning-[SDFCOM_SWC] Simple Wire Connection
/MasterClass/M143010027_ALU/Hws/HW1/gate_level/FLP_mul/Area/round5/timing.sdf, 1716
module: FLP_mul, "instance: testbench.test_module"
  SDF Warning: The path from   b to mult_31.U1470.B1 doesn't have a simple 
  wire connection, delay will still be annotated.


Warning-[SDFCOM_SWC] Simple Wire Connection
/MasterClass/M143010027_ALU/Hws/HW1/gate_level/FLP_mul/Area/round5/timing.sdf, 1727
module: FLP_mul, "instance: testbench.test_module"
  SDF Warning: The path from   b to mult_31.U1466.A1 doesn't have a simple 
  wire connection, delay will still be annotated.


Warning-[SDFCOM_SWC] Simple Wire Connection
/MasterClass/M143010027_ALU/Hws/HW1/gate_level/FLP_mul/Area/round5/timing.sdf, 1729
module: FLP_mul, "instance: testbench.test_module"
  SDF Warning: The path from   b to mult_31.U1466.B1 doesn't have a simple 
  wire connection, delay will still be annotated.


Warning-[SDFCOM_SWC] Simple Wire Connection
/MasterClass/M143010027_ALU/Hws/HW1/gate_level/FLP_mul/Area/round5/timing.sdf, 1733
module: FLP_mul, "instance: testbench.test_module"
  SDF Warning: The path from   a to mult_31.U1465.A2 doesn't have a simple 
  wire connection, delay will still be annotated.


Warning-[SDFCOM_SWC] Simple Wire Connection
/MasterClass/M143010027_ALU/Hws/HW1/gate_level/FLP_mul/Area/round5/timing.sdf, 1735
module: FLP_mul, "instance: testbench.test_module"
  SDF Warning: The path from   b to mult_31.U1464.A2 doesn't have a simple 
  wire connection, delay will still be annotated.


Warning-[SDFCOM_SWC] Simple Wire Connection
/MasterClass/M143010027_ALU/Hws/HW1/gate_level/FLP_mul/Area/round5/timing.sdf, 1737
module: FLP_mul, "instance: testbench.test_module"
  SDF Warning: The path from   b to mult_31.U1464.B2 doesn't have a simple 
  wire connection, delay will still be annotated.


Warning-[SDFCOM_SWC] Simple Wire Connection
/MasterClass/M143010027_ALU/Hws/HW1/gate_level/FLP_mul/Area/round5/timing.sdf, 1746
module: FLP_mul, "instance: testbench.test_module"
  SDF Warning: The path from   b to mult_31.U1461.A2 doesn't have a simple 
  wire connection, delay will still be annotated.


Warning-[SDFCOM_SWC] Simple Wire Connection
/MasterClass/M143010027_ALU/Hws/HW1/gate_level/FLP_mul/Area/round5/timing.sdf, 1748
module: FLP_mul, "instance: testbench.test_module"
  SDF Warning: The path from   b to mult_31.U1461.B2 doesn't have a simple 
  wire connection, delay will still be annotated.


Warning-[SDFCOM_SWC] Simple Wire Connection
/MasterClass/M143010027_ALU/Hws/HW1/gate_level/FLP_mul/Area/round5/timing.sdf, 1757
module: FLP_mul, "instance: testbench.test_module"
  SDF Warning: The path from   b to mult_31.U1458.A2 doesn't have a simple 
  wire connection, delay will still be annotated.


Warning-[SDFCOM_SWC] Simple Wire Connection
/MasterClass/M143010027_ALU/Hws/HW1/gate_level/FLP_mul/Area/round5/timing.sdf, 1759
module: FLP_mul, "instance: testbench.test_module"
  SDF Warning: The path from   b to mult_31.U1458.B2 doesn't have a simple 
  wire connection, delay will still be annotated.


Warning-[SDFCOM_SWC] Simple Wire Connection
/MasterClass/M143010027_ALU/Hws/HW1/gate_level/FLP_mul/Area/round5/timing.sdf, 1768
module: FLP_mul, "instance: testbench.test_module"
  SDF Warning: The path from   b to mult_31.U1455.A2 doesn't have a simple 
  wire connection, delay will still be annotated.


Warning-[SDFCOM_SWC] Simple Wire Connection
/MasterClass/M143010027_ALU/Hws/HW1/gate_level/FLP_mul/Area/round5/timing.sdf, 1770
module: FLP_mul, "instance: testbench.test_module"
  SDF Warning: The path from   b to mult_31.U1455.B2 doesn't have a simple 
  wire connection, delay will still be annotated.


Warning-[SDFCOM_SWC] Simple Wire Connection
/MasterClass/M143010027_ALU/Hws/HW1/gate_level/FLP_mul/Area/round5/timing.sdf, 1779
module: FLP_mul, "instance: testbench.test_module"
  SDF Warning: The path from   b to mult_31.U1452.A2 doesn't have a simple 
  wire connection, delay will still be annotated.


Warning-[SDFCOM_SWC] Simple Wire Connection
/MasterClass/M143010027_ALU/Hws/HW1/gate_level/FLP_mul/Area/round5/timing.sdf, 1781
module: FLP_mul, "instance: testbench.test_module"
  SDF Warning: The path from   b to mult_31.U1452.B2 doesn't have a simple 
  wire connection, delay will still be annotated.


Warning-[SDFCOM_SWC] Simple Wire Connection
/MasterClass/M143010027_ALU/Hws/HW1/gate_level/FLP_mul/Area/round5/timing.sdf, 1790
module: FLP_mul, "instance: testbench.test_module"
  SDF Warning: The path from   b to mult_31.U1449.A2 doesn't have a simple 
  wire connection, delay will still be annotated.


Warning-[SDFCOM_SWC] Simple Wire Connection
/MasterClass/M143010027_ALU/Hws/HW1/gate_level/FLP_mul/Area/round5/timing.sdf, 1792
module: FLP_mul, "instance: testbench.test_module"
  SDF Warning: The path from   b to mult_31.U1449.B2 doesn't have a simple 
  wire connection, delay will still be annotated.


Warning-[SDFCOM_SWC] Simple Wire Connection
/MasterClass/M143010027_ALU/Hws/HW1/gate_level/FLP_mul/Area/round5/timing.sdf, 1801
module: FLP_mul, "instance: testbench.test_module"
  SDF Warning: The path from   b to mult_31.U1446.A2 doesn't have a simple 
  wire connection, delay will still be annotated.


Warning-[SDFCOM_SWC] Simple Wire Connection
/MasterClass/M143010027_ALU/Hws/HW1/gate_level/FLP_mul/Area/round5/timing.sdf, 1803
module: FLP_mul, "instance: testbench.test_module"
  SDF Warning: The path from   b to mult_31.U1446.B2 doesn't have a simple 
  wire connection, delay will still be annotated.


Warning-[SDFCOM_SWC] Simple Wire Connection
/MasterClass/M143010027_ALU/Hws/HW1/gate_level/FLP_mul/Area/round5/timing.sdf, 1812
module: FLP_mul, "instance: testbench.test_module"
  SDF Warning: The path from   b to mult_31.U1443.A2 doesn't have a simple 
  wire connection, delay will still be annotated.


Warning-[SDFCOM_SWC] Simple Wire Connection
/MasterClass/M143010027_ALU/Hws/HW1/gate_level/FLP_mul/Area/round5/timing.sdf, 1814
module: FLP_mul, "instance: testbench.test_module"
  SDF Warning: The path from   b to mult_31.U1443.B2 doesn't have a simple 
  wire connection, delay will still be annotated.


Warning-[SDFCOM_SWC] Simple Wire Connection
/MasterClass/M143010027_ALU/Hws/HW1/gate_level/FLP_mul/Area/round5/timing.sdf, 1823
module: FLP_mul, "instance: testbench.test_module"
  SDF Warning: The path from   b to mult_31.U1440.A2 doesn't have a simple 
  wire connection, delay will still be annotated.


Warning-[SDFCOM_SWC] Simple Wire Connection
/MasterClass/M143010027_ALU/Hws/HW1/gate_level/FLP_mul/Area/round5/timing.sdf, 1825
module: FLP_mul, "instance: testbench.test_module"
  SDF Warning: The path from   b to mult_31.U1440.B2 doesn't have a simple 
  wire connection, delay will still be annotated.


Warning-[SDFCOM_SWC] Simple Wire Connection
/MasterClass/M143010027_ALU/Hws/HW1/gate_level/FLP_mul/Area/round5/timing.sdf, 1834
module: FLP_mul, "instance: testbench.test_module"
  SDF Warning: The path from   b to mult_31.U1437.A2 doesn't have a simple 
  wire connection, delay will still be annotated.


Warning-[SDFCOM_SWC] Simple Wire Connection
/MasterClass/M143010027_ALU/Hws/HW1/gate_level/FLP_mul/Area/round5/timing.sdf, 1836
module: FLP_mul, "instance: testbench.test_module"
  SDF Warning: The path from   b to mult_31.U1437.B2 doesn't have a simple 
  wire connection, delay will still be annotated.


Warning-[SDFCOM_SWC] Simple Wire Connection
/MasterClass/M143010027_ALU/Hws/HW1/gate_level/FLP_mul/Area/round5/timing.sdf, 1845
module: FLP_mul, "instance: testbench.test_module"
  SDF Warning: The path from   b to mult_31.U1434.A2 doesn't have a simple 
  wire connection, delay will still be annotated.


Warning-[SDFCOM_SWC] Simple Wire Connection
/MasterClass/M143010027_ALU/Hws/HW1/gate_level/FLP_mul/Area/round5/timing.sdf, 1847
module: FLP_mul, "instance: testbench.test_module"
  SDF Warning: The path from   b to mult_31.U1434.B2 doesn't have a simple 
  wire connection, delay will still be annotated.


Warning-[SDFCOM_SWC] Simple Wire Connection
/MasterClass/M143010027_ALU/Hws/HW1/gate_level/FLP_mul/Area/round5/timing.sdf, 1856
module: FLP_mul, "instance: testbench.test_module"
  SDF Warning: The path from   b to mult_31.U1431.A2 doesn't have a simple 
  wire connection, delay will still be annotated.


Warning-[SDFCOM_SWC] Simple Wire Connection
/MasterClass/M143010027_ALU/Hws/HW1/gate_level/FLP_mul/Area/round5/timing.sdf, 1858
module: FLP_mul, "instance: testbench.test_module"
  SDF Warning: The path from   b to mult_31.U1431.B2 doesn't have a simple 
  wire connection, delay will still be annotated.


Warning-[SDFCOM_SWC] Simple Wire Connection
/MasterClass/M143010027_ALU/Hws/HW1/gate_level/FLP_mul/Area/round5/timing.sdf, 1867
module: FLP_mul, "instance: testbench.test_module"
  SDF Warning: The path from   b to mult_31.U1428.A2 doesn't have a simple 
  wire connection, delay will still be annotated.


Warning-[SDFCOM_SWC] Simple Wire Connection
/MasterClass/M143010027_ALU/Hws/HW1/gate_level/FLP_mul/Area/round5/timing.sdf, 1869
module: FLP_mul, "instance: testbench.test_module"
  SDF Warning: The path from   b to mult_31.U1428.B2 doesn't have a simple 
  wire connection, delay will still be annotated.


Warning-[SDFCOM_SWC] Simple Wire Connection
/MasterClass/M143010027_ALU/Hws/HW1/gate_level/FLP_mul/Area/round5/timing.sdf, 1878
module: FLP_mul, "instance: testbench.test_module"
  SDF Warning: The path from   b to mult_31.U1425.A2 doesn't have a simple 
  wire connection, delay will still be annotated.


Warning-[SDFCOM_SWC] Simple Wire Connection
/MasterClass/M143010027_ALU/Hws/HW1/gate_level/FLP_mul/Area/round5/timing.sdf, 1880
module: FLP_mul, "instance: testbench.test_module"
  SDF Warning: The path from   b to mult_31.U1425.B2 doesn't have a simple 
  wire connection, delay will still be annotated.


Warning-[SDFCOM_SWC] Simple Wire Connection
/MasterClass/M143010027_ALU/Hws/HW1/gate_level/FLP_mul/Area/round5/timing.sdf, 1889
module: FLP_mul, "instance: testbench.test_module"
  SDF Warning: The path from   b to mult_31.U1422.A2 doesn't have a simple 
  wire connection, delay will still be annotated.


Warning-[SDFCOM_SWC] Simple Wire Connection
/MasterClass/M143010027_ALU/Hws/HW1/gate_level/FLP_mul/Area/round5/timing.sdf, 1891
module: FLP_mul, "instance: testbench.test_module"
  SDF Warning: The path from   b to mult_31.U1422.B2 doesn't have a simple 
  wire connection, delay will still be annotated.


Warning-[SDFCOM_SWC] Simple Wire Connection
/MasterClass/M143010027_ALU/Hws/HW1/gate_level/FLP_mul/Area/round5/timing.sdf, 1900
module: FLP_mul, "instance: testbench.test_module"
  SDF Warning: The path from   b to mult_31.U1419.A2 doesn't have a simple 
  wire connection, delay will still be annotated.


Warning-[SDFCOM_SWC] Simple Wire Connection
/MasterClass/M143010027_ALU/Hws/HW1/gate_level/FLP_mul/Area/round5/timing.sdf, 1902
module: FLP_mul, "instance: testbench.test_module"
  SDF Warning: The path from   b to mult_31.U1419.B2 doesn't have a simple 
  wire connection, delay will still be annotated.


Warning-[SDFCOM_SWC] Simple Wire Connection
/MasterClass/M143010027_ALU/Hws/HW1/gate_level/FLP_mul/Area/round5/timing.sdf, 1911
module: FLP_mul, "instance: testbench.test_module"
  SDF Warning: The path from   b to mult_31.U1416.A2 doesn't have a simple 
  wire connection, delay will still be annotated.


Warning-[SDFCOM_SWC] Simple Wire Connection
/MasterClass/M143010027_ALU/Hws/HW1/gate_level/FLP_mul/Area/round5/timing.sdf, 1913
module: FLP_mul, "instance: testbench.test_module"
  SDF Warning: The path from   b to mult_31.U1416.B2 doesn't have a simple 
  wire connection, delay will still be annotated.


Warning-[SDFCOM_SWC] Simple Wire Connection
/MasterClass/M143010027_ALU/Hws/HW1/gate_level/FLP_mul/Area/round5/timing.sdf, 1922
module: FLP_mul, "instance: testbench.test_module"
  SDF Warning: The path from   b to mult_31.U1413.A2 doesn't have a simple 
  wire connection, delay will still be annotated.


Warning-[SDFCOM_SWC] Simple Wire Connection
/MasterClass/M143010027_ALU/Hws/HW1/gate_level/FLP_mul/Area/round5/timing.sdf, 1924
module: FLP_mul, "instance: testbench.test_module"
  SDF Warning: The path from   b to mult_31.U1413.B2 doesn't have a simple 
  wire connection, delay will still be annotated.


Warning-[SDFCOM_SWC] Simple Wire Connection
/MasterClass/M143010027_ALU/Hws/HW1/gate_level/FLP_mul/Area/round5/timing.sdf, 1933
module: FLP_mul, "instance: testbench.test_module"
  SDF Warning: The path from   b to mult_31.U1410.A2 doesn't have a simple 
  wire connection, delay will still be annotated.


Warning-[SDFCOM_SWC] Simple Wire Connection
/MasterClass/M143010027_ALU/Hws/HW1/gate_level/FLP_mul/Area/round5/timing.sdf, 1935
module: FLP_mul, "instance: testbench.test_module"
  SDF Warning: The path from   b to mult_31.U1410.B2 doesn't have a simple 
  wire connection, delay will still be annotated.


Warning-[SDFCOM_SWC] Simple Wire Connection
/MasterClass/M143010027_ALU/Hws/HW1/gate_level/FLP_mul/Area/round5/timing.sdf, 1944
module: FLP_mul, "instance: testbench.test_module"
  SDF Warning: The path from   b to mult_31.U1407.A2 doesn't have a simple 
  wire connection, delay will still be annotated.


Warning-[SDFCOM_SWC] Simple Wire Connection
/MasterClass/M143010027_ALU/Hws/HW1/gate_level/FLP_mul/Area/round5/timing.sdf, 1946
module: FLP_mul, "instance: testbench.test_module"
  SDF Warning: The path from   b to mult_31.U1407.B2 doesn't have a simple 
  wire connection, delay will still be annotated.


Warning-[SDFCOM_SWC] Simple Wire Connection
/MasterClass/M143010027_ALU/Hws/HW1/gate_level/FLP_mul/Area/round5/timing.sdf, 1968
module: FLP_mul, "instance: testbench.test_module"
  SDF Warning: The path from   a to mult_31.U1400.A1 doesn't have a simple 
  wire connection, delay will still be annotated.


Warning-[SDFCOM_SWC] Simple Wire Connection
/MasterClass/M143010027_ALU/Hws/HW1/gate_level/FLP_mul/Area/round5/timing.sdf, 1969
module: FLP_mul, "instance: testbench.test_module"
  SDF Warning: The path from   a to mult_31.U1400.A2 doesn't have a simple 
  wire connection, delay will still be annotated.


Warning-[SDFCOM_SWC] Simple Wire Connection
/MasterClass/M143010027_ALU/Hws/HW1/gate_level/FLP_mul/Area/round5/timing.sdf, 1977
module: FLP_mul, "instance: testbench.test_module"
  SDF Warning: The path from   b to mult_31.U1397.B1 doesn't have a simple 
  wire connection, delay will still be annotated.


Warning-[SDFCOM_SWC] Simple Wire Connection
/MasterClass/M143010027_ALU/Hws/HW1/gate_level/FLP_mul/Area/round5/timing.sdf, 1989
module: FLP_mul, "instance: testbench.test_module"
  SDF Warning: The path from   b to mult_31.U1393.B1 doesn't have a simple 
  wire connection, delay will still be annotated.


Warning-[SDFCOM_SWC] Simple Wire Connection
/MasterClass/M143010027_ALU/Hws/HW1/gate_level/FLP_mul/Area/round5/timing.sdf, 2000
module: FLP_mul, "instance: testbench.test_module"
  SDF Warning: The path from   b to mult_31.U1389.A1 doesn't have a simple 
  wire connection, delay will still be annotated.


Warning-[SDFCOM_SWC] Simple Wire Connection
/MasterClass/M143010027_ALU/Hws/HW1/gate_level/FLP_mul/Area/round5/timing.sdf, 2002
module: FLP_mul, "instance: testbench.test_module"
  SDF Warning: The path from   b to mult_31.U1389.B1 doesn't have a simple 
  wire connection, delay will still be annotated.


Warning-[SDFCOM_SWC] Simple Wire Connection
/MasterClass/M143010027_ALU/Hws/HW1/gate_level/FLP_mul/Area/round5/timing.sdf, 2006
module: FLP_mul, "instance: testbench.test_module"
  SDF Warning: The path from   a to mult_31.U1388.A2 doesn't have a simple 
  wire connection, delay will still be annotated.


Warning-[SDFCOM_SWC] Simple Wire Connection
/MasterClass/M143010027_ALU/Hws/HW1/gate_level/FLP_mul/Area/round5/timing.sdf, 2008
module: FLP_mul, "instance: testbench.test_module"
  SDF Warning: The path from   b to mult_31.U1387.A2 doesn't have a simple 
  wire connection, delay will still be annotated.


Warning-[SDFCOM_SWC] Simple Wire Connection
/MasterClass/M143010027_ALU/Hws/HW1/gate_level/FLP_mul/Area/round5/timing.sdf, 2010
module: FLP_mul, "instance: testbench.test_module"
  SDF Warning: The path from   b to mult_31.U1387.B2 doesn't have a simple 
  wire connection, delay will still be annotated.


Warning-[SDFCOM_SWC] Simple Wire Connection
/MasterClass/M143010027_ALU/Hws/HW1/gate_level/FLP_mul/Area/round5/timing.sdf, 2019
module: FLP_mul, "instance: testbench.test_module"
  SDF Warning: The path from   b to mult_31.U1384.A2 doesn't have a simple 
  wire connection, delay will still be annotated.


Warning-[SDFCOM_SWC] Simple Wire Connection
/MasterClass/M143010027_ALU/Hws/HW1/gate_level/FLP_mul/Area/round5/timing.sdf, 2021
module: FLP_mul, "instance: testbench.test_module"
  SDF Warning: The path from   b to mult_31.U1384.B2 doesn't have a simple 
  wire connection, delay will still be annotated.


Warning-[SDFCOM_SWC] Simple Wire Connection
/MasterClass/M143010027_ALU/Hws/HW1/gate_level/FLP_mul/Area/round5/timing.sdf, 2030
module: FLP_mul, "instance: testbench.test_module"
  SDF Warning: The path from   b to mult_31.U1381.A2 doesn't have a simple 
  wire connection, delay will still be annotated.


Warning-[SDFCOM_SWC] Simple Wire Connection
/MasterClass/M143010027_ALU/Hws/HW1/gate_level/FLP_mul/Area/round5/timing.sdf, 2032
module: FLP_mul, "instance: testbench.test_module"
  SDF Warning: The path from   b to mult_31.U1381.B2 doesn't have a simple 
  wire connection, delay will still be annotated.


Warning-[SDFCOM_SWC] Simple Wire Connection
/MasterClass/M143010027_ALU/Hws/HW1/gate_level/FLP_mul/Area/round5/timing.sdf, 2041
module: FLP_mul, "instance: testbench.test_module"
  SDF Warning: The path from   b to mult_31.U1378.A2 doesn't have a simple 
  wire connection, delay will still be annotated.


Warning-[SDFCOM_SWC] Simple Wire Connection
/MasterClass/M143010027_ALU/Hws/HW1/gate_level/FLP_mul/Area/round5/timing.sdf, 2042
module: FLP_mul, "instance: testbench.test_module"
  SDF Warning: The path from   b to mult_31.U1378.B1 doesn't have a simple 
  wire connection, delay will still be annotated.


Warning-[SDFCOM_SWC] Simple Wire Connection
/MasterClass/M143010027_ALU/Hws/HW1/gate_level/FLP_mul/Area/round5/timing.sdf, 2051
module: FLP_mul, "instance: testbench.test_module"
  SDF Warning: The path from   b to mult_31.U1375.A1 doesn't have a simple 
  wire connection, delay will still be annotated.


Warning-[SDFCOM_SWC] Simple Wire Connection
/MasterClass/M143010027_ALU/Hws/HW1/gate_level/FLP_mul/Area/round5/timing.sdf, 2053
module: FLP_mul, "instance: testbench.test_module"
  SDF Warning: The path from   b to mult_31.U1375.B1 doesn't have a simple 
  wire connection, delay will still be annotated.


Warning-[SDFCOM_SWC] Simple Wire Connection
/MasterClass/M143010027_ALU/Hws/HW1/gate_level/FLP_mul/Area/round5/timing.sdf, 2062
module: FLP_mul, "instance: testbench.test_module"
  SDF Warning: The path from   b to mult_31.U1372.A1 doesn't have a simple 
  wire connection, delay will still be annotated.


Warning-[SDFCOM_SWC] Simple Wire Connection
/MasterClass/M143010027_ALU/Hws/HW1/gate_level/FLP_mul/Area/round5/timing.sdf, 2065
module: FLP_mul, "instance: testbench.test_module"
  SDF Warning: The path from   b to mult_31.U1372.B2 doesn't have a simple 
  wire connection, delay will still be annotated.


Warning-[SDFCOM_SWC] Simple Wire Connection
/MasterClass/M143010027_ALU/Hws/HW1/gate_level/FLP_mul/Area/round5/timing.sdf, 2074
module: FLP_mul, "instance: testbench.test_module"
  SDF Warning: The path from   b to mult_31.U1369.A2 doesn't have a simple 
  wire connection, delay will still be annotated.


Warning-[SDFCOM_SWC] Simple Wire Connection
/MasterClass/M143010027_ALU/Hws/HW1/gate_level/FLP_mul/Area/round5/timing.sdf, 2075
module: FLP_mul, "instance: testbench.test_module"
  SDF Warning: The path from   b to mult_31.U1369.B1 doesn't have a simple 
  wire connection, delay will still be annotated.


Warning-[SDFCOM_SWC] Simple Wire Connection
/MasterClass/M143010027_ALU/Hws/HW1/gate_level/FLP_mul/Area/round5/timing.sdf, 2084
module: FLP_mul, "instance: testbench.test_module"
  SDF Warning: The path from   b to mult_31.U1366.A1 doesn't have a simple 
  wire connection, delay will still be annotated.


Warning-[SDFCOM_SWC] Simple Wire Connection
/MasterClass/M143010027_ALU/Hws/HW1/gate_level/FLP_mul/Area/round5/timing.sdf, 2087
module: FLP_mul, "instance: testbench.test_module"
  SDF Warning: The path from   b to mult_31.U1366.B2 doesn't have a simple 
  wire connection, delay will still be annotated.


Warning-[SDFCOM_SWC] Simple Wire Connection
/MasterClass/M143010027_ALU/Hws/HW1/gate_level/FLP_mul/Area/round5/timing.sdf, 2096
module: FLP_mul, "instance: testbench.test_module"
  SDF Warning: The path from   b to mult_31.U1363.A2 doesn't have a simple 
  wire connection, delay will still be annotated.


Warning-[SDFCOM_SWC] Simple Wire Connection
/MasterClass/M143010027_ALU/Hws/HW1/gate_level/FLP_mul/Area/round5/timing.sdf, 2098
module: FLP_mul, "instance: testbench.test_module"
  SDF Warning: The path from   b to mult_31.U1363.B2 doesn't have a simple 
  wire connection, delay will still be annotated.


Warning-[SDFCOM_SWC] Simple Wire Connection
/MasterClass/M143010027_ALU/Hws/HW1/gate_level/FLP_mul/Area/round5/timing.sdf, 2107
module: FLP_mul, "instance: testbench.test_module"
  SDF Warning: The path from   b to mult_31.U1360.A2 doesn't have a simple 
  wire connection, delay will still be annotated.


Warning-[SDFCOM_SWC] Simple Wire Connection
/MasterClass/M143010027_ALU/Hws/HW1/gate_level/FLP_mul/Area/round5/timing.sdf, 2108
module: FLP_mul, "instance: testbench.test_module"
  SDF Warning: The path from   b to mult_31.U1360.B1 doesn't have a simple 
  wire connection, delay will still be annotated.


Warning-[SDFCOM_SWC] Simple Wire Connection
/MasterClass/M143010027_ALU/Hws/HW1/gate_level/FLP_mul/Area/round5/timing.sdf, 2117
module: FLP_mul, "instance: testbench.test_module"
  SDF Warning: The path from   b to mult_31.U1357.A1 doesn't have a simple 
  wire connection, delay will still be annotated.


Warning-[SDFCOM_SWC] Simple Wire Connection
/MasterClass/M143010027_ALU/Hws/HW1/gate_level/FLP_mul/Area/round5/timing.sdf, 2119
module: FLP_mul, "instance: testbench.test_module"
  SDF Warning: The path from   b to mult_31.U1357.B1 doesn't have a simple 
  wire connection, delay will still be annotated.


Warning-[SDFCOM_SWC] Simple Wire Connection
/MasterClass/M143010027_ALU/Hws/HW1/gate_level/FLP_mul/Area/round5/timing.sdf, 2128
module: FLP_mul, "instance: testbench.test_module"
  SDF Warning: The path from   b to mult_31.U1354.A1 doesn't have a simple 
  wire connection, delay will still be annotated.


Warning-[SDFCOM_SWC] Simple Wire Connection
/MasterClass/M143010027_ALU/Hws/HW1/gate_level/FLP_mul/Area/round5/timing.sdf, 2131
module: FLP_mul, "instance: testbench.test_module"
  SDF Warning: The path from   b to mult_31.U1354.B2 doesn't have a simple 
  wire connection, delay will still be annotated.


Warning-[SDFCOM_SWC] Simple Wire Connection
/MasterClass/M143010027_ALU/Hws/HW1/gate_level/FLP_mul/Area/round5/timing.sdf, 2140
module: FLP_mul, "instance: testbench.test_module"
  SDF Warning: The path from   b to mult_31.U1351.A2 doesn't have a simple 
  wire connection, delay will still be annotated.


Warning-[SDFCOM_SWC] Simple Wire Connection
/MasterClass/M143010027_ALU/Hws/HW1/gate_level/FLP_mul/Area/round5/timing.sdf, 2141
module: FLP_mul, "instance: testbench.test_module"
  SDF Warning: The path from   b to mult_31.U1351.B1 doesn't have a simple 
  wire connection, delay will still be annotated.


Warning-[SDFCOM_SWC] Simple Wire Connection
/MasterClass/M143010027_ALU/Hws/HW1/gate_level/FLP_mul/Area/round5/timing.sdf, 2150
module: FLP_mul, "instance: testbench.test_module"
  SDF Warning: The path from   b to mult_31.U1348.A1 doesn't have a simple 
  wire connection, delay will still be annotated.


Warning-[SDFCOM_SWC] Simple Wire Connection
/MasterClass/M143010027_ALU/Hws/HW1/gate_level/FLP_mul/Area/round5/timing.sdf, 2153
module: FLP_mul, "instance: testbench.test_module"
  SDF Warning: The path from   b to mult_31.U1348.B2 doesn't have a simple 
  wire connection, delay will still be annotated.


Warning-[SDFCOM_SWC] Simple Wire Connection
/MasterClass/M143010027_ALU/Hws/HW1/gate_level/FLP_mul/Area/round5/timing.sdf, 2162
module: FLP_mul, "instance: testbench.test_module"
  SDF Warning: The path from   b to mult_31.U1345.A2 doesn't have a simple 
  wire connection, delay will still be annotated.


Warning-[SDFCOM_SWC] Simple Wire Connection
/MasterClass/M143010027_ALU/Hws/HW1/gate_level/FLP_mul/Area/round5/timing.sdf, 2164
module: FLP_mul, "instance: testbench.test_module"
  SDF Warning: The path from   b to mult_31.U1345.B2 doesn't have a simple 
  wire connection, delay will still be annotated.


Warning-[SDFCOM_SWC] Simple Wire Connection
/MasterClass/M143010027_ALU/Hws/HW1/gate_level/FLP_mul/Area/round5/timing.sdf, 2173
module: FLP_mul, "instance: testbench.test_module"
  SDF Warning: The path from   b to mult_31.U1342.A2 doesn't have a simple 
  wire connection, delay will still be annotated.


Warning-[SDFCOM_SWC] Simple Wire Connection
/MasterClass/M143010027_ALU/Hws/HW1/gate_level/FLP_mul/Area/round5/timing.sdf, 2174
module: FLP_mul, "instance: testbench.test_module"
  SDF Warning: The path from   b to mult_31.U1342.B1 doesn't have a simple 
  wire connection, delay will still be annotated.


Warning-[SDFCOM_SWC] Simple Wire Connection
/MasterClass/M143010027_ALU/Hws/HW1/gate_level/FLP_mul/Area/round5/timing.sdf, 2183
module: FLP_mul, "instance: testbench.test_module"
  SDF Warning: The path from   b to mult_31.U1339.A1 doesn't have a simple 
  wire connection, delay will still be annotated.


Warning-[SDFCOM_SWC] Simple Wire Connection
/MasterClass/M143010027_ALU/Hws/HW1/gate_level/FLP_mul/Area/round5/timing.sdf, 2185
module: FLP_mul, "instance: testbench.test_module"
  SDF Warning: The path from   b to mult_31.U1339.B1 doesn't have a simple 
  wire connection, delay will still be annotated.


Warning-[SDFCOM_SWC] Simple Wire Connection
/MasterClass/M143010027_ALU/Hws/HW1/gate_level/FLP_mul/Area/round5/timing.sdf, 2194
module: FLP_mul, "instance: testbench.test_module"
  SDF Warning: The path from   b to mult_31.U1336.A1 doesn't have a simple 
  wire connection, delay will still be annotated.


Warning-[SDFCOM_SWC] Simple Wire Connection
/MasterClass/M143010027_ALU/Hws/HW1/gate_level/FLP_mul/Area/round5/timing.sdf, 2196
module: FLP_mul, "instance: testbench.test_module"
  SDF Warning: The path from   b to mult_31.U1336.B1 doesn't have a simple 
  wire connection, delay will still be annotated.


Warning-[SDFCOM_SWC] Simple Wire Connection
/MasterClass/M143010027_ALU/Hws/HW1/gate_level/FLP_mul/Area/round5/timing.sdf, 2205
module: FLP_mul, "instance: testbench.test_module"
  SDF Warning: The path from   b to mult_31.U1333.A1 doesn't have a simple 
  wire connection, delay will still be annotated.


Warning-[SDFCOM_SWC] Simple Wire Connection
/MasterClass/M143010027_ALU/Hws/HW1/gate_level/FLP_mul/Area/round5/timing.sdf, 2207
module: FLP_mul, "instance: testbench.test_module"
  SDF Warning: The path from   b to mult_31.U1333.B1 doesn't have a simple 
  wire connection, delay will still be annotated.


Warning-[SDFCOM_SWC] Simple Wire Connection
/MasterClass/M143010027_ALU/Hws/HW1/gate_level/FLP_mul/Area/round5/timing.sdf, 2216
module: FLP_mul, "instance: testbench.test_module"
  SDF Warning: The path from   b to mult_31.U1330.A1 doesn't have a simple 
  wire connection, delay will still be annotated.


Warning-[SDFCOM_SWC] Simple Wire Connection
/MasterClass/M143010027_ALU/Hws/HW1/gate_level/FLP_mul/Area/round5/timing.sdf, 2219
module: FLP_mul, "instance: testbench.test_module"
  SDF Warning: The path from   b to mult_31.U1330.B2 doesn't have a simple 
  wire connection, delay will still be annotated.


Warning-[SDFCOM_SWC] Simple Wire Connection
/MasterClass/M143010027_ALU/Hws/HW1/gate_level/FLP_mul/Area/round5/timing.sdf, 2248
module: FLP_mul, "instance: testbench.test_module"
  SDF Warning: The path from   b to mult_31.U1321.B1 doesn't have a simple 
  wire connection, delay will still be annotated.


Warning-[SDFCOM_SWC] Simple Wire Connection
/MasterClass/M143010027_ALU/Hws/HW1/gate_level/FLP_mul/Area/round5/timing.sdf, 2260
module: FLP_mul, "instance: testbench.test_module"
  SDF Warning: The path from   b to mult_31.U1317.B1 doesn't have a simple 
  wire connection, delay will still be annotated.


Warning-[SDFCOM_SWC] Simple Wire Connection
/MasterClass/M143010027_ALU/Hws/HW1/gate_level/FLP_mul/Area/round5/timing.sdf, 2267
module: FLP_mul, "instance: testbench.test_module"
  SDF Warning: The path from   b to mult_31.U1314.A1 doesn't have a simple 
  wire connection, delay will still be annotated.


Warning-[SDFCOM_SWC] Simple Wire Connection
/MasterClass/M143010027_ALU/Hws/HW1/gate_level/FLP_mul/Area/round5/timing.sdf, 2270
module: FLP_mul, "instance: testbench.test_module"
  SDF Warning: The path from   b to mult_31.U1314.B2 doesn't have a simple 
  wire connection, delay will still be annotated.


Warning-[SDFCOM_SWC] Simple Wire Connection
/MasterClass/M143010027_ALU/Hws/HW1/gate_level/FLP_mul/Area/round5/timing.sdf, 2315
module: FLP_mul, "instance: testbench.test_module"
  SDF Warning: The path from   b to mult_31.U1304.I doesn't have a simple wire
  connection, delay will still be annotated.


Warning-[SDFCOM_SWC] Simple Wire Connection
/MasterClass/M143010027_ALU/Hws/HW1/gate_level/FLP_mul/Area/round5/timing.sdf, 2316
module: FLP_mul, "instance: testbench.test_module"
  SDF Warning: The path from   b to mult_31.U1303.I doesn't have a simple wire
  connection, delay will still be annotated.


Warning-[SDFCOM_SWC] Simple Wire Connection
/MasterClass/M143010027_ALU/Hws/HW1/gate_level/FLP_mul/Area/round5/timing.sdf, 2317
module: FLP_mul, "instance: testbench.test_module"
  SDF Warning: The path from   b to mult_31.U1302.I doesn't have a simple wire
  connection, delay will still be annotated.


Warning-[SDFCOM_SWC] Simple Wire Connection
/MasterClass/M143010027_ALU/Hws/HW1/gate_level/FLP_mul/Area/round5/timing.sdf, 2318
module: FLP_mul, "instance: testbench.test_module"
  SDF Warning: The path from   b to mult_31.U1301.I doesn't have a simple wire
  connection, delay will still be annotated.


Warning-[SDFCOM_SWC] Simple Wire Connection
/MasterClass/M143010027_ALU/Hws/HW1/gate_level/FLP_mul/Area/round5/timing.sdf, 2319
module: FLP_mul, "instance: testbench.test_module"
  SDF Warning: The path from   b to mult_31.U1300.I doesn't have a simple wire
  connection, delay will still be annotated.


Warning-[SDFCOM_SWC] Simple Wire Connection
/MasterClass/M143010027_ALU/Hws/HW1/gate_level/FLP_mul/Area/round5/timing.sdf, 2320
module: FLP_mul, "instance: testbench.test_module"
  SDF Warning: The path from   b to mult_31.U1299.I doesn't have a simple wire
  connection, delay will still be annotated.


Warning-[SDFCOM_SWC] Simple Wire Connection
/MasterClass/M143010027_ALU/Hws/HW1/gate_level/FLP_mul/Area/round5/timing.sdf, 2321
module: FLP_mul, "instance: testbench.test_module"
  SDF Warning: The path from   b to mult_31.U1298.I doesn't have a simple wire
  connection, delay will still be annotated.


Warning-[SDFCOM_SWC] Simple Wire Connection
/MasterClass/M143010027_ALU/Hws/HW1/gate_level/FLP_mul/Area/round5/timing.sdf, 2322
module: FLP_mul, "instance: testbench.test_module"
  SDF Warning: The path from   b to mult_31.U1297.I doesn't have a simple wire
  connection, delay will still be annotated.


Warning-[SDFCOM_SWC] Simple Wire Connection
/MasterClass/M143010027_ALU/Hws/HW1/gate_level/FLP_mul/Area/round5/timing.sdf, 2323
module: FLP_mul, "instance: testbench.test_module"
  SDF Warning: The path from   b to mult_31.U1296.I doesn't have a simple wire
  connection, delay will still be annotated.


Warning-[SDFCOM_SWC] Simple Wire Connection
/MasterClass/M143010027_ALU/Hws/HW1/gate_level/FLP_mul/Area/round5/timing.sdf, 2324
module: FLP_mul, "instance: testbench.test_module"
  SDF Warning: The path from   b to mult_31.U1295.I doesn't have a simple wire
  connection, delay will still be annotated.


Warning-[SDFCOM_SWC] Simple Wire Connection
/MasterClass/M143010027_ALU/Hws/HW1/gate_level/FLP_mul/Area/round5/timing.sdf, 2325
module: FLP_mul, "instance: testbench.test_module"
  SDF Warning: The path from   b to mult_31.U1294.I doesn't have a simple wire
  connection, delay will still be annotated.


Warning-[SDFCOM_SWC] Simple Wire Connection
/MasterClass/M143010027_ALU/Hws/HW1/gate_level/FLP_mul/Area/round5/timing.sdf, 2326
module: FLP_mul, "instance: testbench.test_module"
  SDF Warning: The path from   b to mult_31.U1293.I doesn't have a simple wire
  connection, delay will still be annotated.


Warning-[SDFCOM_SWC] Simple Wire Connection
/MasterClass/M143010027_ALU/Hws/HW1/gate_level/FLP_mul/Area/round5/timing.sdf, 2327
module: FLP_mul, "instance: testbench.test_module"
  SDF Warning: The path from   a to mult_31.U1292.A1 doesn't have a simple 
  wire connection, delay will still be annotated.


Warning-[SDFCOM_SWC] Simple Wire Connection
/MasterClass/M143010027_ALU/Hws/HW1/gate_level/FLP_mul/Area/round5/timing.sdf, 2329
module: FLP_mul, "instance: testbench.test_module"
  SDF Warning: The path from   b to mult_31.U1291.I doesn't have a simple wire
  connection, delay will still be annotated.


Warning-[SDFCOM_SWC] Simple Wire Connection
/MasterClass/M143010027_ALU/Hws/HW1/gate_level/FLP_mul/Area/round5/timing.sdf, 2331
module: FLP_mul, "instance: testbench.test_module"
  SDF Warning: The path from   a to mult_31.U1290.A2 doesn't have a simple 
  wire connection, delay will still be annotated.


Warning-[SDFCOM_SWC] Simple Wire Connection
/MasterClass/M143010027_ALU/Hws/HW1/gate_level/FLP_mul/Area/round5/timing.sdf, 2334
module: FLP_mul, "instance: testbench.test_module"
  SDF Warning: The path from   b to mult_31.U1288.I doesn't have a simple wire
  connection, delay will still be annotated.


Warning-[SDFCOM_SWC] Simple Wire Connection
/MasterClass/M143010027_ALU/Hws/HW1/gate_level/FLP_mul/Area/round5/timing.sdf, 2335
module: FLP_mul, "instance: testbench.test_module"
  SDF Warning: The path from   b to mult_31.U1287.I doesn't have a simple wire
  connection, delay will still be annotated.


Warning-[SDFCOM_SWC] Simple Wire Connection
/MasterClass/M143010027_ALU/Hws/HW1/gate_level/FLP_mul/Area/round5/timing.sdf, 2336
module: FLP_mul, "instance: testbench.test_module"
  SDF Warning: The path from   a to mult_31.U1286.I doesn't have a simple wire
  connection, delay will still be annotated.


Warning-[SDFCOM_SWC] Simple Wire Connection
/MasterClass/M143010027_ALU/Hws/HW1/gate_level/FLP_mul/Area/round5/timing.sdf, 2337
module: FLP_mul, "instance: testbench.test_module"
  SDF Warning: The path from   b to mult_31.U1285.I doesn't have a simple wire
  connection, delay will still be annotated.


Warning-[SDFCOM_SWC] Simple Wire Connection
/MasterClass/M143010027_ALU/Hws/HW1/gate_level/FLP_mul/Area/round5/timing.sdf, 2338
module: FLP_mul, "instance: testbench.test_module"
  SDF Warning: The path from   a to mult_31.U1284.I doesn't have a simple wire
  connection, delay will still be annotated.


Warning-[SDFCOM_SWC] Simple Wire Connection
/MasterClass/M143010027_ALU/Hws/HW1/gate_level/FLP_mul/Area/round5/timing.sdf, 2339
module: FLP_mul, "instance: testbench.test_module"
  SDF Warning: The path from   b to mult_31.U1283.I doesn't have a simple wire
  connection, delay will still be annotated.


Warning-[SDFCOM_SWC] Simple Wire Connection
/MasterClass/M143010027_ALU/Hws/HW1/gate_level/FLP_mul/Area/round5/timing.sdf, 2340
module: FLP_mul, "instance: testbench.test_module"
  SDF Warning: The path from   b to mult_31.U1282.I doesn't have a simple wire
  connection, delay will still be annotated.


Warning-[SDFCOM_SWC] Simple Wire Connection
/MasterClass/M143010027_ALU/Hws/HW1/gate_level/FLP_mul/Area/round5/timing.sdf, 2341
module: FLP_mul, "instance: testbench.test_module"
  SDF Warning: The path from   b to mult_31.U1281.I doesn't have a simple wire
  connection, delay will still be annotated.


Warning-[SDFCOM_SWC] Simple Wire Connection
/MasterClass/M143010027_ALU/Hws/HW1/gate_level/FLP_mul/Area/round5/timing.sdf, 2342
module: FLP_mul, "instance: testbench.test_module"
  SDF Warning: The path from   a to mult_31.U1280.I doesn't have a simple wire
  connection, delay will still be annotated.


Warning-[SDFCOM_SWC] Simple Wire Connection
/MasterClass/M143010027_ALU/Hws/HW1/gate_level/FLP_mul/Area/round5/timing.sdf, 2343
module: FLP_mul, "instance: testbench.test_module"
  SDF Warning: The path from   b to mult_31.U1279.I doesn't have a simple wire
  connection, delay will still be annotated.


Warning-[SDFCOM_SWC] Simple Wire Connection
/MasterClass/M143010027_ALU/Hws/HW1/gate_level/FLP_mul/Area/round5/timing.sdf, 2344
module: FLP_mul, "instance: testbench.test_module"
  SDF Warning: The path from   b to mult_31.U1278.I doesn't have a simple wire
  connection, delay will still be annotated.


Warning-[SDFCOM_SWC] Simple Wire Connection
/MasterClass/M143010027_ALU/Hws/HW1/gate_level/FLP_mul/Area/round5/timing.sdf, 2345
module: FLP_mul, "instance: testbench.test_module"
  SDF Warning: The path from   b to mult_31.U1277.I doesn't have a simple wire
  connection, delay will still be annotated.


Warning-[SDFCOM_SWC] Simple Wire Connection
/MasterClass/M143010027_ALU/Hws/HW1/gate_level/FLP_mul/Area/round5/timing.sdf, 2346
module: FLP_mul, "instance: testbench.test_module"
  SDF Warning: The path from   a to mult_31.U1276.A1 doesn't have a simple 
  wire connection, delay will still be annotated.


Warning-[SDFCOM_SWC] Simple Wire Connection
/MasterClass/M143010027_ALU/Hws/HW1/gate_level/FLP_mul/Area/round5/timing.sdf, 2347
module: FLP_mul, "instance: testbench.test_module"
  SDF Warning: The path from   a to mult_31.U1276.B1 doesn't have a simple 
  wire connection, delay will still be annotated.


Warning-[SDFCOM_SWC] Simple Wire Connection
/MasterClass/M143010027_ALU/Hws/HW1/gate_level/FLP_mul/Area/round5/timing.sdf, 2348
module: FLP_mul, "instance: testbench.test_module"
  SDF Warning: The path from   b to mult_31.U1275.I doesn't have a simple wire
  connection, delay will still be annotated.


Warning-[SDFCOM_SWC] Simple Wire Connection
/MasterClass/M143010027_ALU/Hws/HW1/gate_level/FLP_mul/Area/round5/timing.sdf, 2349
module: FLP_mul, "instance: testbench.test_module"
  SDF Warning: The path from   a to mult_31.U1274.I doesn't have a simple wire
  connection, delay will still be annotated.


Warning-[SDFCOM_SWC] Simple Wire Connection
/MasterClass/M143010027_ALU/Hws/HW1/gate_level/FLP_mul/Area/round5/timing.sdf, 2350
module: FLP_mul, "instance: testbench.test_module"
  SDF Warning: The path from   a to mult_31.U1273.A1 doesn't have a simple 
  wire connection, delay will still be annotated.


Warning-[SDFCOM_SWC] Simple Wire Connection
/MasterClass/M143010027_ALU/Hws/HW1/gate_level/FLP_mul/Area/round5/timing.sdf, 2352
module: FLP_mul, "instance: testbench.test_module"
  SDF Warning: The path from   a to mult_31.U1272.A1 doesn't have a simple 
  wire connection, delay will still be annotated.


Warning-[SDFCOM_SWC] Simple Wire Connection
/MasterClass/M143010027_ALU/Hws/HW1/gate_level/FLP_mul/Area/round5/timing.sdf, 2354
module: FLP_mul, "instance: testbench.test_module"
  SDF Warning: The path from   a to mult_31.U1271.I doesn't have a simple wire
  connection, delay will still be annotated.


Warning-[SDFCOM_SWC] Simple Wire Connection
/MasterClass/M143010027_ALU/Hws/HW1/gate_level/FLP_mul/Area/round5/timing.sdf, 2355
module: FLP_mul, "instance: testbench.test_module"
  SDF Warning: The path from   a to mult_31.U1270.A1 doesn't have a simple 
  wire connection, delay will still be annotated.


Warning-[SDFCOM_SWC] Simple Wire Connection
/MasterClass/M143010027_ALU/Hws/HW1/gate_level/FLP_mul/Area/round5/timing.sdf, 2357
module: FLP_mul, "instance: testbench.test_module"
  SDF Warning: The path from   a to mult_31.U1269.I doesn't have a simple wire
  connection, delay will still be annotated.


Warning-[SDFCOM_SWC] Simple Wire Connection
/MasterClass/M143010027_ALU/Hws/HW1/gate_level/FLP_mul/Area/round5/timing.sdf, 2358
module: FLP_mul, "instance: testbench.test_module"
  SDF Warning: The path from   a to mult_31.U1268.I doesn't have a simple wire
  connection, delay will still be annotated.


Warning-[SDFCOM_SWC] Simple Wire Connection
/MasterClass/M143010027_ALU/Hws/HW1/gate_level/FLP_mul/Area/round5/timing.sdf, 2466
module: FLP_mul, "instance: testbench.test_module"
  SDF Warning: The path from   b to mult_31.U1200.A3 doesn't have a simple 
  wire connection, delay will still be annotated.


Warning-[SDFCOM_SWC] Simple Wire Connection
/MasterClass/M143010027_ALU/Hws/HW1/gate_level/FLP_mul/Area/round5/timing.sdf, 2510
module: FLP_mul, "instance: testbench.test_module"
  SDF Warning: The path from   b to mult_31.U1168.A doesn't have a simple wire
  connection, delay will still be annotated.


Warning-[SDFCOM_SWC] Simple Wire Connection
/MasterClass/M143010027_ALU/Hws/HW1/gate_level/FLP_mul/Area/round5/timing.sdf, 2511
module: FLP_mul, "instance: testbench.test_module"
  SDF Warning: The path from   b to mult_31.U1168.B doesn't have a simple wire
  connection, delay will still be annotated.


Warning-[SDFCOM_SWC] Simple Wire Connection
/MasterClass/M143010027_ALU/Hws/HW1/gate_level/FLP_mul/Area/round5/timing.sdf, 2512
module: FLP_mul, "instance: testbench.test_module"
  SDF Warning: The path from   b to mult_31.U1167.A doesn't have a simple wire
  connection, delay will still be annotated.


Warning-[SDFCOM_SWC] Simple Wire Connection
/MasterClass/M143010027_ALU/Hws/HW1/gate_level/FLP_mul/Area/round5/timing.sdf, 2513
module: FLP_mul, "instance: testbench.test_module"
  SDF Warning: The path from   b to mult_31.U1167.B doesn't have a simple wire
  connection, delay will still be annotated.


Warning-[SDFCOM_SWC] Simple Wire Connection
/MasterClass/M143010027_ALU/Hws/HW1/gate_level/FLP_mul/Area/round5/timing.sdf, 2515
module: FLP_mul, "instance: testbench.test_module"
  SDF Warning: The path from   b to mult_31.U1166.A doesn't have a simple wire
  connection, delay will still be annotated.


Warning-[SDFCOM_SWC] Simple Wire Connection
/MasterClass/M143010027_ALU/Hws/HW1/gate_level/FLP_mul/Area/round5/timing.sdf, 2516
module: FLP_mul, "instance: testbench.test_module"
  SDF Warning: The path from   b to mult_31.U1166.B doesn't have a simple wire
  connection, delay will still be annotated.


Warning-[SDFCOM_SWC] Simple Wire Connection
/MasterClass/M143010027_ALU/Hws/HW1/gate_level/FLP_mul/Area/round5/timing.sdf, 2518
module: FLP_mul, "instance: testbench.test_module"
  SDF Warning: The path from   b to mult_31.U1165.A doesn't have a simple wire
  connection, delay will still be annotated.


Warning-[SDFCOM_SWC] Simple Wire Connection
/MasterClass/M143010027_ALU/Hws/HW1/gate_level/FLP_mul/Area/round5/timing.sdf, 2519
module: FLP_mul, "instance: testbench.test_module"
  SDF Warning: The path from   b to mult_31.U1165.B doesn't have a simple wire
  connection, delay will still be annotated.


Warning-[SDFCOM_SWC] Simple Wire Connection
/MasterClass/M143010027_ALU/Hws/HW1/gate_level/FLP_mul/Area/round5/timing.sdf, 2521
module: FLP_mul, "instance: testbench.test_module"
  SDF Warning: The path from   b to mult_31.U1164.A doesn't have a simple wire
  connection, delay will still be annotated.


Warning-[SDFCOM_SWC] Simple Wire Connection
/MasterClass/M143010027_ALU/Hws/HW1/gate_level/FLP_mul/Area/round5/timing.sdf, 2522
module: FLP_mul, "instance: testbench.test_module"
  SDF Warning: The path from   b to mult_31.U1164.B doesn't have a simple wire
  connection, delay will still be annotated.


Warning-[SDFCOM_SWC] Simple Wire Connection
/MasterClass/M143010027_ALU/Hws/HW1/gate_level/FLP_mul/Area/round5/timing.sdf, 2524
module: FLP_mul, "instance: testbench.test_module"
  SDF Warning: The path from   b to mult_31.U1163.A doesn't have a simple wire
  connection, delay will still be annotated.


Warning-[SDFCOM_SWC] Simple Wire Connection
/MasterClass/M143010027_ALU/Hws/HW1/gate_level/FLP_mul/Area/round5/timing.sdf, 2525
module: FLP_mul, "instance: testbench.test_module"
  SDF Warning: The path from   b to mult_31.U1163.B doesn't have a simple wire
  connection, delay will still be annotated.


Warning-[SDFCOM_SWC] Simple Wire Connection
/MasterClass/M143010027_ALU/Hws/HW1/gate_level/FLP_mul/Area/round5/timing.sdf, 2527
module: FLP_mul, "instance: testbench.test_module"
  SDF Warning: The path from   b to mult_31.U1162.A doesn't have a simple wire
  connection, delay will still be annotated.


Warning-[SDFCOM_SWC] Simple Wire Connection
/MasterClass/M143010027_ALU/Hws/HW1/gate_level/FLP_mul/Area/round5/timing.sdf, 2528
module: FLP_mul, "instance: testbench.test_module"
  SDF Warning: The path from   b to mult_31.U1162.B doesn't have a simple wire
  connection, delay will still be annotated.


Warning-[SDFCOM_SWC] Simple Wire Connection
/MasterClass/M143010027_ALU/Hws/HW1/gate_level/FLP_mul/Area/round5/timing.sdf, 2530
module: FLP_mul, "instance: testbench.test_module"
  SDF Warning: The path from   b to mult_31.U1161.A doesn't have a simple wire
  connection, delay will still be annotated.


Warning-[SDFCOM_SWC] Simple Wire Connection
/MasterClass/M143010027_ALU/Hws/HW1/gate_level/FLP_mul/Area/round5/timing.sdf, 2531
module: FLP_mul, "instance: testbench.test_module"
  SDF Warning: The path from   b to mult_31.U1161.B doesn't have a simple wire
  connection, delay will still be annotated.


Warning-[SDFCOM_SWC] Simple Wire Connection
/MasterClass/M143010027_ALU/Hws/HW1/gate_level/FLP_mul/Area/round5/timing.sdf, 2533
module: FLP_mul, "instance: testbench.test_module"
  SDF Warning: The path from   b to mult_31.U1160.A doesn't have a simple wire
  connection, delay will still be annotated.


Warning-[SDFCOM_SWC] Simple Wire Connection
/MasterClass/M143010027_ALU/Hws/HW1/gate_level/FLP_mul/Area/round5/timing.sdf, 2534
module: FLP_mul, "instance: testbench.test_module"
  SDF Warning: The path from   b to mult_31.U1160.B doesn't have a simple wire
  connection, delay will still be annotated.


Warning-[SDFCOM_SWC] Simple Wire Connection
/MasterClass/M143010027_ALU/Hws/HW1/gate_level/FLP_mul/Area/round5/timing.sdf, 2536
module: FLP_mul, "instance: testbench.test_module"
  SDF Warning: The path from   b to mult_31.U1159.A doesn't have a simple wire
  connection, delay will still be annotated.


Warning-[SDFCOM_SWC] Simple Wire Connection
/MasterClass/M143010027_ALU/Hws/HW1/gate_level/FLP_mul/Area/round5/timing.sdf, 2537
module: FLP_mul, "instance: testbench.test_module"
  SDF Warning: The path from   b to mult_31.U1159.B doesn't have a simple wire
  connection, delay will still be annotated.


Warning-[SDFCOM_SWC] Simple Wire Connection
/MasterClass/M143010027_ALU/Hws/HW1/gate_level/FLP_mul/Area/round5/timing.sdf, 2539
module: FLP_mul, "instance: testbench.test_module"
  SDF Warning: The path from   b to mult_31.U1158.A doesn't have a simple wire
  connection, delay will still be annotated.


Warning-[SDFCOM_SWC] Simple Wire Connection
/MasterClass/M143010027_ALU/Hws/HW1/gate_level/FLP_mul/Area/round5/timing.sdf, 2540
module: FLP_mul, "instance: testbench.test_module"
  SDF Warning: The path from   b to mult_31.U1158.B doesn't have a simple wire
  connection, delay will still be annotated.


Warning-[SDFCOM_SWC] Simple Wire Connection
/MasterClass/M143010027_ALU/Hws/HW1/gate_level/FLP_mul/Area/round5/timing.sdf, 2542
module: FLP_mul, "instance: testbench.test_module"
  SDF Warning: The path from   b to mult_31.U1157.A doesn't have a simple wire
  connection, delay will still be annotated.


Warning-[SDFCOM_SWC] Simple Wire Connection
/MasterClass/M143010027_ALU/Hws/HW1/gate_level/FLP_mul/Area/round5/timing.sdf, 2543
module: FLP_mul, "instance: testbench.test_module"
  SDF Warning: The path from   b to mult_31.U1157.B doesn't have a simple wire
  connection, delay will still be annotated.


Warning-[SDFCOM_SWC] Simple Wire Connection
/MasterClass/M143010027_ALU/Hws/HW1/gate_level/FLP_mul/Area/round5/timing.sdf, 2545
module: FLP_mul, "instance: testbench.test_module"
  SDF Warning: The path from   b to mult_31.U1156.A doesn't have a simple wire
  connection, delay will still be annotated.


Warning-[SDFCOM_SWC] Simple Wire Connection
/MasterClass/M143010027_ALU/Hws/HW1/gate_level/FLP_mul/Area/round5/timing.sdf, 2546
module: FLP_mul, "instance: testbench.test_module"
  SDF Warning: The path from   b to mult_31.U1156.B doesn't have a simple wire
  connection, delay will still be annotated.


Warning-[SDFCOM_SWC] Simple Wire Connection
/MasterClass/M143010027_ALU/Hws/HW1/gate_level/FLP_mul/Area/round5/timing.sdf, 2548
module: FLP_mul, "instance: testbench.test_module"
  SDF Warning: The path from   b to mult_31.U1155.A doesn't have a simple wire
  connection, delay will still be annotated.


Warning-[SDFCOM_SWC] Simple Wire Connection
/MasterClass/M143010027_ALU/Hws/HW1/gate_level/FLP_mul/Area/round5/timing.sdf, 2549
module: FLP_mul, "instance: testbench.test_module"
  SDF Warning: The path from   b to mult_31.U1155.B doesn't have a simple wire
  connection, delay will still be annotated.


Warning-[SDFCOM_SWC] Simple Wire Connection
/MasterClass/M143010027_ALU/Hws/HW1/gate_level/FLP_mul/Area/round5/timing.sdf, 2551
module: FLP_mul, "instance: testbench.test_module"
  SDF Warning: The path from   b to mult_31.U1154.A doesn't have a simple wire
  connection, delay will still be annotated.


Warning-[SDFCOM_SWC] Simple Wire Connection
/MasterClass/M143010027_ALU/Hws/HW1/gate_level/FLP_mul/Area/round5/timing.sdf, 2552
module: FLP_mul, "instance: testbench.test_module"
  SDF Warning: The path from   b to mult_31.U1154.B doesn't have a simple wire
  connection, delay will still be annotated.


Warning-[SDFCOM_SWC] Simple Wire Connection
/MasterClass/M143010027_ALU/Hws/HW1/gate_level/FLP_mul/Area/round5/timing.sdf, 2554
module: FLP_mul, "instance: testbench.test_module"
  SDF Warning: The path from   b to mult_31.U1153.A doesn't have a simple wire
  connection, delay will still be annotated.


Warning-[SDFCOM_SWC] Simple Wire Connection
/MasterClass/M143010027_ALU/Hws/HW1/gate_level/FLP_mul/Area/round5/timing.sdf, 2555
module: FLP_mul, "instance: testbench.test_module"
  SDF Warning: The path from   b to mult_31.U1153.B doesn't have a simple wire
  connection, delay will still be annotated.


Warning-[SDFCOM_SWC] Simple Wire Connection
/MasterClass/M143010027_ALU/Hws/HW1/gate_level/FLP_mul/Area/round5/timing.sdf, 2557
module: FLP_mul, "instance: testbench.test_module"
  SDF Warning: The path from   b to mult_31.U1152.A doesn't have a simple wire
  connection, delay will still be annotated.


Warning-[SDFCOM_SWC] Simple Wire Connection
/MasterClass/M143010027_ALU/Hws/HW1/gate_level/FLP_mul/Area/round5/timing.sdf, 2558
module: FLP_mul, "instance: testbench.test_module"
  SDF Warning: The path from   b to mult_31.U1152.B doesn't have a simple wire
  connection, delay will still be annotated.


Warning-[SDFCOM_SWC] Simple Wire Connection
/MasterClass/M143010027_ALU/Hws/HW1/gate_level/FLP_mul/Area/round5/timing.sdf, 2560
module: FLP_mul, "instance: testbench.test_module"
  SDF Warning: The path from   b to mult_31.U1151.A doesn't have a simple wire
  connection, delay will still be annotated.


Warning-[SDFCOM_SWC] Simple Wire Connection
/MasterClass/M143010027_ALU/Hws/HW1/gate_level/FLP_mul/Area/round5/timing.sdf, 2561
module: FLP_mul, "instance: testbench.test_module"
  SDF Warning: The path from   b to mult_31.U1151.B doesn't have a simple wire
  connection, delay will still be annotated.


Warning-[SDFCOM_SWC] Simple Wire Connection
/MasterClass/M143010027_ALU/Hws/HW1/gate_level/FLP_mul/Area/round5/timing.sdf, 2563
module: FLP_mul, "instance: testbench.test_module"
  SDF Warning: The path from   b to mult_31.U1150.A doesn't have a simple wire
  connection, delay will still be annotated.


Warning-[SDFCOM_SWC] Simple Wire Connection
/MasterClass/M143010027_ALU/Hws/HW1/gate_level/FLP_mul/Area/round5/timing.sdf, 2564
module: FLP_mul, "instance: testbench.test_module"
  SDF Warning: The path from   b to mult_31.U1150.B doesn't have a simple wire
  connection, delay will still be annotated.


Warning-[SDFCOM_SWC] Simple Wire Connection
/MasterClass/M143010027_ALU/Hws/HW1/gate_level/FLP_mul/Area/round5/timing.sdf, 2566
module: FLP_mul, "instance: testbench.test_module"
  SDF Warning: The path from   b to mult_31.U1149.A doesn't have a simple wire
  connection, delay will still be annotated.


Warning-[SDFCOM_SWC] Simple Wire Connection
/MasterClass/M143010027_ALU/Hws/HW1/gate_level/FLP_mul/Area/round5/timing.sdf, 2567
module: FLP_mul, "instance: testbench.test_module"
  SDF Warning: The path from   b to mult_31.U1149.B doesn't have a simple wire
  connection, delay will still be annotated.


Warning-[SDFCOM_SWC] Simple Wire Connection
/MasterClass/M143010027_ALU/Hws/HW1/gate_level/FLP_mul/Area/round5/timing.sdf, 2569
module: FLP_mul, "instance: testbench.test_module"
  SDF Warning: The path from   b to mult_31.U1148.A doesn't have a simple wire
  connection, delay will still be annotated.


Warning-[SDFCOM_SWC] Simple Wire Connection
/MasterClass/M143010027_ALU/Hws/HW1/gate_level/FLP_mul/Area/round5/timing.sdf, 2570
module: FLP_mul, "instance: testbench.test_module"
  SDF Warning: The path from   b to mult_31.U1148.B doesn't have a simple wire
  connection, delay will still be annotated.


Warning-[SDFCOM_SWC] Simple Wire Connection
/MasterClass/M143010027_ALU/Hws/HW1/gate_level/FLP_mul/Area/round5/timing.sdf, 2572
module: FLP_mul, "instance: testbench.test_module"
  SDF Warning: The path from   b to mult_31.U1147.A doesn't have a simple wire
  connection, delay will still be annotated.


Warning-[SDFCOM_SWC] Simple Wire Connection
/MasterClass/M143010027_ALU/Hws/HW1/gate_level/FLP_mul/Area/round5/timing.sdf, 2573
module: FLP_mul, "instance: testbench.test_module"
  SDF Warning: The path from   b to mult_31.U1147.B doesn't have a simple wire
  connection, delay will still be annotated.


Warning-[SDFCOM_SWC] Simple Wire Connection
/MasterClass/M143010027_ALU/Hws/HW1/gate_level/FLP_mul/Area/round5/timing.sdf, 2575
module: FLP_mul, "instance: testbench.test_module"
  SDF Warning: The path from   a to mult_31.U374.A doesn't have a simple wire 
  connection, delay will still be annotated.


Warning-[SDFCOM_SWC] Simple Wire Connection
/MasterClass/M143010027_ALU/Hws/HW1/gate_level/FLP_mul/Area/round5/timing.sdf, 2581
module: FLP_mul, "instance: testbench.test_module"
  SDF Warning: The path from   a to mult_31.U371.A doesn't have a simple wire 
  connection, delay will still be annotated.


Warning-[SDFCOM_SWC] Simple Wire Connection
/MasterClass/M143010027_ALU/Hws/HW1/gate_level/FLP_mul/Area/round5/timing.sdf, 2596
module: FLP_mul, "instance: testbench.test_module"
  SDF Warning: The path from   a to mult_31.U365.A doesn't have a simple wire 
  connection, delay will still be annotated.


Warning-[SDFCOM_SWC] Simple Wire Connection
/MasterClass/M143010027_ALU/Hws/HW1/gate_level/FLP_mul/Area/round5/timing.sdf, 2620
module: FLP_mul, "instance: testbench.test_module"
  SDF Warning: The path from   a to mult_31.U356.A doesn't have a simple wire 
  connection, delay will still be annotated.


Warning-[SDFCOM_SWC] Simple Wire Connection
/MasterClass/M143010027_ALU/Hws/HW1/gate_level/FLP_mul/Area/round5/timing.sdf, 2653
module: FLP_mul, "instance: testbench.test_module"
  SDF Warning: The path from   a to mult_31.U344.A doesn't have a simple wire 
  connection, delay will still be annotated.


Warning-[SDFCOM_SWC] Simple Wire Connection
/MasterClass/M143010027_ALU/Hws/HW1/gate_level/FLP_mul/Area/round5/timing.sdf, 2695
module: FLP_mul, "instance: testbench.test_module"
  SDF Warning: The path from   a to mult_31.U329.A doesn't have a simple wire 
  connection, delay will still be annotated.


Warning-[SDFCOM_SWC] Simple Wire Connection
/MasterClass/M143010027_ALU/Hws/HW1/gate_level/FLP_mul/Area/round5/timing.sdf, 2804
module: FLP_mul, "instance: testbench.test_module"
  SDF Warning: The path from   b to mult_31.U290.A doesn't have a simple wire 
  connection, delay will still be annotated.


Warning-[SDFCOM_SWC] Simple Wire Connection
/MasterClass/M143010027_ALU/Hws/HW1/gate_level/FLP_mul/Area/round5/timing.sdf, 2825
module: FLP_mul, "instance: testbench.test_module"
  SDF Warning: The path from   b to mult_31.U283.A doesn't have a simple wire 
  connection, delay will still be annotated.


Warning-[SDFCOM_SWC] Simple Wire Connection
/MasterClass/M143010027_ALU/Hws/HW1/gate_level/FLP_mul/Area/round5/timing.sdf, 2846
module: FLP_mul, "instance: testbench.test_module"
  SDF Warning: The path from   a to mult_31.U276.A doesn't have a simple wire 
  connection, delay will still be annotated.


Warning-[SDFCOM_SWC] Simple Wire Connection
/MasterClass/M143010027_ALU/Hws/HW1/gate_level/FLP_mul/Area/round5/timing.sdf, 2847
module: FLP_mul, "instance: testbench.test_module"
  SDF Warning: The path from   b to mult_31.U276.B doesn't have a simple wire 
  connection, delay will still be annotated.


Warning-[SDFCOM_SWC] Simple Wire Connection
/MasterClass/M143010027_ALU/Hws/HW1/gate_level/FLP_mul/Area/round5/timing.sdf, 2867
module: FLP_mul, "instance: testbench.test_module"
  SDF Warning: The path from   a to mult_31.U269.A doesn't have a simple wire 
  connection, delay will still be annotated.


Warning-[SDFCOM_SWC] Simple Wire Connection
/MasterClass/M143010027_ALU/Hws/HW1/gate_level/FLP_mul/Area/round5/timing.sdf, 2868
module: FLP_mul, "instance: testbench.test_module"
  SDF Warning: The path from   b to mult_31.U269.B doesn't have a simple wire 
  connection, delay will still be annotated.


Warning-[SDFCOM_SWC] Simple Wire Connection
/MasterClass/M143010027_ALU/Hws/HW1/gate_level/FLP_mul/Area/round5/timing.sdf, 2888
module: FLP_mul, "instance: testbench.test_module"
  SDF Warning: The path from   a to mult_31.U262.A doesn't have a simple wire 
  connection, delay will still be annotated.


Warning-[SDFCOM_SWC] Simple Wire Connection
/MasterClass/M143010027_ALU/Hws/HW1/gate_level/FLP_mul/Area/round5/timing.sdf, 2889
module: FLP_mul, "instance: testbench.test_module"
  SDF Warning: The path from   b to mult_31.U262.B doesn't have a simple wire 
  connection, delay will still be annotated.


Warning-[SDFCOM_SWC] Simple Wire Connection
/MasterClass/M143010027_ALU/Hws/HW1/gate_level/FLP_mul/Area/round5/timing.sdf, 2911
module: FLP_mul, "instance: testbench.test_module"
  SDF Warning: The path from   b to mult_31.U255.CI doesn't have a simple wire
  connection, delay will still be annotated.


Warning-[SDFCOM_SWC] Simple Wire Connection
/MasterClass/M143010027_ALU/Hws/HW1/gate_level/FLP_mul/Area/round5/timing.sdf, 2948
module: FLP_mul, "instance: testbench.test_module"
  SDF Warning: The path from   b to mult_31.U240.A doesn't have a simple wire 
  connection, delay will still be annotated.


Warning-[SDFCOM_SWC] Simple Wire Connection
/MasterClass/M143010027_ALU/Hws/HW1/gate_level/FLP_mul/Area/round5/timing.sdf, 2967
module: FLP_mul, "instance: testbench.test_module"
  SDF Warning: The path from   b to mult_31.U234.B doesn't have a simple wire 
  connection, delay will still be annotated.


Warning-[SDFCOM_SWC] Simple Wire Connection
/MasterClass/M143010027_ALU/Hws/HW1/gate_level/FLP_mul/Area/round5/timing.sdf, 2968
module: FLP_mul, "instance: testbench.test_module"
  SDF Warning: The path from   b to mult_31.U234.CI doesn't have a simple wire
  connection, delay will still be annotated.


Warning-[SDFCOM_SWC] Simple Wire Connection
/MasterClass/M143010027_ALU/Hws/HW1/gate_level/FLP_mul/Area/round5/timing.sdf, 2999
module: FLP_mul, "instance: testbench.test_module"
  SDF Warning: The path from   b to mult_31.U221.A doesn't have a simple wire 
  connection, delay will still be annotated.


Warning-[SDFCOM_SWC] Simple Wire Connection
/MasterClass/M143010027_ALU/Hws/HW1/gate_level/FLP_mul/Area/round5/timing.sdf, 3015
module: FLP_mul, "instance: testbench.test_module"
  SDF Warning: The path from   b to mult_31.U216.B doesn't have a simple wire 
  connection, delay will still be annotated.


Warning-[SDFCOM_SWC] Simple Wire Connection
/MasterClass/M143010027_ALU/Hws/HW1/gate_level/FLP_mul/Area/round5/timing.sdf, 3016
module: FLP_mul, "instance: testbench.test_module"
  SDF Warning: The path from   b to mult_31.U216.CI doesn't have a simple wire
  connection, delay will still be annotated.


Warning-[SDFCOM_SWC] Simple Wire Connection
/MasterClass/M143010027_ALU/Hws/HW1/gate_level/FLP_mul/Area/round5/timing.sdf, 3041
module: FLP_mul, "instance: testbench.test_module"
  SDF Warning: The path from   b to mult_31.U205.A doesn't have a simple wire 
  connection, delay will still be annotated.


Warning-[SDFCOM_SWC] Simple Wire Connection
/MasterClass/M143010027_ALU/Hws/HW1/gate_level/FLP_mul/Area/round5/timing.sdf, 3054
module: FLP_mul, "instance: testbench.test_module"
  SDF Warning: The path from   b to mult_31.U201.B doesn't have a simple wire 
  connection, delay will still be annotated.


Warning-[SDFCOM_SWC] Simple Wire Connection
/MasterClass/M143010027_ALU/Hws/HW1/gate_level/FLP_mul/Area/round5/timing.sdf, 3055
module: FLP_mul, "instance: testbench.test_module"
  SDF Warning: The path from   b to mult_31.U201.CI doesn't have a simple wire
  connection, delay will still be annotated.


Warning-[SDFCOM_SWC] Simple Wire Connection
/MasterClass/M143010027_ALU/Hws/HW1/gate_level/FLP_mul/Area/round5/timing.sdf, 3074
module: FLP_mul, "instance: testbench.test_module"
  SDF Warning: The path from   b to mult_31.U192.A doesn't have a simple wire 
  connection, delay will still be annotated.


Warning-[SDFCOM_SWC] Simple Wire Connection
/MasterClass/M143010027_ALU/Hws/HW1/gate_level/FLP_mul/Area/round5/timing.sdf, 3084
module: FLP_mul, "instance: testbench.test_module"
  SDF Warning: The path from   b to mult_31.U189.B doesn't have a simple wire 
  connection, delay will still be annotated.


Warning-[SDFCOM_SWC] Simple Wire Connection
/MasterClass/M143010027_ALU/Hws/HW1/gate_level/FLP_mul/Area/round5/timing.sdf, 3085
module: FLP_mul, "instance: testbench.test_module"
  SDF Warning: The path from   b to mult_31.U189.CI doesn't have a simple wire
  connection, delay will still be annotated.


Warning-[SDFCOM_SWC] Simple Wire Connection
/MasterClass/M143010027_ALU/Hws/HW1/gate_level/FLP_mul/Area/round5/timing.sdf, 3098
module: FLP_mul, "instance: testbench.test_module"
  SDF Warning: The path from   b to mult_31.U182.A doesn't have a simple wire 
  connection, delay will still be annotated.


Warning-[SDFCOM_SWC] Simple Wire Connection
/MasterClass/M143010027_ALU/Hws/HW1/gate_level/FLP_mul/Area/round5/timing.sdf, 3105
module: FLP_mul, "instance: testbench.test_module"
  SDF Warning: The path from   b to mult_31.U180.B doesn't have a simple wire 
  connection, delay will still be annotated.


Warning-[SDFCOM_SWC] Simple Wire Connection
/MasterClass/M143010027_ALU/Hws/HW1/gate_level/FLP_mul/Area/round5/timing.sdf, 3106
module: FLP_mul, "instance: testbench.test_module"
  SDF Warning: The path from   b to mult_31.U180.CI doesn't have a simple wire
  connection, delay will still be annotated.


Warning-[SDFCOM_SWC] Simple Wire Connection
/MasterClass/M143010027_ALU/Hws/HW1/gate_level/FLP_mul/Area/round5/timing.sdf, 3113
module: FLP_mul, "instance: testbench.test_module"
  SDF Warning: The path from   b to mult_31.U175.A doesn't have a simple wire 
  connection, delay will still be annotated.


Warning-[SDFCOM_SWC] Simple Wire Connection
/MasterClass/M143010027_ALU/Hws/HW1/gate_level/FLP_mul/Area/round5/timing.sdf, 3191
module: AO22D1BWP16P90LVT, "instance: testbench.test_module.U9"
  SDF Warning: The path from U9.Z to add_42.U47.A1 doesn't have a simple wire 
  connection, delay will still be annotated.


Warning-[SDFCOM_SWC] Simple Wire Connection
/MasterClass/M143010027_ALU/Hws/HW1/gate_level/FLP_mul/Area/round5/timing.sdf, 3194
module: AO22D1BWP16P90LVT, "instance: testbench.test_module.U14"
  SDF Warning: The path from U14.Z to add_42.U46.A2 doesn't have a simple wire
  connection, delay will still be annotated.


Warning-[SDFCOM_SWC] Simple Wire Connection
/MasterClass/M143010027_ALU/Hws/HW1/gate_level/FLP_mul/Area/round5/timing.sdf, 3195
module: AO22D1BWP16P90LVT, "instance: testbench.test_module.U9"
  SDF Warning: The path from U9.Z to add_42.U45.A1 doesn't have a simple wire 
  connection, delay will still be annotated.


Warning-[SDFCOM_SWC] Simple Wire Connection
/MasterClass/M143010027_ALU/Hws/HW1/gate_level/FLP_mul/Area/round5/timing.sdf, 3198
module: AO22D1BWP16P90LVT, "instance: testbench.test_module.U14"
  SDF Warning: The path from U14.Z to add_42.U44.A2 doesn't have a simple wire
  connection, delay will still be annotated.


Warning-[SDFCOM_SWC] Simple Wire Connection
/MasterClass/M143010027_ALU/Hws/HW1/gate_level/FLP_mul/Area/round5/timing.sdf, 3199
module: AO22D1BWP16P90LVT, "instance: testbench.test_module.U8"
  SDF Warning: The path from U8.Z to add_42.U43.A1 doesn't have a simple wire 
  connection, delay will still be annotated.


Warning-[SDFCOM_SWC] Simple Wire Connection
/MasterClass/M143010027_ALU/Hws/HW1/gate_level/FLP_mul/Area/round5/timing.sdf, 3201
module: AO22D1BWP16P90LVT, "instance: testbench.test_module.U7"
  SDF Warning: The path from U7.Z to add_42.U42.A1 doesn't have a simple wire 
  connection, delay will still be annotated.


Warning-[SDFCOM_SWC] Simple Wire Connection
/MasterClass/M143010027_ALU/Hws/HW1/gate_level/FLP_mul/Area/round5/timing.sdf, 3203
module: AO22D1BWP16P90LVT, "instance: testbench.test_module.U6"
  SDF Warning: The path from U6.Z to add_42.U41.A1 doesn't have a simple wire 
  connection, delay will still be annotated.


Warning-[SDFCOM_SWC] Simple Wire Connection
/MasterClass/M143010027_ALU/Hws/HW1/gate_level/FLP_mul/Area/round5/timing.sdf, 3205
module: AO22D1BWP16P90LVT, "instance: testbench.test_module.U5"
  SDF Warning: The path from U5.Z to add_42.U40.A1 doesn't have a simple wire 
  connection, delay will still be annotated.


Warning-[SDFCOM_SWC] Simple Wire Connection
/MasterClass/M143010027_ALU/Hws/HW1/gate_level/FLP_mul/Area/round5/timing.sdf, 3207
module: AO22D1BWP16P90LVT, "instance: testbench.test_module.U4"
  SDF Warning: The path from U4.Z to add_42.U39.A1 doesn't have a simple wire 
  connection, delay will still be annotated.


Warning-[SDFCOM_SWC] Simple Wire Connection
/MasterClass/M143010027_ALU/Hws/HW1/gate_level/FLP_mul/Area/round5/timing.sdf, 3209
module: AO22D1BWP16P90LVT, "instance: testbench.test_module.U3"
  SDF Warning: The path from U3.Z to add_42.U38.A1 doesn't have a simple wire 
  connection, delay will still be annotated.


Warning-[SDFCOM_SWC] Simple Wire Connection
/MasterClass/M143010027_ALU/Hws/HW1/gate_level/FLP_mul/Area/round5/timing.sdf, 3211
module: AO22D1BWP16P90LVT, "instance: testbench.test_module.U2"
  SDF Warning: The path from U2.Z to add_42.U37.A1 doesn't have a simple wire 
  connection, delay will still be annotated.


Warning-[SDFCOM_SWC] Simple Wire Connection
/MasterClass/M143010027_ALU/Hws/HW1/gate_level/FLP_mul/Area/round5/timing.sdf, 3213
module: AO22D1BWP16P90LVT, "instance: testbench.test_module.U24"
  SDF Warning: The path from U24.Z to add_42.U36.A1 doesn't have a simple wire
  connection, delay will still be annotated.


Warning-[SDFCOM_SWC] Simple Wire Connection
/MasterClass/M143010027_ALU/Hws/HW1/gate_level/FLP_mul/Area/round5/timing.sdf, 3215
module: AO22D1BWP16P90LVT, "instance: testbench.test_module.U23"
  SDF Warning: The path from U23.Z to add_42.U35.A1 doesn't have a simple wire
  connection, delay will still be annotated.


Warning-[SDFCOM_SWC] Simple Wire Connection
/MasterClass/M143010027_ALU/Hws/HW1/gate_level/FLP_mul/Area/round5/timing.sdf, 3217
module: AO22D1BWP16P90LVT, "instance: testbench.test_module.U22"
  SDF Warning: The path from U22.Z to add_42.U34.A1 doesn't have a simple wire
  connection, delay will still be annotated.


Warning-[SDFCOM_SWC] Simple Wire Connection
/MasterClass/M143010027_ALU/Hws/HW1/gate_level/FLP_mul/Area/round5/timing.sdf, 3219
module: AO22D1BWP16P90LVT, "instance: testbench.test_module.U21"
  SDF Warning: The path from U21.Z to add_42.U33.A1 doesn't have a simple wire
  connection, delay will still be annotated.


Warning-[SDFCOM_SWC] Simple Wire Connection
/MasterClass/M143010027_ALU/Hws/HW1/gate_level/FLP_mul/Area/round5/timing.sdf, 3221
module: AO22D1BWP16P90LVT, "instance: testbench.test_module.U20"
  SDF Warning: The path from U20.Z to add_42.U32.A1 doesn't have a simple wire
  connection, delay will still be annotated.


Warning-[SDFCOM_SWC] Simple Wire Connection
/MasterClass/M143010027_ALU/Hws/HW1/gate_level/FLP_mul/Area/round5/timing.sdf, 3223
module: AO22D1BWP16P90LVT, "instance: testbench.test_module.U19"
  SDF Warning: The path from U19.Z to add_42.U31.A1 doesn't have a simple wire
  connection, delay will still be annotated.


Warning-[SDFCOM_SWC] Simple Wire Connection
/MasterClass/M143010027_ALU/Hws/HW1/gate_level/FLP_mul/Area/round5/timing.sdf, 3225
module: AO22D1BWP16P90LVT, "instance: testbench.test_module.U18"
  SDF Warning: The path from U18.Z to add_42.U30.A1 doesn't have a simple wire
  connection, delay will still be annotated.


Warning-[SDFCOM_SWC] Simple Wire Connection
/MasterClass/M143010027_ALU/Hws/HW1/gate_level/FLP_mul/Area/round5/timing.sdf, 3227
module: AO22D1BWP16P90LVT, "instance: testbench.test_module.U17"
  SDF Warning: The path from U17.Z to add_42.U29.A1 doesn't have a simple wire
  connection, delay will still be annotated.


Warning-[SDFCOM_SWC] Simple Wire Connection
/MasterClass/M143010027_ALU/Hws/HW1/gate_level/FLP_mul/Area/round5/timing.sdf, 3229
module: AO22D1BWP16P90LVT, "instance: testbench.test_module.U16"
  SDF Warning: The path from U16.Z to add_42.U28.A1 doesn't have a simple wire
  connection, delay will still be annotated.


Warning-[SDFCOM_SWC] Simple Wire Connection
/MasterClass/M143010027_ALU/Hws/HW1/gate_level/FLP_mul/Area/round5/timing.sdf, 3231
module: AO22D1BWP16P90LVT, "instance: testbench.test_module.U15"
  SDF Warning: The path from U15.Z to add_42.U27.A1 doesn't have a simple wire
  connection, delay will still be annotated.


Warning-[SDFCOM_SWC] Simple Wire Connection
/MasterClass/M143010027_ALU/Hws/HW1/gate_level/FLP_mul/Area/round5/timing.sdf, 3233
module: AO22D1BWP16P90LVT, "instance: testbench.test_module.U13"
  SDF Warning: The path from U13.Z to add_42.U26.A1 doesn't have a simple wire
  connection, delay will still be annotated.


Warning-[SDFCOM_SWC] Simple Wire Connection
/MasterClass/M143010027_ALU/Hws/HW1/gate_level/FLP_mul/Area/round5/timing.sdf, 3235
module: AO22D1BWP16P90LVT, "instance: testbench.test_module.U12"
  SDF Warning: The path from U12.Z to add_42.U25.A1 doesn't have a simple wire
  connection, delay will still be annotated.


Warning-[SDFCOM_SWC] Simple Wire Connection
/MasterClass/M143010027_ALU/Hws/HW1/gate_level/FLP_mul/Area/round5/timing.sdf, 3237
module: AO22D1BWP16P90LVT, "instance: testbench.test_module.U11"
  SDF Warning: The path from U11.Z to add_42.U24.A1 doesn't have a simple wire
  connection, delay will still be annotated.


Warning-[SDFCOM_SWC] Simple Wire Connection
/MasterClass/M143010027_ALU/Hws/HW1/gate_level/FLP_mul/Area/round5/timing.sdf, 3239
module: AO22D1BWP16P90LVT, "instance: testbench.test_module.U10"
  SDF Warning: The path from U10.Z to add_42.U23.A1 doesn't have a simple wire
  connection, delay will still be annotated.


Warning-[SDFCOM_SWC] Simple Wire Connection
/MasterClass/M143010027_ALU/Hws/HW1/gate_level/FLP_mul/Area/round5/timing.sdf, 3241
module: AO22D1BWP16P90LVT, "instance: testbench.test_module.U17"
  SDF Warning: The path from U17.Z to add_42.U22.A1 doesn't have a simple wire
  connection, delay will still be annotated.


Warning-[SDFCOM_SWC] Simple Wire Connection
/MasterClass/M143010027_ALU/Hws/HW1/gate_level/FLP_mul/Area/round5/timing.sdf, 3243
module: AO22D1BWP16P90LVT, "instance: testbench.test_module.U18"
  SDF Warning: The path from U18.Z to add_42.U21.A1 doesn't have a simple wire
  connection, delay will still be annotated.


Warning-[SDFCOM_SWC] Simple Wire Connection
/MasterClass/M143010027_ALU/Hws/HW1/gate_level/FLP_mul/Area/round5/timing.sdf, 3245
module: AO22D1BWP16P90LVT, "instance: testbench.test_module.U19"
  SDF Warning: The path from U19.Z to add_42.U20.A1 doesn't have a simple wire
  connection, delay will still be annotated.


Warning-[SDFCOM_SWC] Simple Wire Connection
/MasterClass/M143010027_ALU/Hws/HW1/gate_level/FLP_mul/Area/round5/timing.sdf, 3247
module: AO22D1BWP16P90LVT, "instance: testbench.test_module.U20"
  SDF Warning: The path from U20.Z to add_42.U19.A1 doesn't have a simple wire
  connection, delay will still be annotated.


Warning-[SDFCOM_SWC] Simple Wire Connection
/MasterClass/M143010027_ALU/Hws/HW1/gate_level/FLP_mul/Area/round5/timing.sdf, 3249
module: AO22D1BWP16P90LVT, "instance: testbench.test_module.U21"
  SDF Warning: The path from U21.Z to add_42.U18.A1 doesn't have a simple wire
  connection, delay will still be annotated.


Warning-[SDFCOM_SWC] Simple Wire Connection
/MasterClass/M143010027_ALU/Hws/HW1/gate_level/FLP_mul/Area/round5/timing.sdf, 3251
module: AO22D1BWP16P90LVT, "instance: testbench.test_module.U22"
  SDF Warning: The path from U22.Z to add_42.U17.A1 doesn't have a simple wire
  connection, delay will still be annotated.


Warning-[SDFCOM_SWC] Simple Wire Connection
/MasterClass/M143010027_ALU/Hws/HW1/gate_level/FLP_mul/Area/round5/timing.sdf, 3253
module: AO22D1BWP16P90LVT, "instance: testbench.test_module.U23"
  SDF Warning: The path from U23.Z to add_42.U16.A1 doesn't have a simple wire
  connection, delay will still be annotated.


Warning-[SDFCOM_SWC] Simple Wire Connection
/MasterClass/M143010027_ALU/Hws/HW1/gate_level/FLP_mul/Area/round5/timing.sdf, 3255
module: AO22D1BWP16P90LVT, "instance: testbench.test_module.U24"
  SDF Warning: The path from U24.Z to add_42.U15.A1 doesn't have a simple wire
  connection, delay will still be annotated.


Warning-[SDFCOM_SWC] Simple Wire Connection
/MasterClass/M143010027_ALU/Hws/HW1/gate_level/FLP_mul/Area/round5/timing.sdf, 3257
module: AO22D1BWP16P90LVT, "instance: testbench.test_module.U2"
  SDF Warning: The path from U2.Z to add_42.U14.A1 doesn't have a simple wire 
  connection, delay will still be annotated.


Warning-[SDFCOM_SWC] Simple Wire Connection
/MasterClass/M143010027_ALU/Hws/HW1/gate_level/FLP_mul/Area/round5/timing.sdf, 3259
module: AO22D1BWP16P90LVT, "instance: testbench.test_module.U3"
  SDF Warning: The path from U3.Z to add_42.U13.A1 doesn't have a simple wire 
  connection, delay will still be annotated.


Warning-[SDFCOM_SWC] Simple Wire Connection
/MasterClass/M143010027_ALU/Hws/HW1/gate_level/FLP_mul/Area/round5/timing.sdf, 3261
module: AO22D1BWP16P90LVT, "instance: testbench.test_module.U4"
  SDF Warning: The path from U4.Z to add_42.U12.A1 doesn't have a simple wire 
  connection, delay will still be annotated.


Warning-[SDFCOM_SWC] Simple Wire Connection
/MasterClass/M143010027_ALU/Hws/HW1/gate_level/FLP_mul/Area/round5/timing.sdf, 3263
module: AO22D1BWP16P90LVT, "instance: testbench.test_module.U5"
  SDF Warning: The path from U5.Z to add_42.U11.A1 doesn't have a simple wire 
  connection, delay will still be annotated.


Warning-[SDFCOM_SWC] Simple Wire Connection
/MasterClass/M143010027_ALU/Hws/HW1/gate_level/FLP_mul/Area/round5/timing.sdf, 3265
module: AO22D1BWP16P90LVT, "instance: testbench.test_module.U6"
  SDF Warning: The path from U6.Z to add_42.U10.A1 doesn't have a simple wire 
  connection, delay will still be annotated.


Warning-[SDFCOM_SWC] Simple Wire Connection
/MasterClass/M143010027_ALU/Hws/HW1/gate_level/FLP_mul/Area/round5/timing.sdf, 3267
module: AO22D1BWP16P90LVT, "instance: testbench.test_module.U7"
  SDF Warning: The path from U7.Z to add_42.U9.A1 doesn't have a simple wire 
  connection, delay will still be annotated.


Warning-[SDFCOM_SWC] Simple Wire Connection
/MasterClass/M143010027_ALU/Hws/HW1/gate_level/FLP_mul/Area/round5/timing.sdf, 3269
module: AO22D1BWP16P90LVT, "instance: testbench.test_module.U8"
  SDF Warning: The path from U8.Z to add_42.U8.A1 doesn't have a simple wire 
  connection, delay will still be annotated.


Warning-[SDFCOM_SWC] Simple Wire Connection
/MasterClass/M143010027_ALU/Hws/HW1/gate_level/FLP_mul/Area/round5/timing.sdf, 3271
module: AO22D1BWP16P90LVT, "instance: testbench.test_module.U11"
  SDF Warning: The path from U11.Z to add_42.U7.A1 doesn't have a simple wire 
  connection, delay will still be annotated.


Warning-[SDFCOM_SWC] Simple Wire Connection
/MasterClass/M143010027_ALU/Hws/HW1/gate_level/FLP_mul/Area/round5/timing.sdf, 3273
module: AO22D1BWP16P90LVT, "instance: testbench.test_module.U12"
  SDF Warning: The path from U12.Z to add_42.U6.A1 doesn't have a simple wire 
  connection, delay will still be annotated.


Warning-[SDFCOM_SWC] Simple Wire Connection
/MasterClass/M143010027_ALU/Hws/HW1/gate_level/FLP_mul/Area/round5/timing.sdf, 3275
module: AO22D1BWP16P90LVT, "instance: testbench.test_module.U13"
  SDF Warning: The path from U13.Z to add_42.U5.A1 doesn't have a simple wire 
  connection, delay will still be annotated.


Warning-[SDFCOM_SWC] Simple Wire Connection
/MasterClass/M143010027_ALU/Hws/HW1/gate_level/FLP_mul/Area/round5/timing.sdf, 3277
module: AO22D1BWP16P90LVT, "instance: testbench.test_module.U15"
  SDF Warning: The path from U15.Z to add_42.U4.A1 doesn't have a simple wire 
  connection, delay will still be annotated.


Warning-[SDFCOM_SWC] Simple Wire Connection
/MasterClass/M143010027_ALU/Hws/HW1/gate_level/FLP_mul/Area/round5/timing.sdf, 3279
module: AO22D1BWP16P90LVT, "instance: testbench.test_module.U16"
  SDF Warning: The path from U16.Z to add_42.U3.A1 doesn't have a simple wire 
  connection, delay will still be annotated.


Warning-[SDFCOM_SWC] Simple Wire Connection
/MasterClass/M143010027_ALU/Hws/HW1/gate_level/FLP_mul/Area/round5/timing.sdf, 3281
module: AO22D1BWP16P90LVT, "instance: testbench.test_module.U10"
  SDF Warning: The path from U10.Z to add_42.U2.A1 doesn't have a simple wire 
  connection, delay will still be annotated.


Warning-[SDFCOM_IWSBA] INTERCONNECT will still be annotated
/MasterClass/M143010027_ALU/Hws/HW1/gate_level/FLP_mul/Area/round5/timing.sdf, 3376
module: XNR3D2BWP16P90LVT, "instance: testbench.test_module.mult_31.U1200"
  SDF Warning: INTERCONNECT from mult_31.U1200.ZN to U25.A1 has Instance at 
  /MasterClass/M143010027_ALU/Hws/HW1/gate_level/FLP_mul/Area/round5/netlist.v:2035,
  delay will still be annotated.


Warning-[SDFCOM_SWC] Simple Wire Connection
/MasterClass/M143010027_ALU/Hws/HW1/gate_level/FLP_mul/Area/round5/timing.sdf, 3377
module: FA1D1BWP16P90LVT, "instance: testbench.test_module.mult_31.U1204"
  SDF Warning: The path from mult_31.U1204.S to U25.A2 doesn't have a simple 
  wire connection, delay will still be annotated.


Warning-[SDFCOM_SWC] Simple Wire Connection
/MasterClass/M143010027_ALU/Hws/HW1/gate_level/FLP_mul/Area/round5/timing.sdf, 3378
module: FA1D1BWP16P90LVT, "instance: testbench.test_module.mult_31.U1198"
  SDF Warning: The path from mult_31.U1198.S to U25.B1 doesn't have a simple 
  wire connection, delay will still be annotated.


Warning-[SDFCOM_IWSBA] INTERCONNECT will still be annotated
/MasterClass/M143010027_ALU/Hws/HW1/gate_level/FLP_mul/Area/round5/timing.sdf, 3380
module: XNR3D2BWP16P90LVT, "instance: testbench.test_module.mult_31.U1200"
  SDF Warning: INTERCONNECT from mult_31.U1200.ZN to U24.A1 has Instance at 
  /MasterClass/M143010027_ALU/Hws/HW1/gate_level/FLP_mul/Area/round5/netlist.v:2035,
  delay will still be annotated.


Warning-[SDFCOM_SWC] Simple Wire Connection
/MasterClass/M143010027_ALU/Hws/HW1/gate_level/FLP_mul/Area/round5/timing.sdf, 3381
module: FA1D1BWP16P90LVT, "instance: testbench.test_module.mult_31.U1205"
  SDF Warning: The path from mult_31.U1205.S to U24.A2 doesn't have a simple 
  wire connection, delay will still be annotated.


Warning-[SDFCOM_SWC] Simple Wire Connection
/MasterClass/M143010027_ALU/Hws/HW1/gate_level/FLP_mul/Area/round5/timing.sdf, 3383
module: FA1D1BWP16P90LVT, "instance: testbench.test_module.mult_31.U1201"
  SDF Warning: The path from mult_31.U1201.S to U24.B2 doesn't have a simple 
  wire connection, delay will still be annotated.


Warning-[SDFCOM_IWSBA] INTERCONNECT will still be annotated
/MasterClass/M143010027_ALU/Hws/HW1/gate_level/FLP_mul/Area/round5/timing.sdf, 3384
module: XNR3D2BWP16P90LVT, "instance: testbench.test_module.mult_31.U1200"
  SDF Warning: INTERCONNECT from mult_31.U1200.ZN to U23.A1 has Instance at 
  /MasterClass/M143010027_ALU/Hws/HW1/gate_level/FLP_mul/Area/round5/netlist.v:2035,
  delay will still be annotated.


Warning-[SDFCOM_SWC] Simple Wire Connection
/MasterClass/M143010027_ALU/Hws/HW1/gate_level/FLP_mul/Area/round5/timing.sdf, 3385
module: FA1D1BWP16P90LVT, "instance: testbench.test_module.mult_31.U139"
  SDF Warning: The path from mult_31.U139.S to U23.A2 doesn't have a simple 
  wire connection, delay will still be annotated.


Warning-[SDFCOM_SWC] Simple Wire Connection
/MasterClass/M143010027_ALU/Hws/HW1/gate_level/FLP_mul/Area/round5/timing.sdf, 3387
module: FA1D1BWP16P90LVT, "instance: testbench.test_module.mult_31.U1205"
  SDF Warning: The path from mult_31.U1205.S to U23.B2 doesn't have a simple 
  wire connection, delay will still be annotated.


Warning-[SDFCOM_IWSBA] INTERCONNECT will still be annotated
/MasterClass/M143010027_ALU/Hws/HW1/gate_level/FLP_mul/Area/round5/timing.sdf, 3388
module: XNR3D2BWP16P90LVT, "instance: testbench.test_module.mult_31.U1200"
  SDF Warning: INTERCONNECT from mult_31.U1200.ZN to U22.A1 has Instance at 
  /MasterClass/M143010027_ALU/Hws/HW1/gate_level/FLP_mul/Area/round5/netlist.v:2035,
  delay will still be annotated.


Warning-[SDFCOM_SWC] Simple Wire Connection
/MasterClass/M143010027_ALU/Hws/HW1/gate_level/FLP_mul/Area/round5/timing.sdf, 3389
module: FA1D1BWP16P90LVT, "instance: testbench.test_module.mult_31.U138"
  SDF Warning: The path from mult_31.U138.S to U22.A2 doesn't have a simple 
  wire connection, delay will still be annotated.


Warning-[SDFCOM_SWC] Simple Wire Connection
/MasterClass/M143010027_ALU/Hws/HW1/gate_level/FLP_mul/Area/round5/timing.sdf, 3391
module: FA1D1BWP16P90LVT, "instance: testbench.test_module.mult_31.U139"
  SDF Warning: The path from mult_31.U139.S to U22.B2 doesn't have a simple 
  wire connection, delay will still be annotated.


Warning-[SDFCOM_IWSBA] INTERCONNECT will still be annotated
/MasterClass/M143010027_ALU/Hws/HW1/gate_level/FLP_mul/Area/round5/timing.sdf, 3392
module: XNR3D2BWP16P90LVT, "instance: testbench.test_module.mult_31.U1200"
  SDF Warning: INTERCONNECT from mult_31.U1200.ZN to U21.A1 has Instance at 
  /MasterClass/M143010027_ALU/Hws/HW1/gate_level/FLP_mul/Area/round5/netlist.v:2035,
  delay will still be annotated.


Warning-[SDFCOM_SWC] Simple Wire Connection
/MasterClass/M143010027_ALU/Hws/HW1/gate_level/FLP_mul/Area/round5/timing.sdf, 3393
module: FA1D1BWP16P90LVT, "instance: testbench.test_module.mult_31.U137"
  SDF Warning: The path from mult_31.U137.S to U21.A2 doesn't have a simple 
  wire connection, delay will still be annotated.


Warning-[SDFCOM_SWC] Simple Wire Connection
/MasterClass/M143010027_ALU/Hws/HW1/gate_level/FLP_mul/Area/round5/timing.sdf, 3395
module: FA1D1BWP16P90LVT, "instance: testbench.test_module.mult_31.U138"
  SDF Warning: The path from mult_31.U138.S to U21.B2 doesn't have a simple 
  wire connection, delay will still be annotated.


Warning-[SDFCOM_IWSBA] INTERCONNECT will still be annotated
/MasterClass/M143010027_ALU/Hws/HW1/gate_level/FLP_mul/Area/round5/timing.sdf, 3396
module: XNR3D2BWP16P90LVT, "instance: testbench.test_module.mult_31.U1200"
  SDF Warning: INTERCONNECT from mult_31.U1200.ZN to U20.A1 has Instance at 
  /MasterClass/M143010027_ALU/Hws/HW1/gate_level/FLP_mul/Area/round5/netlist.v:2035,
  delay will still be annotated.


Warning-[SDFCOM_SWC] Simple Wire Connection
/MasterClass/M143010027_ALU/Hws/HW1/gate_level/FLP_mul/Area/round5/timing.sdf, 3397
module: FA1D1BWP16P90LVT, "instance: testbench.test_module.mult_31.U136"
  SDF Warning: The path from mult_31.U136.S to U20.A2 doesn't have a simple 
  wire connection, delay will still be annotated.


Warning-[SDFCOM_SWC] Simple Wire Connection
/MasterClass/M143010027_ALU/Hws/HW1/gate_level/FLP_mul/Area/round5/timing.sdf, 3399
module: FA1D1BWP16P90LVT, "instance: testbench.test_module.mult_31.U137"
  SDF Warning: The path from mult_31.U137.S to U20.B2 doesn't have a simple 
  wire connection, delay will still be annotated.


Warning-[SDFCOM_IWSBA] INTERCONNECT will still be annotated
/MasterClass/M143010027_ALU/Hws/HW1/gate_level/FLP_mul/Area/round5/timing.sdf, 3400
module: XNR3D2BWP16P90LVT, "instance: testbench.test_module.mult_31.U1200"
  SDF Warning: INTERCONNECT from mult_31.U1200.ZN to U19.A1 has Instance at 
  /MasterClass/M143010027_ALU/Hws/HW1/gate_level/FLP_mul/Area/round5/netlist.v:2035,
  delay will still be annotated.


Warning-[SDFCOM_SWC] Simple Wire Connection
/MasterClass/M143010027_ALU/Hws/HW1/gate_level/FLP_mul/Area/round5/timing.sdf, 3401
module: FA1D1BWP16P90LVT, "instance: testbench.test_module.mult_31.U135"
  SDF Warning: The path from mult_31.U135.S to U19.A2 doesn't have a simple 
  wire connection, delay will still be annotated.


Warning-[SDFCOM_SWC] Simple Wire Connection
/MasterClass/M143010027_ALU/Hws/HW1/gate_level/FLP_mul/Area/round5/timing.sdf, 3403
module: FA1D1BWP16P90LVT, "instance: testbench.test_module.mult_31.U136"
  SDF Warning: The path from mult_31.U136.S to U19.B2 doesn't have a simple 
  wire connection, delay will still be annotated.


Warning-[SDFCOM_IWSBA] INTERCONNECT will still be annotated
/MasterClass/M143010027_ALU/Hws/HW1/gate_level/FLP_mul/Area/round5/timing.sdf, 3404
module: XNR3D2BWP16P90LVT, "instance: testbench.test_module.mult_31.U1200"
  SDF Warning: INTERCONNECT from mult_31.U1200.ZN to U18.A1 has Instance at 
  /MasterClass/M143010027_ALU/Hws/HW1/gate_level/FLP_mul/Area/round5/netlist.v:2035,
  delay will still be annotated.


Warning-[SDFCOM_SWC] Simple Wire Connection
/MasterClass/M143010027_ALU/Hws/HW1/gate_level/FLP_mul/Area/round5/timing.sdf, 3405
module: FA1D1BWP16P90LVT, "instance: testbench.test_module.mult_31.U134"
  SDF Warning: The path from mult_31.U134.S to U18.A2 doesn't have a simple 
  wire connection, delay will still be annotated.


Warning-[SDFCOM_SWC] Simple Wire Connection
/MasterClass/M143010027_ALU/Hws/HW1/gate_level/FLP_mul/Area/round5/timing.sdf, 3407
module: FA1D1BWP16P90LVT, "instance: testbench.test_module.mult_31.U135"
  SDF Warning: The path from mult_31.U135.S to U18.B2 doesn't have a simple 
  wire connection, delay will still be annotated.


Warning-[SDFCOM_IWSBA] INTERCONNECT will still be annotated
/MasterClass/M143010027_ALU/Hws/HW1/gate_level/FLP_mul/Area/round5/timing.sdf, 3408
module: XNR3D2BWP16P90LVT, "instance: testbench.test_module.mult_31.U1200"
  SDF Warning: INTERCONNECT from mult_31.U1200.ZN to U17.A1 has Instance at 
  /MasterClass/M143010027_ALU/Hws/HW1/gate_level/FLP_mul/Area/round5/netlist.v:2035,
  delay will still be annotated.


Warning-[SDFCOM_SWC] Simple Wire Connection
/MasterClass/M143010027_ALU/Hws/HW1/gate_level/FLP_mul/Area/round5/timing.sdf, 3409
module: FA1D1BWP16P90LVT, "instance: testbench.test_module.mult_31.U133"
  SDF Warning: The path from mult_31.U133.S to U17.A2 doesn't have a simple 
  wire connection, delay will still be annotated.


Warning-[SDFCOM_SWC] Simple Wire Connection
/MasterClass/M143010027_ALU/Hws/HW1/gate_level/FLP_mul/Area/round5/timing.sdf, 3411
module: FA1D1BWP16P90LVT, "instance: testbench.test_module.mult_31.U134"
  SDF Warning: The path from mult_31.U134.S to U17.B2 doesn't have a simple 
  wire connection, delay will still be annotated.


Warning-[SDFCOM_IWSBA] INTERCONNECT will still be annotated
/MasterClass/M143010027_ALU/Hws/HW1/gate_level/FLP_mul/Area/round5/timing.sdf, 3412
module: XNR3D2BWP16P90LVT, "instance: testbench.test_module.mult_31.U1200"
  SDF Warning: INTERCONNECT from mult_31.U1200.ZN to U16.A1 has Instance at 
  /MasterClass/M143010027_ALU/Hws/HW1/gate_level/FLP_mul/Area/round5/netlist.v:2035,
  delay will still be annotated.


Warning-[SDFCOM_SWC] Simple Wire Connection
/MasterClass/M143010027_ALU/Hws/HW1/gate_level/FLP_mul/Area/round5/timing.sdf, 3413
module: FA1D1BWP16P90LVT, "instance: testbench.test_module.mult_31.U1202"
  SDF Warning: The path from mult_31.U1202.S to U16.A2 doesn't have a simple 
  wire connection, delay will still be annotated.


Warning-[SDFCOM_SWC] Simple Wire Connection
/MasterClass/M143010027_ALU/Hws/HW1/gate_level/FLP_mul/Area/round5/timing.sdf, 3415
module: FA1D1BWP16P90LVT, "instance: testbench.test_module.mult_31.U133"
  SDF Warning: The path from mult_31.U133.S to U16.B2 doesn't have a simple 
  wire connection, delay will still be annotated.


Warning-[SDFCOM_IWSBA] INTERCONNECT will still be annotated
/MasterClass/M143010027_ALU/Hws/HW1/gate_level/FLP_mul/Area/round5/timing.sdf, 3416
module: XNR3D2BWP16P90LVT, "instance: testbench.test_module.mult_31.U1200"
  SDF Warning: INTERCONNECT from mult_31.U1200.ZN to U15.A1 has Instance at 
  /MasterClass/M143010027_ALU/Hws/HW1/gate_level/FLP_mul/Area/round5/netlist.v:2035,
  delay will still be annotated.


Warning-[SDFCOM_SWC] Simple Wire Connection
/MasterClass/M143010027_ALU/Hws/HW1/gate_level/FLP_mul/Area/round5/timing.sdf, 3417
module: FA1D1BWP16P90LVT, "instance: testbench.test_module.mult_31.U1206"
  SDF Warning: The path from mult_31.U1206.S to U15.A2 doesn't have a simple 
  wire connection, delay will still be annotated.


Warning-[SDFCOM_SWC] Simple Wire Connection
/MasterClass/M143010027_ALU/Hws/HW1/gate_level/FLP_mul/Area/round5/timing.sdf, 3419
module: FA1D1BWP16P90LVT, "instance: testbench.test_module.mult_31.U1202"
  SDF Warning: The path from mult_31.U1202.S to U15.B2 doesn't have a simple 
  wire connection, delay will still be annotated.


Warning-[SDFCOM_IWSBA] INTERCONNECT will still be annotated
/MasterClass/M143010027_ALU/Hws/HW1/gate_level/FLP_mul/Area/round5/timing.sdf, 3420
module: XNR3D2BWP16P90LVT, "instance: testbench.test_module.mult_31.U1200"
  SDF Warning: INTERCONNECT from mult_31.U1200.ZN to U14.A1 has Instance at 
  /MasterClass/M143010027_ALU/Hws/HW1/gate_level/FLP_mul/Area/round5/netlist.v:2035,
  delay will still be annotated.


Warning-[SDFCOM_SWC] Simple Wire Connection
/MasterClass/M143010027_ALU/Hws/HW1/gate_level/FLP_mul/Area/round5/timing.sdf, 3421
module: FA1D1BWP16P90LVT, "instance: testbench.test_module.mult_31.U149"
  SDF Warning: The path from mult_31.U149.S to U14.A2 doesn't have a simple 
  wire connection, delay will still be annotated.


Warning-[SDFCOM_SWC] Simple Wire Connection
/MasterClass/M143010027_ALU/Hws/HW1/gate_level/FLP_mul/Area/round5/timing.sdf, 3423
module: FA1D1BWP16P90LVT, "instance: testbench.test_module.mult_31.U1204"
  SDF Warning: The path from mult_31.U1204.S to U14.B2 doesn't have a simple 
  wire connection, delay will still be annotated.


Warning-[SDFCOM_IWSBA] INTERCONNECT will still be annotated
/MasterClass/M143010027_ALU/Hws/HW1/gate_level/FLP_mul/Area/round5/timing.sdf, 3424
module: XNR3D2BWP16P90LVT, "instance: testbench.test_module.mult_31.U1200"
  SDF Warning: INTERCONNECT from mult_31.U1200.ZN to U13.A1 has Instance at 
  /MasterClass/M143010027_ALU/Hws/HW1/gate_level/FLP_mul/Area/round5/netlist.v:2035,
  delay will still be annotated.


Warning-[SDFCOM_SWC] Simple Wire Connection
/MasterClass/M143010027_ALU/Hws/HW1/gate_level/FLP_mul/Area/round5/timing.sdf, 3425
module: FA1D1BWP16P90LVT, "instance: testbench.test_module.mult_31.U130"
  SDF Warning: The path from mult_31.U130.S to U13.A2 doesn't have a simple 
  wire connection, delay will still be annotated.


Warning-[SDFCOM_SWC] Simple Wire Connection
/MasterClass/M143010027_ALU/Hws/HW1/gate_level/FLP_mul/Area/round5/timing.sdf, 3427
module: FA1D1BWP16P90LVT, "instance: testbench.test_module.mult_31.U1206"
  SDF Warning: The path from mult_31.U1206.S to U13.B2 doesn't have a simple 
  wire connection, delay will still be annotated.


Warning-[SDFCOM_IWSBA] INTERCONNECT will still be annotated
/MasterClass/M143010027_ALU/Hws/HW1/gate_level/FLP_mul/Area/round5/timing.sdf, 3428
module: XNR3D2BWP16P90LVT, "instance: testbench.test_module.mult_31.U1200"
  SDF Warning: INTERCONNECT from mult_31.U1200.ZN to U12.A1 has Instance at 
  /MasterClass/M143010027_ALU/Hws/HW1/gate_level/FLP_mul/Area/round5/netlist.v:2035,
  delay will still be annotated.


Warning-[SDFCOM_SWC] Simple Wire Connection
/MasterClass/M143010027_ALU/Hws/HW1/gate_level/FLP_mul/Area/round5/timing.sdf, 3429
module: FA1D1BWP16P90LVT, "instance: testbench.test_module.mult_31.U129"
  SDF Warning: The path from mult_31.U129.S to U12.A2 doesn't have a simple 
  wire connection, delay will still be annotated.


Warning-[SDFCOM_SWC] Simple Wire Connection
/MasterClass/M143010027_ALU/Hws/HW1/gate_level/FLP_mul/Area/round5/timing.sdf, 3431
module: FA1D1BWP16P90LVT, "instance: testbench.test_module.mult_31.U130"
  SDF Warning: The path from mult_31.U130.S to U12.B2 doesn't have a simple 
  wire connection, delay will still be annotated.


Warning-[SDFCOM_IWSBA] INTERCONNECT will still be annotated
/MasterClass/M143010027_ALU/Hws/HW1/gate_level/FLP_mul/Area/round5/timing.sdf, 3432
module: XNR3D2BWP16P90LVT, "instance: testbench.test_module.mult_31.U1200"
  SDF Warning: INTERCONNECT from mult_31.U1200.ZN to U11.A1 has Instance at 
  /MasterClass/M143010027_ALU/Hws/HW1/gate_level/FLP_mul/Area/round5/netlist.v:2035,
  delay will still be annotated.


Warning-[SDFCOM_SWC] Simple Wire Connection
/MasterClass/M143010027_ALU/Hws/HW1/gate_level/FLP_mul/Area/round5/timing.sdf, 3433
module: FA1D1BWP16P90LVT, "instance: testbench.test_module.mult_31.U128"
  SDF Warning: The path from mult_31.U128.S to U11.A2 doesn't have a simple 
  wire connection, delay will still be annotated.


Warning-[SDFCOM_SWC] Simple Wire Connection
/MasterClass/M143010027_ALU/Hws/HW1/gate_level/FLP_mul/Area/round5/timing.sdf, 3435
module: FA1D1BWP16P90LVT, "instance: testbench.test_module.mult_31.U129"
  SDF Warning: The path from mult_31.U129.S to U11.B2 doesn't have a simple 
  wire connection, delay will still be annotated.


Warning-[SDFCOM_SWC] Simple Wire Connection
/MasterClass/M143010027_ALU/Hws/HW1/gate_level/FLP_mul/Area/round5/timing.sdf, 3437
module: FA1D1BWP16P90LVT, "instance: testbench.test_module.mult_31.U128"
  SDF Warning: The path from mult_31.U128.S to U10.A2 doesn't have a simple 
  wire connection, delay will still be annotated.


Warning-[SDFCOM_SWC] Simple Wire Connection
/MasterClass/M143010027_ALU/Hws/HW1/gate_level/FLP_mul/Area/round5/timing.sdf, 3438
module: FA1D1BWP16P90LVT, "instance: testbench.test_module.mult_31.U1197"
  SDF Warning: The path from mult_31.U1197.S to U10.B1 doesn't have a simple 
  wire connection, delay will still be annotated.


Warning-[SDFCOM_IWSBA] INTERCONNECT will still be annotated
/MasterClass/M143010027_ALU/Hws/HW1/gate_level/FLP_mul/Area/round5/timing.sdf, 3439
module: XNR3D2BWP16P90LVT, "instance: testbench.test_module.mult_31.U1200"
  SDF Warning: INTERCONNECT from mult_31.U1200.ZN to U10.B2 has Instance at 
  /MasterClass/M143010027_ALU/Hws/HW1/gate_level/FLP_mul/Area/round5/netlist.v:2035,
  delay will still be annotated.


Warning-[SDFCOM_IWSBA] INTERCONNECT will still be annotated
/MasterClass/M143010027_ALU/Hws/HW1/gate_level/FLP_mul/Area/round5/timing.sdf, 3440
module: XNR3D2BWP16P90LVT, "instance: testbench.test_module.mult_31.U1200"
  SDF Warning: INTERCONNECT from mult_31.U1200.ZN to U9.A1 has Instance at 
  /MasterClass/M143010027_ALU/Hws/HW1/gate_level/FLP_mul/Area/round5/netlist.v:2035,
  delay will still be annotated.


Warning-[SDFCOM_SWC] Simple Wire Connection
/MasterClass/M143010027_ALU/Hws/HW1/gate_level/FLP_mul/Area/round5/timing.sdf, 3441
module: FA1D1BWP16P90LVT, "instance: testbench.test_module.mult_31.U148"
  SDF Warning: The path from mult_31.U148.S to U9.A2 doesn't have a simple 
  wire connection, delay will still be annotated.


Warning-[SDFCOM_SWC] Simple Wire Connection
/MasterClass/M143010027_ALU/Hws/HW1/gate_level/FLP_mul/Area/round5/timing.sdf, 3443
module: FA1D1BWP16P90LVT, "instance: testbench.test_module.mult_31.U149"
  SDF Warning: The path from mult_31.U149.S to U9.B2 doesn't have a simple 
  wire connection, delay will still be annotated.


Warning-[SDFCOM_IWSBA] INTERCONNECT will still be annotated
/MasterClass/M143010027_ALU/Hws/HW1/gate_level/FLP_mul/Area/round5/timing.sdf, 3444
module: XNR3D2BWP16P90LVT, "instance: testbench.test_module.mult_31.U1200"
  SDF Warning: INTERCONNECT from mult_31.U1200.ZN to U8.A1 has Instance at 
  /MasterClass/M143010027_ALU/Hws/HW1/gate_level/FLP_mul/Area/round5/netlist.v:2035,
  delay will still be annotated.


Warning-[SDFCOM_SWC] Simple Wire Connection
/MasterClass/M143010027_ALU/Hws/HW1/gate_level/FLP_mul/Area/round5/timing.sdf, 3445
module: FA1D1BWP16P90LVT, "instance: testbench.test_module.mult_31.U147"
  SDF Warning: The path from mult_31.U147.S to U8.A2 doesn't have a simple 
  wire connection, delay will still be annotated.


Warning-[SDFCOM_SWC] Simple Wire Connection
/MasterClass/M143010027_ALU/Hws/HW1/gate_level/FLP_mul/Area/round5/timing.sdf, 3447
module: FA1D1BWP16P90LVT, "instance: testbench.test_module.mult_31.U148"
  SDF Warning: The path from mult_31.U148.S to U8.B2 doesn't have a simple 
  wire connection, delay will still be annotated.


Warning-[SDFCOM_IWSBA] INTERCONNECT will still be annotated
/MasterClass/M143010027_ALU/Hws/HW1/gate_level/FLP_mul/Area/round5/timing.sdf, 3448
module: XNR3D2BWP16P90LVT, "instance: testbench.test_module.mult_31.U1200"
  SDF Warning: INTERCONNECT from mult_31.U1200.ZN to U7.A1 has Instance at 
  /MasterClass/M143010027_ALU/Hws/HW1/gate_level/FLP_mul/Area/round5/netlist.v:2035,
  delay will still be annotated.


Warning-[SDFCOM_SWC] Simple Wire Connection
/MasterClass/M143010027_ALU/Hws/HW1/gate_level/FLP_mul/Area/round5/timing.sdf, 3449
module: FA1D1BWP16P90LVT, "instance: testbench.test_module.mult_31.U146"
  SDF Warning: The path from mult_31.U146.S to U7.A2 doesn't have a simple 
  wire connection, delay will still be annotated.


Warning-[SDFCOM_SWC] Simple Wire Connection
/MasterClass/M143010027_ALU/Hws/HW1/gate_level/FLP_mul/Area/round5/timing.sdf, 3451
module: FA1D1BWP16P90LVT, "instance: testbench.test_module.mult_31.U147"
  SDF Warning: The path from mult_31.U147.S to U7.B2 doesn't have a simple 
  wire connection, delay will still be annotated.


Warning-[SDFCOM_IWSBA] INTERCONNECT will still be annotated
/MasterClass/M143010027_ALU/Hws/HW1/gate_level/FLP_mul/Area/round5/timing.sdf, 3452
module: XNR3D2BWP16P90LVT, "instance: testbench.test_module.mult_31.U1200"
  SDF Warning: INTERCONNECT from mult_31.U1200.ZN to U6.A1 has Instance at 
  /MasterClass/M143010027_ALU/Hws/HW1/gate_level/FLP_mul/Area/round5/netlist.v:2035,
  delay will still be annotated.


Warning-[SDFCOM_SWC] Simple Wire Connection
/MasterClass/M143010027_ALU/Hws/HW1/gate_level/FLP_mul/Area/round5/timing.sdf, 3453
module: FA1D1BWP16P90LVT, "instance: testbench.test_module.mult_31.U145"
  SDF Warning: The path from mult_31.U145.S to U6.A2 doesn't have a simple 
  wire connection, delay will still be annotated.


Warning-[SDFCOM_SWC] Simple Wire Connection
/MasterClass/M143010027_ALU/Hws/HW1/gate_level/FLP_mul/Area/round5/timing.sdf, 3455
module: FA1D1BWP16P90LVT, "instance: testbench.test_module.mult_31.U146"
  SDF Warning: The path from mult_31.U146.S to U6.B2 doesn't have a simple 
  wire connection, delay will still be annotated.


Warning-[SDFCOM_IWSBA] INTERCONNECT will still be annotated
/MasterClass/M143010027_ALU/Hws/HW1/gate_level/FLP_mul/Area/round5/timing.sdf, 3456
module: XNR3D2BWP16P90LVT, "instance: testbench.test_module.mult_31.U1200"
  SDF Warning: INTERCONNECT from mult_31.U1200.ZN to U5.A1 has Instance at 
  /MasterClass/M143010027_ALU/Hws/HW1/gate_level/FLP_mul/Area/round5/netlist.v:2035,
  delay will still be annotated.


Warning-[SDFCOM_SWC] Simple Wire Connection
/MasterClass/M143010027_ALU/Hws/HW1/gate_level/FLP_mul/Area/round5/timing.sdf, 3457
module: FA1D1BWP16P90LVT, "instance: testbench.test_module.mult_31.U144"
  SDF Warning: The path from mult_31.U144.S to U5.A2 doesn't have a simple 
  wire connection, delay will still be annotated.


Warning-[SDFCOM_SWC] Simple Wire Connection
/MasterClass/M143010027_ALU/Hws/HW1/gate_level/FLP_mul/Area/round5/timing.sdf, 3459
module: FA1D1BWP16P90LVT, "instance: testbench.test_module.mult_31.U145"
  SDF Warning: The path from mult_31.U145.S to U5.B2 doesn't have a simple 
  wire connection, delay will still be annotated.


Warning-[SDFCOM_IWSBA] INTERCONNECT will still be annotated
/MasterClass/M143010027_ALU/Hws/HW1/gate_level/FLP_mul/Area/round5/timing.sdf, 3460
module: XNR3D2BWP16P90LVT, "instance: testbench.test_module.mult_31.U1200"
  SDF Warning: INTERCONNECT from mult_31.U1200.ZN to U4.A1 has Instance at 
  /MasterClass/M143010027_ALU/Hws/HW1/gate_level/FLP_mul/Area/round5/netlist.v:2035,
  delay will still be annotated.


Warning-[SDFCOM_SWC] Simple Wire Connection
/MasterClass/M143010027_ALU/Hws/HW1/gate_level/FLP_mul/Area/round5/timing.sdf, 3461
module: FA1D1BWP16P90LVT, "instance: testbench.test_module.mult_31.U143"
  SDF Warning: The path from mult_31.U143.S to U4.A2 doesn't have a simple 
  wire connection, delay will still be annotated.


Warning-[SDFCOM_SWC] Simple Wire Connection
/MasterClass/M143010027_ALU/Hws/HW1/gate_level/FLP_mul/Area/round5/timing.sdf, 3463
module: FA1D1BWP16P90LVT, "instance: testbench.test_module.mult_31.U144"
  SDF Warning: The path from mult_31.U144.S to U4.B2 doesn't have a simple 
  wire connection, delay will still be annotated.


Warning-[SDFCOM_SWC] Simple Wire Connection
/MasterClass/M143010027_ALU/Hws/HW1/gate_level/FLP_mul/Area/round5/timing.sdf, 3464
module: FA1D1BWP16P90LVT, "instance: testbench.test_module.mult_31.U1203"
  SDF Warning: The path from mult_31.U1203.S to U3.A1 doesn't have a simple 
  wire connection, delay will still be annotated.


Warning-[SDFCOM_IWSBA] INTERCONNECT will still be annotated
/MasterClass/M143010027_ALU/Hws/HW1/gate_level/FLP_mul/Area/round5/timing.sdf, 3465
module: XNR3D2BWP16P90LVT, "instance: testbench.test_module.mult_31.U1200"
  SDF Warning: INTERCONNECT from mult_31.U1200.ZN to U3.A2 has Instance at 
  /MasterClass/M143010027_ALU/Hws/HW1/gate_level/FLP_mul/Area/round5/netlist.v:2035,
  delay will still be annotated.


Warning-[SDFCOM_SWC] Simple Wire Connection
/MasterClass/M143010027_ALU/Hws/HW1/gate_level/FLP_mul/Area/round5/timing.sdf, 3467
module: FA1D1BWP16P90LVT, "instance: testbench.test_module.mult_31.U143"
  SDF Warning: The path from mult_31.U143.S to U3.B2 doesn't have a simple 
  wire connection, delay will still be annotated.


Warning-[SDFCOM_SWC] Simple Wire Connection
/MasterClass/M143010027_ALU/Hws/HW1/gate_level/FLP_mul/Area/round5/timing.sdf, 3468
module: FA1D1BWP16P90LVT, "instance: testbench.test_module.mult_31.U1201"
  SDF Warning: The path from mult_31.U1201.S to U2.A1 doesn't have a simple 
  wire connection, delay will still be annotated.


Warning-[SDFCOM_IWSBA] INTERCONNECT will still be annotated
/MasterClass/M143010027_ALU/Hws/HW1/gate_level/FLP_mul/Area/round5/timing.sdf, 3469
module: XNR3D2BWP16P90LVT, "instance: testbench.test_module.mult_31.U1200"
  SDF Warning: INTERCONNECT from mult_31.U1200.ZN to U2.A2 has Instance at 
  /MasterClass/M143010027_ALU/Hws/HW1/gate_level/FLP_mul/Area/round5/netlist.v:2035,
  delay will still be annotated.


Warning-[SDFCOM_SWC] Simple Wire Connection
/MasterClass/M143010027_ALU/Hws/HW1/gate_level/FLP_mul/Area/round5/timing.sdf, 3471
module: FA1D1BWP16P90LVT, "instance: testbench.test_module.mult_31.U1203"
  SDF Warning: The path from mult_31.U1203.S to U2.B2 doesn't have a simple 
  wire connection, delay will still be annotated.


          Total errors: 0
          Total warnings: 607
   ***    SDF annotation completed: Mon Oct  5 20:44:32 2026


