
   ***   $sdf_annotate() version 1.2R
   ***    SDF file: "/MasterClass/M143010027_ALU/Hws/HW1/gate_level/FLP_adder/Between/round1/timing.sdf"
   ***    Annotation scope: testbench.test_module
   ***    SDF Annotator log file: "sdf_annotation.log"
   ***    MTM selection: "MAXIMUM"
   ***    No SCALE FACTORS argument specified
   ***    No SCALE TYPE argument specified
   ***    SCALE FACTORS defaulted to "1.0:1.0:1.0":
   ***    SCALE TYPE defaulted to: "FROM_MTM"
   ***    Turnoff delay: "FROM_FILE"
   ***    Approximation (mipd) policy: "MAXIMUM"

   ***    SDF annotation begin: Mon Oct  5 20:47:24 2026


SDF Info: +pulse_r/100, +pulse_e/100 in effect

Warning-[SDFCOM_IWSBA] INTERCONNECT will still be annotated
/MasterClass/M143010027_ALU/Hws/HW1/gate_level/FLP_adder/Between/round1/timing.sdf, 103
module: XNR2D1BWP16P90LVT, "instance: testbench.test_module.add_95.U211"
  SDF Warning: INTERCONNECT from add_95.U211.ZN to U1234.A1 has Instance at 
  /MasterClass/M143010027_ALU/Hws/HW1/gate_level/FLP_adder/Between/round1/netlist.v:960,
  delay will still be annotated.


Warning-[SDFCOM_IWSBA] INTERCONNECT will still be annotated
/MasterClass/M143010027_ALU/Hws/HW1/gate_level/FLP_adder/Between/round1/timing.sdf, 105
module: XOR2D1BWP16P90, "instance: testbench.test_module.add_95.U170"
  SDF Warning: INTERCONNECT from add_95.U170.Z to U1234.B1 has Instance at 
  /MasterClass/M143010027_ALU/Hws/HW1/gate_level/FLP_adder/Between/round1/netlist.v:960,
  delay will still be annotated.


Warning-[SDFCOM_IWSBA] INTERCONNECT will still be annotated
/MasterClass/M143010027_ALU/Hws/HW1/gate_level/FLP_adder/Between/round1/timing.sdf, 116
module: XOR2D1BWP16P90, "instance: testbench.test_module.add_95.U170"
  SDF Warning: INTERCONNECT from add_95.U170.Z to U1231.I has Instance at 
  /MasterClass/M143010027_ALU/Hws/HW1/gate_level/FLP_adder/Between/round1/netlist.v:960,
  delay will still be annotated.


Warning-[SDFCOM_IWSBA] INTERCONNECT will still be annotated
/MasterClass/M143010027_ALU/Hws/HW1/gate_level/FLP_adder/Between/round1/timing.sdf, 126
module: XNR2D1BWP16P90, "instance: testbench.test_module.add_95.U171"
  SDF Warning: INTERCONNECT from add_95.U171.ZN to U1228.I has Instance at 
  /MasterClass/M143010027_ALU/Hws/HW1/gate_level/FLP_adder/Between/round1/netlist.v:960,
  delay will still be annotated.


Warning-[SDFCOM_IWSBA] INTERCONNECT will still be annotated
/MasterClass/M143010027_ALU/Hws/HW1/gate_level/FLP_adder/Between/round1/timing.sdf, 136
module: XOR2D1BWP16P90, "instance: testbench.test_module.add_95.U173"
  SDF Warning: INTERCONNECT from add_95.U173.Z to U1225.I has Instance at 
  /MasterClass/M143010027_ALU/Hws/HW1/gate_level/FLP_adder/Between/round1/netlist.v:960,
  delay will still be annotated.


Warning-[SDFCOM_IWSBA] INTERCONNECT will still be annotated
/MasterClass/M143010027_ALU/Hws/HW1/gate_level/FLP_adder/Between/round1/timing.sdf, 146
module: XNR2D1BWP16P90, "instance: testbench.test_module.add_95.U177"
  SDF Warning: INTERCONNECT from add_95.U177.ZN to U1222.I has Instance at 
  /MasterClass/M143010027_ALU/Hws/HW1/gate_level/FLP_adder/Between/round1/netlist.v:960,
  delay will still be annotated.


Warning-[SDFCOM_IWSBA] INTERCONNECT will still be annotated
/MasterClass/M143010027_ALU/Hws/HW1/gate_level/FLP_adder/Between/round1/timing.sdf, 156
module: XNR2D1BWP16P90, "instance: testbench.test_module.add_95.U174"
  SDF Warning: INTERCONNECT from add_95.U174.ZN to U1219.I has Instance at 
  /MasterClass/M143010027_ALU/Hws/HW1/gate_level/FLP_adder/Between/round1/netlist.v:960,
  delay will still be annotated.


Warning-[SDFCOM_IWSBA] INTERCONNECT will still be annotated
/MasterClass/M143010027_ALU/Hws/HW1/gate_level/FLP_adder/Between/round1/timing.sdf, 166
module: XNR2D1BWP16P90, "instance: testbench.test_module.add_95.U175"
  SDF Warning: INTERCONNECT from add_95.U175.ZN to U1216.I has Instance at 
  /MasterClass/M143010027_ALU/Hws/HW1/gate_level/FLP_adder/Between/round1/netlist.v:960,
  delay will still be annotated.


Warning-[SDFCOM_IWSBA] INTERCONNECT will still be annotated
/MasterClass/M143010027_ALU/Hws/HW1/gate_level/FLP_adder/Between/round1/timing.sdf, 176
module: XOR2D1BWP16P90LVT, "instance: testbench.test_module.add_95.U189"
  SDF Warning: INTERCONNECT from add_95.U189.Z to U1213.I has Instance at 
  /MasterClass/M143010027_ALU/Hws/HW1/gate_level/FLP_adder/Between/round1/netlist.v:960,
  delay will still be annotated.


Warning-[SDFCOM_IWSBA] INTERCONNECT will still be annotated
/MasterClass/M143010027_ALU/Hws/HW1/gate_level/FLP_adder/Between/round1/timing.sdf, 186
module: XNR2D1BWP16P90LVT, "instance: testbench.test_module.add_95.U190"
  SDF Warning: INTERCONNECT from add_95.U190.ZN to U1210.I has Instance at 
  /MasterClass/M143010027_ALU/Hws/HW1/gate_level/FLP_adder/Between/round1/netlist.v:960,
  delay will still be annotated.


Warning-[SDFCOM_IWSBA] INTERCONNECT will still be annotated
/MasterClass/M143010027_ALU/Hws/HW1/gate_level/FLP_adder/Between/round1/timing.sdf, 196
module: XOR2D1BWP16P90LVT, "instance: testbench.test_module.add_95.U188"
  SDF Warning: INTERCONNECT from add_95.U188.Z to U1207.I has Instance at 
  /MasterClass/M143010027_ALU/Hws/HW1/gate_level/FLP_adder/Between/round1/netlist.v:960,
  delay will still be annotated.


Warning-[SDFCOM_IWSBA] INTERCONNECT will still be annotated
/MasterClass/M143010027_ALU/Hws/HW1/gate_level/FLP_adder/Between/round1/timing.sdf, 206
module: XNR2D1BWP16P90, "instance: testbench.test_module.add_95.U161"
  SDF Warning: INTERCONNECT from add_95.U161.ZN to U1204.I has Instance at 
  /MasterClass/M143010027_ALU/Hws/HW1/gate_level/FLP_adder/Between/round1/netlist.v:960,
  delay will still be annotated.


Warning-[SDFCOM_IWSBA] INTERCONNECT will still be annotated
/MasterClass/M143010027_ALU/Hws/HW1/gate_level/FLP_adder/Between/round1/timing.sdf, 216
module: XOR2D1BWP16P90, "instance: testbench.test_module.add_95.U164"
  SDF Warning: INTERCONNECT from add_95.U164.Z to U1201.I has Instance at 
  /MasterClass/M143010027_ALU/Hws/HW1/gate_level/FLP_adder/Between/round1/netlist.v:960,
  delay will still be annotated.


Warning-[SDFCOM_IWSBA] INTERCONNECT will still be annotated
/MasterClass/M143010027_ALU/Hws/HW1/gate_level/FLP_adder/Between/round1/timing.sdf, 226
module: XNR2D1BWP16P90, "instance: testbench.test_module.add_95.U165"
  SDF Warning: INTERCONNECT from add_95.U165.ZN to U1198.I has Instance at 
  /MasterClass/M143010027_ALU/Hws/HW1/gate_level/FLP_adder/Between/round1/netlist.v:960,
  delay will still be annotated.


Warning-[SDFCOM_IWSBA] INTERCONNECT will still be annotated
/MasterClass/M143010027_ALU/Hws/HW1/gate_level/FLP_adder/Between/round1/timing.sdf, 236
module: XNR2D1BWP16P90, "instance: testbench.test_module.add_95.U157"
  SDF Warning: INTERCONNECT from add_95.U157.ZN to U1195.I has Instance at 
  /MasterClass/M143010027_ALU/Hws/HW1/gate_level/FLP_adder/Between/round1/netlist.v:960,
  delay will still be annotated.


Warning-[SDFCOM_IWSBA] INTERCONNECT will still be annotated
/MasterClass/M143010027_ALU/Hws/HW1/gate_level/FLP_adder/Between/round1/timing.sdf, 246
module: XNR2D1BWP16P90, "instance: testbench.test_module.add_95.U166"
  SDF Warning: INTERCONNECT from add_95.U166.ZN to U1192.I has Instance at 
  /MasterClass/M143010027_ALU/Hws/HW1/gate_level/FLP_adder/Between/round1/netlist.v:960,
  delay will still be annotated.


Warning-[SDFCOM_IWSBA] INTERCONNECT will still be annotated
/MasterClass/M143010027_ALU/Hws/HW1/gate_level/FLP_adder/Between/round1/timing.sdf, 256
module: XNR2D1BWP16P90, "instance: testbench.test_module.add_95.U148"
  SDF Warning: INTERCONNECT from add_95.U148.ZN to U1189.I has Instance at 
  /MasterClass/M143010027_ALU/Hws/HW1/gate_level/FLP_adder/Between/round1/netlist.v:960,
  delay will still be annotated.


Warning-[SDFCOM_IWSBA] INTERCONNECT will still be annotated
/MasterClass/M143010027_ALU/Hws/HW1/gate_level/FLP_adder/Between/round1/timing.sdf, 266
module: XOR2D1BWP16P90LVT, "instance: testbench.test_module.add_95.U195"
  SDF Warning: INTERCONNECT from add_95.U195.Z to U1186.I has Instance at 
  /MasterClass/M143010027_ALU/Hws/HW1/gate_level/FLP_adder/Between/round1/netlist.v:960,
  delay will still be annotated.


Warning-[SDFCOM_IWSBA] INTERCONNECT will still be annotated
/MasterClass/M143010027_ALU/Hws/HW1/gate_level/FLP_adder/Between/round1/timing.sdf, 276
module: XOR2D1BWP16P90LVT, "instance: testbench.test_module.add_95.U193"
  SDF Warning: INTERCONNECT from add_95.U193.Z to U1183.I has Instance at 
  /MasterClass/M143010027_ALU/Hws/HW1/gate_level/FLP_adder/Between/round1/netlist.v:960,
  delay will still be annotated.


Warning-[SDFCOM_IWSBA] INTERCONNECT will still be annotated
/MasterClass/M143010027_ALU/Hws/HW1/gate_level/FLP_adder/Between/round1/timing.sdf, 286
module: XOR2D1BWP16P90LVT, "instance: testbench.test_module.add_95.U192"
  SDF Warning: INTERCONNECT from add_95.U192.Z to U1180.I has Instance at 
  /MasterClass/M143010027_ALU/Hws/HW1/gate_level/FLP_adder/Between/round1/netlist.v:960,
  delay will still be annotated.


Warning-[SDFCOM_IWSBA] INTERCONNECT will still be annotated
/MasterClass/M143010027_ALU/Hws/HW1/gate_level/FLP_adder/Between/round1/timing.sdf, 296
module: XNR2D1BWP16P90LVT, "instance: testbench.test_module.add_95.U205"
  SDF Warning: INTERCONNECT from add_95.U205.ZN to U1177.I has Instance at 
  /MasterClass/M143010027_ALU/Hws/HW1/gate_level/FLP_adder/Between/round1/netlist.v:960,
  delay will still be annotated.


Warning-[SDFCOM_IWSBA] INTERCONNECT will still be annotated
/MasterClass/M143010027_ALU/Hws/HW1/gate_level/FLP_adder/Between/round1/timing.sdf, 306
module: XOR2D1BWP16P90LVT, "instance: testbench.test_module.add_95.U204"
  SDF Warning: INTERCONNECT from add_95.U204.Z to U1174.I has Instance at 
  /MasterClass/M143010027_ALU/Hws/HW1/gate_level/FLP_adder/Between/round1/netlist.v:960,
  delay will still be annotated.


Warning-[SDFCOM_IWSBA] INTERCONNECT will still be annotated
/MasterClass/M143010027_ALU/Hws/HW1/gate_level/FLP_adder/Between/round1/timing.sdf, 316
module: XOR2D1BWP16P90, "instance: testbench.test_module.add_95.U167"
  SDF Warning: INTERCONNECT from add_95.U167.Z to U1171.I has Instance at 
  /MasterClass/M143010027_ALU/Hws/HW1/gate_level/FLP_adder/Between/round1/netlist.v:960,
  delay will still be annotated.


Warning-[SDFCOM_IWSBA] INTERCONNECT will still be annotated
/MasterClass/M143010027_ALU/Hws/HW1/gate_level/FLP_adder/Between/round1/timing.sdf, 317
module: XNR2D1BWP16P90LVT, "instance: testbench.test_module.add_95.U196"
  SDF Warning: INTERCONNECT from add_95.U196.ZN to U1170.I has Instance at 
  /MasterClass/M143010027_ALU/Hws/HW1/gate_level/FLP_adder/Between/round1/netlist.v:960,
  delay will still be annotated.


Warning-[SDFCOM_IWSBA] INTERCONNECT will still be annotated
/MasterClass/M143010027_ALU/Hws/HW1/gate_level/FLP_adder/Between/round1/timing.sdf, 323
module: XOR2D1BWP16P90, "instance: testbench.test_module.add_95.U167"
  SDF Warning: INTERCONNECT from add_95.U167.Z to U1168.A1 has Instance at 
  /MasterClass/M143010027_ALU/Hws/HW1/gate_level/FLP_adder/Between/round1/netlist.v:960,
  delay will still be annotated.


Warning-[SDFCOM_IWSBA] INTERCONNECT will still be annotated
/MasterClass/M143010027_ALU/Hws/HW1/gate_level/FLP_adder/Between/round1/timing.sdf, 325
module: INVD1BWP16P90, "instance: testbench.test_module.add_95.U168"
  SDF Warning: INTERCONNECT from add_95.U168.ZN to U1168.B1 has Instance at 
  /MasterClass/M143010027_ALU/Hws/HW1/gate_level/FLP_adder/Between/round1/netlist.v:960,
  delay will still be annotated.


Warning-[SDFCOM_IWSBA] INTERCONNECT will still be annotated
/MasterClass/M143010027_ALU/Hws/HW1/gate_level/FLP_adder/Between/round1/timing.sdf, 331
module: XNR2D1BWP16P90LVT, "instance: testbench.test_module.add_95.U207"
  SDF Warning: INTERCONNECT from add_95.U207.ZN to U1165.I0 has Instance at 
  /MasterClass/M143010027_ALU/Hws/HW1/gate_level/FLP_adder/Between/round1/netlist.v:960,
  delay will still be annotated.


Warning-[SDFCOM_SWC] Simple Wire Connection
/MasterClass/M143010027_ALU/Hws/HW1/gate_level/FLP_adder/Between/round1/timing.sdf, 936
module: OAI211D1BWP16P90LVT, "instance: testbench.test_module.U988"
  SDF Warning: The path from U988.ZN to U994.I0 doesn't have a simple wire 
  connection, delay will still be annotated.


Warning-[SDFCOM_SWC] Simple Wire Connection
/MasterClass/M143010027_ALU/Hws/HW1/gate_level/FLP_adder/Between/round1/timing.sdf, 939
module: OAI211D1BWP16P90LVT, "instance: testbench.test_module.U990"
  SDF Warning: The path from U990.ZN to U993.I0 doesn't have a simple wire 
  connection, delay will still be annotated.


Warning-[SDFCOM_IWSBA] INTERCONNECT will still be annotated
/MasterClass/M143010027_ALU/Hws/HW1/gate_level/FLP_adder/Between/round1/timing.sdf, 940
module: OAI211D1BWP16P90LVT, "instance: testbench.test_module.U990"
  SDF Warning: INTERCONNECT from U990.ZN to U993.I1 has Instance at 
  /MasterClass/M143010027_ALU/Hws/HW1/gate_level/FLP_adder/Between/round1/netlist.v:1015,
  delay will still be annotated.


Warning-[SDFCOM_IWSBA] INTERCONNECT will still be annotated
/MasterClass/M143010027_ALU/Hws/HW1/gate_level/FLP_adder/Between/round1/timing.sdf, 991
module: MUX2ND2BWP16P90LVT, "instance: testbench.test_module.U704"
  SDF Warning: INTERCONNECT from U704.ZN to U979.I1 has Instance at 
  /MasterClass/M143010027_ALU/Hws/HW1/gate_level/FLP_adder/Between/round1/netlist.v:977,
  delay will still be annotated.


Warning-[SDFCOM_IWSBA] INTERCONNECT will still be annotated
/MasterClass/M143010027_ALU/Hws/HW1/gate_level/FLP_adder/Between/round1/timing.sdf, 1008
module: XNR2D1BWP16P90LVT, "instance: testbench.test_module.sub_56.U192"
  SDF Warning: INTERCONNECT from sub_56.U192.ZN to U974.I1 has Instance at 
  /MasterClass/M143010027_ALU/Hws/HW1/gate_level/FLP_adder/Between/round1/netlist.v:977,
  delay will still be annotated.


Warning-[SDFCOM_IWSBA] INTERCONNECT will still be annotated
/MasterClass/M143010027_ALU/Hws/HW1/gate_level/FLP_adder/Between/round1/timing.sdf, 1028
module: XNR2D1BWP16P90LVT, "instance: testbench.test_module.sub_56.U191"
  SDF Warning: INTERCONNECT from sub_56.U191.ZN to U969.I1 has Instance at 
  /MasterClass/M143010027_ALU/Hws/HW1/gate_level/FLP_adder/Between/round1/netlist.v:977,
  delay will still be annotated.


Warning-[SDFCOM_IWSBA] INTERCONNECT will still be annotated
/MasterClass/M143010027_ALU/Hws/HW1/gate_level/FLP_adder/Between/round1/timing.sdf, 1048
module: XOR2D1BWP16P90LVT, "instance: testbench.test_module.sub_56.U189"
  SDF Warning: INTERCONNECT from sub_56.U189.Z to U964.I1 has Instance at 
  /MasterClass/M143010027_ALU/Hws/HW1/gate_level/FLP_adder/Between/round1/netlist.v:977,
  delay will still be annotated.


Warning-[SDFCOM_IWSBA] INTERCONNECT will still be annotated
/MasterClass/M143010027_ALU/Hws/HW1/gate_level/FLP_adder/Between/round1/timing.sdf, 1068
module: XOR2D1BWP16P90LVT, "instance: testbench.test_module.sub_56.U190"
  SDF Warning: INTERCONNECT from sub_56.U190.Z to U959.I1 has Instance at 
  /MasterClass/M143010027_ALU/Hws/HW1/gate_level/FLP_adder/Between/round1/netlist.v:977,
  delay will still be annotated.


Warning-[SDFCOM_IWSBA] INTERCONNECT will still be annotated
/MasterClass/M143010027_ALU/Hws/HW1/gate_level/FLP_adder/Between/round1/timing.sdf, 1088
module: XNR2D1BWP16P90LVT, "instance: testbench.test_module.sub_56.U185"
  SDF Warning: INTERCONNECT from sub_56.U185.ZN to U954.I1 has Instance at 
  /MasterClass/M143010027_ALU/Hws/HW1/gate_level/FLP_adder/Between/round1/netlist.v:977,
  delay will still be annotated.


Warning-[SDFCOM_IWSBA] INTERCONNECT will still be annotated
/MasterClass/M143010027_ALU/Hws/HW1/gate_level/FLP_adder/Between/round1/timing.sdf, 1115
module: XNR2D1BWP16P90LVT, "instance: testbench.test_module.sub_56.U187"
  SDF Warning: INTERCONNECT from sub_56.U187.ZN to U946.I1 has Instance at 
  /MasterClass/M143010027_ALU/Hws/HW1/gate_level/FLP_adder/Between/round1/netlist.v:977,
  delay will still be annotated.


Warning-[SDFCOM_IWSBA] INTERCONNECT will still be annotated
/MasterClass/M143010027_ALU/Hws/HW1/gate_level/FLP_adder/Between/round1/timing.sdf, 1138
module: XNR2D1BWP16P90LVT, "instance: testbench.test_module.sub_56.U183"
  SDF Warning: INTERCONNECT from sub_56.U183.ZN to U940.I1 has Instance at 
  /MasterClass/M143010027_ALU/Hws/HW1/gate_level/FLP_adder/Between/round1/netlist.v:977,
  delay will still be annotated.


Warning-[SDFCOM_IWSBA] INTERCONNECT will still be annotated
/MasterClass/M143010027_ALU/Hws/HW1/gate_level/FLP_adder/Between/round1/timing.sdf, 1166
module: XNR2D1BWP16P90LVT, "instance: testbench.test_module.sub_56.U181"
  SDF Warning: INTERCONNECT from sub_56.U181.ZN to U932.I1 has Instance at 
  /MasterClass/M143010027_ALU/Hws/HW1/gate_level/FLP_adder/Between/round1/netlist.v:977,
  delay will still be annotated.


Warning-[SDFCOM_IWSBA] INTERCONNECT will still be annotated
/MasterClass/M143010027_ALU/Hws/HW1/gate_level/FLP_adder/Between/round1/timing.sdf, 1186
module: XOR2D1BWP16P90LVT, "instance: testbench.test_module.sub_56.U162"
  SDF Warning: INTERCONNECT from sub_56.U162.Z to U927.I1 has Instance at 
  /MasterClass/M143010027_ALU/Hws/HW1/gate_level/FLP_adder/Between/round1/netlist.v:977,
  delay will still be annotated.


Warning-[SDFCOM_IWSBA] INTERCONNECT will still be annotated
/MasterClass/M143010027_ALU/Hws/HW1/gate_level/FLP_adder/Between/round1/timing.sdf, 1206
module: XOR2D1BWP16P90LVT, "instance: testbench.test_module.sub_56.U170"
  SDF Warning: INTERCONNECT from sub_56.U170.Z to U922.I1 has Instance at 
  /MasterClass/M143010027_ALU/Hws/HW1/gate_level/FLP_adder/Between/round1/netlist.v:977,
  delay will still be annotated.


Warning-[SDFCOM_IWSBA] INTERCONNECT will still be annotated
/MasterClass/M143010027_ALU/Hws/HW1/gate_level/FLP_adder/Between/round1/timing.sdf, 1226
module: XOR2D1BWP16P90LVT, "instance: testbench.test_module.sub_56.U168"
  SDF Warning: INTERCONNECT from sub_56.U168.Z to U917.I1 has Instance at 
  /MasterClass/M143010027_ALU/Hws/HW1/gate_level/FLP_adder/Between/round1/netlist.v:977,
  delay will still be annotated.


Warning-[SDFCOM_IWSBA] INTERCONNECT will still be annotated
/MasterClass/M143010027_ALU/Hws/HW1/gate_level/FLP_adder/Between/round1/timing.sdf, 1246
module: XOR2D1BWP16P90LVT, "instance: testbench.test_module.sub_56.U174"
  SDF Warning: INTERCONNECT from sub_56.U174.Z to U912.I1 has Instance at 
  /MasterClass/M143010027_ALU/Hws/HW1/gate_level/FLP_adder/Between/round1/netlist.v:977,
  delay will still be annotated.


Warning-[SDFCOM_IWSBA] INTERCONNECT will still be annotated
/MasterClass/M143010027_ALU/Hws/HW1/gate_level/FLP_adder/Between/round1/timing.sdf, 1266
module: XOR2D1BWP16P90LVT, "instance: testbench.test_module.sub_56.U172"
  SDF Warning: INTERCONNECT from sub_56.U172.Z to U907.I1 has Instance at 
  /MasterClass/M143010027_ALU/Hws/HW1/gate_level/FLP_adder/Between/round1/netlist.v:977,
  delay will still be annotated.


Warning-[SDFCOM_IWSBA] INTERCONNECT will still be annotated
/MasterClass/M143010027_ALU/Hws/HW1/gate_level/FLP_adder/Between/round1/timing.sdf, 1286
module: XOR2D1BWP16P90LVT, "instance: testbench.test_module.sub_56.U177"
  SDF Warning: INTERCONNECT from sub_56.U177.Z to U902.I1 has Instance at 
  /MasterClass/M143010027_ALU/Hws/HW1/gate_level/FLP_adder/Between/round1/netlist.v:977,
  delay will still be annotated.


Warning-[SDFCOM_IWSBA] INTERCONNECT will still be annotated
/MasterClass/M143010027_ALU/Hws/HW1/gate_level/FLP_adder/Between/round1/timing.sdf, 1306
module: XOR2D1BWP16P90LVT, "instance: testbench.test_module.sub_56.U175"
  SDF Warning: INTERCONNECT from sub_56.U175.Z to U897.I1 has Instance at 
  /MasterClass/M143010027_ALU/Hws/HW1/gate_level/FLP_adder/Between/round1/netlist.v:977,
  delay will still be annotated.


Warning-[SDFCOM_IWSBA] INTERCONNECT will still be annotated
/MasterClass/M143010027_ALU/Hws/HW1/gate_level/FLP_adder/Between/round1/timing.sdf, 1324
module: XNR2D1BWP16P90LVT, "instance: testbench.test_module.sub_56.U179"
  SDF Warning: INTERCONNECT from sub_56.U179.ZN to U892.I1 has Instance at 
  /MasterClass/M143010027_ALU/Hws/HW1/gate_level/FLP_adder/Between/round1/netlist.v:977,
  delay will still be annotated.


Warning-[SDFCOM_IWSBA] INTERCONNECT will still be annotated
/MasterClass/M143010027_ALU/Hws/HW1/gate_level/FLP_adder/Between/round1/timing.sdf, 1342
module: XOR2D1BWP16P90LVT, "instance: testbench.test_module.sub_56.U154"
  SDF Warning: INTERCONNECT from sub_56.U154.Z to U887.I1 has Instance at 
  /MasterClass/M143010027_ALU/Hws/HW1/gate_level/FLP_adder/Between/round1/netlist.v:977,
  delay will still be annotated.


Warning-[SDFCOM_IWSBA] INTERCONNECT will still be annotated
/MasterClass/M143010027_ALU/Hws/HW1/gate_level/FLP_adder/Between/round1/timing.sdf, 1359
module: XOR2D1BWP16P90LVT, "instance: testbench.test_module.sub_56.U158"
  SDF Warning: INTERCONNECT from sub_56.U158.Z to U882.I1 has Instance at 
  /MasterClass/M143010027_ALU/Hws/HW1/gate_level/FLP_adder/Between/round1/netlist.v:977,
  delay will still be annotated.


Warning-[SDFCOM_IWSBA] INTERCONNECT will still be annotated
/MasterClass/M143010027_ALU/Hws/HW1/gate_level/FLP_adder/Between/round1/timing.sdf, 1378
module: XOR2D1BWP16P90LVT, "instance: testbench.test_module.sub_56.U155"
  SDF Warning: INTERCONNECT from sub_56.U155.Z to U876.I1 has Instance at 
  /MasterClass/M143010027_ALU/Hws/HW1/gate_level/FLP_adder/Between/round1/netlist.v:977,
  delay will still be annotated.


Warning-[SDFCOM_IWSBA] INTERCONNECT will still be annotated
/MasterClass/M143010027_ALU/Hws/HW1/gate_level/FLP_adder/Between/round1/timing.sdf, 1393
module: XOR2D1BWP16P90LVT, "instance: testbench.test_module.sub_56.U157"
  SDF Warning: INTERCONNECT from sub_56.U157.Z to U872.I1 has Instance at 
  /MasterClass/M143010027_ALU/Hws/HW1/gate_level/FLP_adder/Between/round1/netlist.v:977,
  delay will still be annotated.


Warning-[SDFCOM_IWSBA] INTERCONNECT will still be annotated
/MasterClass/M143010027_ALU/Hws/HW1/gate_level/FLP_adder/Between/round1/timing.sdf, 1411
module: XOR2D1BWP16P90LVT, "instance: testbench.test_module.sub_56.U160"
  SDF Warning: INTERCONNECT from sub_56.U160.Z to U866.I1 has Instance at 
  /MasterClass/M143010027_ALU/Hws/HW1/gate_level/FLP_adder/Between/round1/netlist.v:977,
  delay will still be annotated.


Warning-[SDFCOM_IWSBA] INTERCONNECT will still be annotated
/MasterClass/M143010027_ALU/Hws/HW1/gate_level/FLP_adder/Between/round1/timing.sdf, 1425
module: XOR2D1BWP16P90LVT, "instance: testbench.test_module.sub_56.U138"
  SDF Warning: INTERCONNECT from sub_56.U138.Z to U861.I1 has Instance at 
  /MasterClass/M143010027_ALU/Hws/HW1/gate_level/FLP_adder/Between/round1/netlist.v:977,
  delay will still be annotated.


Warning-[SDFCOM_IWSBA] INTERCONNECT will still be annotated
/MasterClass/M143010027_ALU/Hws/HW1/gate_level/FLP_adder/Between/round1/timing.sdf, 1445
module: INR2D1BWP16P90LVT, "instance: testbench.test_module.sub_56.U129"
  SDF Warning: INTERCONNECT from sub_56.U129.ZN to U851.A1 has Instance at 
  /MasterClass/M143010027_ALU/Hws/HW1/gate_level/FLP_adder/Between/round1/netlist.v:977,
  delay will still be annotated.


Warning-[SDFCOM_IWSBA] INTERCONNECT will still be annotated
/MasterClass/M143010027_ALU/Hws/HW1/gate_level/FLP_adder/Between/round1/timing.sdf, 1490
module: MUX2ND2BWP16P90LVT, "instance: testbench.test_module.U717"
  SDF Warning: INTERCONNECT from U717.ZN to U831.I1 has Instance at 
  /MasterClass/M143010027_ALU/Hws/HW1/gate_level/FLP_adder/Between/round1/netlist.v:945,
  delay will still be annotated.


Warning-[SDFCOM_IWSBA] INTERCONNECT will still be annotated
/MasterClass/M143010027_ALU/Hws/HW1/gate_level/FLP_adder/Between/round1/timing.sdf, 1493
module: XOR2D1BWP16P90LVT, "instance: testbench.test_module.sub_55.U35"
  SDF Warning: INTERCONNECT from sub_55.U35.Z to U830.I1 has Instance at 
  /MasterClass/M143010027_ALU/Hws/HW1/gate_level/FLP_adder/Between/round1/netlist.v:945,
  delay will still be annotated.


Warning-[SDFCOM_IWSBA] INTERCONNECT will still be annotated
/MasterClass/M143010027_ALU/Hws/HW1/gate_level/FLP_adder/Between/round1/timing.sdf, 1496
module: XOR2D1BWP16P90LVT, "instance: testbench.test_module.sub_55.U43"
  SDF Warning: INTERCONNECT from sub_55.U43.Z to U829.I1 has Instance at 
  /MasterClass/M143010027_ALU/Hws/HW1/gate_level/FLP_adder/Between/round1/netlist.v:945,
  delay will still be annotated.


Warning-[SDFCOM_IWSBA] INTERCONNECT will still be annotated
/MasterClass/M143010027_ALU/Hws/HW1/gate_level/FLP_adder/Between/round1/timing.sdf, 1499
module: XOR2D1BWP16P90LVT, "instance: testbench.test_module.sub_55.U40"
  SDF Warning: INTERCONNECT from sub_55.U40.Z to U828.I1 has Instance at 
  /MasterClass/M143010027_ALU/Hws/HW1/gate_level/FLP_adder/Between/round1/netlist.v:945,
  delay will still be annotated.


Warning-[SDFCOM_IWSBA] INTERCONNECT will still be annotated
/MasterClass/M143010027_ALU/Hws/HW1/gate_level/FLP_adder/Between/round1/timing.sdf, 1502
module: XOR2D1BWP16P90LVT, "instance: testbench.test_module.sub_55.U34"
  SDF Warning: INTERCONNECT from sub_55.U34.Z to U827.I1 has Instance at 
  /MasterClass/M143010027_ALU/Hws/HW1/gate_level/FLP_adder/Between/round1/netlist.v:945,
  delay will still be annotated.


Warning-[SDFCOM_IWSBA] INTERCONNECT will still be annotated
/MasterClass/M143010027_ALU/Hws/HW1/gate_level/FLP_adder/Between/round1/timing.sdf, 1505
module: XOR2D1BWP16P90LVT, "instance: testbench.test_module.sub_55.U39"
  SDF Warning: INTERCONNECT from sub_55.U39.Z to U826.I1 has Instance at 
  /MasterClass/M143010027_ALU/Hws/HW1/gate_level/FLP_adder/Between/round1/netlist.v:945,
  delay will still be annotated.


Warning-[SDFCOM_IWSBA] INTERCONNECT will still be annotated
/MasterClass/M143010027_ALU/Hws/HW1/gate_level/FLP_adder/Between/round1/timing.sdf, 1508
module: XOR2D1BWP16P90LVT, "instance: testbench.test_module.sub_55.U42"
  SDF Warning: INTERCONNECT from sub_55.U42.Z to U825.I1 has Instance at 
  /MasterClass/M143010027_ALU/Hws/HW1/gate_level/FLP_adder/Between/round1/netlist.v:945,
  delay will still be annotated.


Warning-[SDFCOM_IWSBA] INTERCONNECT will still be annotated
/MasterClass/M143010027_ALU/Hws/HW1/gate_level/FLP_adder/Between/round1/timing.sdf, 1511
module: XOR2D1BWP16P90LVT, "instance: testbench.test_module.sub_55.U45"
  SDF Warning: INTERCONNECT from sub_55.U45.Z to U824.I1 has Instance at 
  /MasterClass/M143010027_ALU/Hws/HW1/gate_level/FLP_adder/Between/round1/netlist.v:945,
  delay will still be annotated.


Warning-[SDFCOM_IWSBA] INTERCONNECT will still be annotated
/MasterClass/M143010027_ALU/Hws/HW1/gate_level/FLP_adder/Between/round1/timing.sdf, 1514
module: XOR2D1BWP16P90LVT, "instance: testbench.test_module.sub_55.U46"
  SDF Warning: INTERCONNECT from sub_55.U46.Z to U823.I1 has Instance at 
  /MasterClass/M143010027_ALU/Hws/HW1/gate_level/FLP_adder/Between/round1/netlist.v:945,
  delay will still be annotated.


Warning-[SDFCOM_IWSBA] INTERCONNECT will still be annotated
/MasterClass/M143010027_ALU/Hws/HW1/gate_level/FLP_adder/Between/round1/timing.sdf, 1517
module: XOR2D1BWP16P90LVT, "instance: testbench.test_module.sub_55.U47"
  SDF Warning: INTERCONNECT from sub_55.U47.Z to U822.I1 has Instance at 
  /MasterClass/M143010027_ALU/Hws/HW1/gate_level/FLP_adder/Between/round1/netlist.v:945,
  delay will still be annotated.


Warning-[SDFCOM_IWSBA] INTERCONNECT will still be annotated
/MasterClass/M143010027_ALU/Hws/HW1/gate_level/FLP_adder/Between/round1/timing.sdf, 1520
module: XOR2D1BWP16P90LVT, "instance: testbench.test_module.sub_55.U33"
  SDF Warning: INTERCONNECT from sub_55.U33.Z to U821.I1 has Instance at 
  /MasterClass/M143010027_ALU/Hws/HW1/gate_level/FLP_adder/Between/round1/netlist.v:945,
  delay will still be annotated.


Warning-[SDFCOM_IWSBA] INTERCONNECT will still be annotated
/MasterClass/M143010027_ALU/Hws/HW1/gate_level/FLP_adder/Between/round1/timing.sdf, 1523
module: XOR2D1BWP16P90LVT, "instance: testbench.test_module.sub_55.U44"
  SDF Warning: INTERCONNECT from sub_55.U44.Z to U820.I1 has Instance at 
  /MasterClass/M143010027_ALU/Hws/HW1/gate_level/FLP_adder/Between/round1/netlist.v:945,
  delay will still be annotated.


Warning-[SDFCOM_IWSBA] INTERCONNECT will still be annotated
/MasterClass/M143010027_ALU/Hws/HW1/gate_level/FLP_adder/Between/round1/timing.sdf, 1526
module: XOR2D1BWP16P90LVT, "instance: testbench.test_module.sub_55.U31"
  SDF Warning: INTERCONNECT from sub_55.U31.Z to U819.I1 has Instance at 
  /MasterClass/M143010027_ALU/Hws/HW1/gate_level/FLP_adder/Between/round1/netlist.v:945,
  delay will still be annotated.


Warning-[SDFCOM_IWSBA] INTERCONNECT will still be annotated
/MasterClass/M143010027_ALU/Hws/HW1/gate_level/FLP_adder/Between/round1/timing.sdf, 1529
module: XOR2D1BWP16P90LVT, "instance: testbench.test_module.sub_55.U32"
  SDF Warning: INTERCONNECT from sub_55.U32.Z to U818.I1 has Instance at 
  /MasterClass/M143010027_ALU/Hws/HW1/gate_level/FLP_adder/Between/round1/netlist.v:945,
  delay will still be annotated.


Warning-[SDFCOM_IWSBA] INTERCONNECT will still be annotated
/MasterClass/M143010027_ALU/Hws/HW1/gate_level/FLP_adder/Between/round1/timing.sdf, 1532
module: XOR2D1BWP16P90LVT, "instance: testbench.test_module.sub_55.U28"
  SDF Warning: INTERCONNECT from sub_55.U28.Z to U817.I1 has Instance at 
  /MasterClass/M143010027_ALU/Hws/HW1/gate_level/FLP_adder/Between/round1/netlist.v:945,
  delay will still be annotated.


Warning-[SDFCOM_IWSBA] INTERCONNECT will still be annotated
/MasterClass/M143010027_ALU/Hws/HW1/gate_level/FLP_adder/Between/round1/timing.sdf, 1535
module: XOR2D1BWP16P90LVT, "instance: testbench.test_module.sub_55.U41"
  SDF Warning: INTERCONNECT from sub_55.U41.Z to U816.I1 has Instance at 
  /MasterClass/M143010027_ALU/Hws/HW1/gate_level/FLP_adder/Between/round1/netlist.v:945,
  delay will still be annotated.


Warning-[SDFCOM_IWSBA] INTERCONNECT will still be annotated
/MasterClass/M143010027_ALU/Hws/HW1/gate_level/FLP_adder/Between/round1/timing.sdf, 1538
module: XOR2D1BWP16P90LVT, "instance: testbench.test_module.sub_55.U38"
  SDF Warning: INTERCONNECT from sub_55.U38.Z to U815.I1 has Instance at 
  /MasterClass/M143010027_ALU/Hws/HW1/gate_level/FLP_adder/Between/round1/netlist.v:945,
  delay will still be annotated.


Warning-[SDFCOM_IWSBA] INTERCONNECT will still be annotated
/MasterClass/M143010027_ALU/Hws/HW1/gate_level/FLP_adder/Between/round1/timing.sdf, 1541
module: XOR2D1BWP16P90LVT, "instance: testbench.test_module.sub_55.U36"
  SDF Warning: INTERCONNECT from sub_55.U36.Z to U814.I1 has Instance at 
  /MasterClass/M143010027_ALU/Hws/HW1/gate_level/FLP_adder/Between/round1/netlist.v:945,
  delay will still be annotated.


Warning-[SDFCOM_IWSBA] INTERCONNECT will still be annotated
/MasterClass/M143010027_ALU/Hws/HW1/gate_level/FLP_adder/Between/round1/timing.sdf, 1544
module: XOR2D1BWP16P90LVT, "instance: testbench.test_module.sub_55.U20"
  SDF Warning: INTERCONNECT from sub_55.U20.Z to U813.I1 has Instance at 
  /MasterClass/M143010027_ALU/Hws/HW1/gate_level/FLP_adder/Between/round1/netlist.v:945,
  delay will still be annotated.


Warning-[SDFCOM_IWSBA] INTERCONNECT will still be annotated
/MasterClass/M143010027_ALU/Hws/HW1/gate_level/FLP_adder/Between/round1/timing.sdf, 1547
module: XOR2D1BWP16P90LVT, "instance: testbench.test_module.sub_55.U24"
  SDF Warning: INTERCONNECT from sub_55.U24.Z to U812.I1 has Instance at 
  /MasterClass/M143010027_ALU/Hws/HW1/gate_level/FLP_adder/Between/round1/netlist.v:945,
  delay will still be annotated.


Warning-[SDFCOM_IWSBA] INTERCONNECT will still be annotated
/MasterClass/M143010027_ALU/Hws/HW1/gate_level/FLP_adder/Between/round1/timing.sdf, 1550
module: XOR2D1BWP16P90LVT, "instance: testbench.test_module.sub_55.U25"
  SDF Warning: INTERCONNECT from sub_55.U25.Z to U811.I1 has Instance at 
  /MasterClass/M143010027_ALU/Hws/HW1/gate_level/FLP_adder/Between/round1/netlist.v:945,
  delay will still be annotated.


Warning-[SDFCOM_IWSBA] INTERCONNECT will still be annotated
/MasterClass/M143010027_ALU/Hws/HW1/gate_level/FLP_adder/Between/round1/timing.sdf, 1553
module: XOR2D1BWP16P90LVT, "instance: testbench.test_module.sub_55.U26"
  SDF Warning: INTERCONNECT from sub_55.U26.Z to U810.I1 has Instance at 
  /MasterClass/M143010027_ALU/Hws/HW1/gate_level/FLP_adder/Between/round1/netlist.v:945,
  delay will still be annotated.


Warning-[SDFCOM_IWSBA] INTERCONNECT will still be annotated
/MasterClass/M143010027_ALU/Hws/HW1/gate_level/FLP_adder/Between/round1/timing.sdf, 1556
module: XOR2D1BWP16P90LVT, "instance: testbench.test_module.sub_55.U27"
  SDF Warning: INTERCONNECT from sub_55.U27.Z to U809.I1 has Instance at 
  /MasterClass/M143010027_ALU/Hws/HW1/gate_level/FLP_adder/Between/round1/netlist.v:945,
  delay will still be annotated.


Warning-[SDFCOM_IWSBA] INTERCONNECT will still be annotated
/MasterClass/M143010027_ALU/Hws/HW1/gate_level/FLP_adder/Between/round1/timing.sdf, 1558
module: AN2D1BWP16P90LVT, "instance: testbench.test_module.sub_55.U1"
  SDF Warning: INTERCONNECT from sub_55.U1.Z to U808.A1 has Instance at 
  /MasterClass/M143010027_ALU/Hws/HW1/gate_level/FLP_adder/Between/round1/netlist.v:945,
  delay will still be annotated.


Warning-[SDFCOM_SWC] Simple Wire Connection
/MasterClass/M143010027_ALU/Hws/HW1/gate_level/FLP_adder/Between/round1/timing.sdf, 2234
module: OAI211D1BWP16P90LVT, "instance: testbench.test_module.U988"
  SDF Warning: The path from U988.ZN to sub_64.U110.A1 doesn't have a simple 
  wire connection, delay will still be annotated.


Warning-[SDFCOM_SWC] Simple Wire Connection
/MasterClass/M143010027_ALU/Hws/HW1/gate_level/FLP_adder/Between/round1/timing.sdf, 2235
module: OAI211D1BWP16P90LVT, "instance: testbench.test_module.U990"
  SDF Warning: The path from U990.ZN to sub_64.U110.A2 doesn't have a simple 
  wire connection, delay will still be annotated.


Warning-[SDFCOM_SWC] Simple Wire Connection
/MasterClass/M143010027_ALU/Hws/HW1/gate_level/FLP_adder/Between/round1/timing.sdf, 2284
module: OAI211D1BWP16P90LVT, "instance: testbench.test_module.U988"
  SDF Warning: The path from U988.ZN to sub_64.U78.A1 doesn't have a simple 
  wire connection, delay will still be annotated.


Warning-[SDFCOM_SWC] Simple Wire Connection
/MasterClass/M143010027_ALU/Hws/HW1/gate_level/FLP_adder/Between/round1/timing.sdf, 2285
module: OAI211D1BWP16P90LVT, "instance: testbench.test_module.U990"
  SDF Warning: The path from U990.ZN to sub_64.U78.A2 doesn't have a simple 
  wire connection, delay will still be annotated.


Warning-[SDFCOM_SWC] Simple Wire Connection
/MasterClass/M143010027_ALU/Hws/HW1/gate_level/FLP_adder/Between/round1/timing.sdf, 2360
module: OAI211D1BWP16P90LVT, "instance: testbench.test_module.U973"
  SDF Warning: The path from U973.ZN to add_60.U200.A1 doesn't have a simple 
  wire connection, delay will still be annotated.


Warning-[SDFCOM_SWC] Simple Wire Connection
/MasterClass/M143010027_ALU/Hws/HW1/gate_level/FLP_adder/Between/round1/timing.sdf, 2361
module: MUX2D1BWP16P90LVT, "instance: testbench.test_module.U829"
  SDF Warning: The path from U829.Z to add_60.U200.A2 doesn't have a simple 
  wire connection, delay will still be annotated.


Warning-[SDFCOM_SWC] Simple Wire Connection
/MasterClass/M143010027_ALU/Hws/HW1/gate_level/FLP_adder/Between/round1/timing.sdf, 2367
module: OAI211D1BWP16P90LVT, "instance: testbench.test_module.U963"
  SDF Warning: The path from U963.ZN to add_60.U196.A1 doesn't have a simple 
  wire connection, delay will still be annotated.


Warning-[SDFCOM_SWC] Simple Wire Connection
/MasterClass/M143010027_ALU/Hws/HW1/gate_level/FLP_adder/Between/round1/timing.sdf, 2368
module: MUX2D1BWP16P90LVT, "instance: testbench.test_module.U827"
  SDF Warning: The path from U827.Z to add_60.U196.A2 doesn't have a simple 
  wire connection, delay will still be annotated.


Warning-[SDFCOM_SWC] Simple Wire Connection
/MasterClass/M143010027_ALU/Hws/HW1/gate_level/FLP_adder/Between/round1/timing.sdf, 2372
module: OAI211D1BWP16P90LVT, "instance: testbench.test_module.U951"
  SDF Warning: The path from U951.ZN to add_60.U192.A1 doesn't have a simple 
  wire connection, delay will still be annotated.


Warning-[SDFCOM_SWC] Simple Wire Connection
/MasterClass/M143010027_ALU/Hws/HW1/gate_level/FLP_adder/Between/round1/timing.sdf, 2373
module: MUX2D1BWP16P90LVT, "instance: testbench.test_module.U825"
  SDF Warning: The path from U825.Z to add_60.U192.A2 doesn't have a simple 
  wire connection, delay will still be annotated.


Warning-[SDFCOM_SWC] Simple Wire Connection
/MasterClass/M143010027_ALU/Hws/HW1/gate_level/FLP_adder/Between/round1/timing.sdf, 2376
module: MUX2D1BWP16P90LVT, "instance: testbench.test_module.U815"
  SDF Warning: The path from U815.Z to add_60.U189.A1 doesn't have a simple 
  wire connection, delay will still be annotated.


Warning-[SDFCOM_SWC] Simple Wire Connection
/MasterClass/M143010027_ALU/Hws/HW1/gate_level/FLP_adder/Between/round1/timing.sdf, 2377
module: OAI21D1BWP16P90LVT, "instance: testbench.test_module.U896"
  SDF Warning: The path from U896.ZN to add_60.U189.A2 doesn't have a simple 
  wire connection, delay will still be annotated.


Warning-[SDFCOM_SWC] Simple Wire Connection
/MasterClass/M143010027_ALU/Hws/HW1/gate_level/FLP_adder/Between/round1/timing.sdf, 2380
module: OAI221D1BWP16P90LVT, "instance: testbench.test_module.U936"
  SDF Warning: The path from U936.ZN to add_60.U186.A1 doesn't have a simple 
  wire connection, delay will still be annotated.


Warning-[SDFCOM_SWC] Simple Wire Connection
/MasterClass/M143010027_ALU/Hws/HW1/gate_level/FLP_adder/Between/round1/timing.sdf, 2381
module: MUX2D1BWP16P90LVT, "instance: testbench.test_module.U823"
  SDF Warning: The path from U823.Z to add_60.U186.A2 doesn't have a simple 
  wire connection, delay will still be annotated.


Warning-[SDFCOM_SWC] Simple Wire Connection
/MasterClass/M143010027_ALU/Hws/HW1/gate_level/FLP_adder/Between/round1/timing.sdf, 2383
module: MUX2D1BWP16P90LVT, "instance: testbench.test_module.U817"
  SDF Warning: The path from U817.Z to add_60.U184.A1 doesn't have a simple 
  wire connection, delay will still be annotated.


Warning-[SDFCOM_SWC] Simple Wire Connection
/MasterClass/M143010027_ALU/Hws/HW1/gate_level/FLP_adder/Between/round1/timing.sdf, 2384
module: OAI221D1BWP16P90LVT, "instance: testbench.test_module.U906"
  SDF Warning: The path from U906.ZN to add_60.U184.A2 doesn't have a simple 
  wire connection, delay will still be annotated.


Warning-[SDFCOM_SWC] Simple Wire Connection
/MasterClass/M143010027_ALU/Hws/HW1/gate_level/FLP_adder/Between/round1/timing.sdf, 2391
module: OAI221D1BWP16P90LVT, "instance: testbench.test_module.U926"
  SDF Warning: The path from U926.ZN to add_60.U179.A1 doesn't have a simple 
  wire connection, delay will still be annotated.


Warning-[SDFCOM_SWC] Simple Wire Connection
/MasterClass/M143010027_ALU/Hws/HW1/gate_level/FLP_adder/Between/round1/timing.sdf, 2392
module: MUX2D1BWP16P90LVT, "instance: testbench.test_module.U821"
  SDF Warning: The path from U821.Z to add_60.U179.A2 doesn't have a simple 
  wire connection, delay will still be annotated.


Warning-[SDFCOM_SWC] Simple Wire Connection
/MasterClass/M143010027_ALU/Hws/HW1/gate_level/FLP_adder/Between/round1/timing.sdf, 2393
module: MUX2D1BWP16P90LVT, "instance: testbench.test_module.U819"
  SDF Warning: The path from U819.Z to add_60.U178.A1 doesn't have a simple 
  wire connection, delay will still be annotated.


Warning-[SDFCOM_SWC] Simple Wire Connection
/MasterClass/M143010027_ALU/Hws/HW1/gate_level/FLP_adder/Between/round1/timing.sdf, 2394
module: OAI221D1BWP16P90LVT, "instance: testbench.test_module.U916"
  SDF Warning: The path from U916.ZN to add_60.U178.A2 doesn't have a simple 
  wire connection, delay will still be annotated.


Warning-[SDFCOM_SWC] Simple Wire Connection
/MasterClass/M143010027_ALU/Hws/HW1/gate_level/FLP_adder/Between/round1/timing.sdf, 2400
module: INVD1BWP16P90LVT, "instance: testbench.test_module.U599"
  SDF Warning: The path from U599.ZN to add_60.U173.I doesn't have a simple 
  wire connection, delay will still be annotated.


Warning-[SDFCOM_SWC] Simple Wire Connection
/MasterClass/M143010027_ALU/Hws/HW1/gate_level/FLP_adder/Between/round1/timing.sdf, 2401
module: MUX2ND2BWP16P90LVT, "instance: testbench.test_module.U445"
  SDF Warning: The path from U445.ZN to add_60.U172.I doesn't have a simple 
  wire connection, delay will still be annotated.


Warning-[SDFCOM_SWC] Simple Wire Connection
/MasterClass/M143010027_ALU/Hws/HW1/gate_level/FLP_adder/Between/round1/timing.sdf, 2402
module: OAI21D1BWP16P90LVT, "instance: testbench.test_module.U860"
  SDF Warning: The path from U860.ZN to add_60.U171.A doesn't have a simple 
  wire connection, delay will still be annotated.


Warning-[SDFCOM_SWC] Simple Wire Connection
/MasterClass/M143010027_ALU/Hws/HW1/gate_level/FLP_adder/Between/round1/timing.sdf, 2403
module: IND2D1BWP16P90LVT, "instance: testbench.test_module.U808"
  SDF Warning: The path from U808.ZN to add_60.U171.B doesn't have a simple 
  wire connection, delay will still be annotated.


Warning-[SDFCOM_SWC] Simple Wire Connection
/MasterClass/M143010027_ALU/Hws/HW1/gate_level/FLP_adder/Between/round1/timing.sdf, 2405
module: OAI21D1BWP16P90LVT, "instance: testbench.test_module.U871"
  SDF Warning: The path from U871.ZN to add_60.U170.A doesn't have a simple 
  wire connection, delay will still be annotated.


Warning-[SDFCOM_SWC] Simple Wire Connection
/MasterClass/M143010027_ALU/Hws/HW1/gate_level/FLP_adder/Between/round1/timing.sdf, 2406
module: MUX2D1BWP16P90LVT, "instance: testbench.test_module.U810"
  SDF Warning: The path from U810.Z to add_60.U170.B doesn't have a simple 
  wire connection, delay will still be annotated.


Warning-[SDFCOM_SWC] Simple Wire Connection
/MasterClass/M143010027_ALU/Hws/HW1/gate_level/FLP_adder/Between/round1/timing.sdf, 2408
module: OAI21D1BWP16P90LVT, "instance: testbench.test_module.U881"
  SDF Warning: The path from U881.ZN to add_60.U169.A doesn't have a simple 
  wire connection, delay will still be annotated.


Warning-[SDFCOM_SWC] Simple Wire Connection
/MasterClass/M143010027_ALU/Hws/HW1/gate_level/FLP_adder/Between/round1/timing.sdf, 2409
module: MUX2D1BWP16P90LVT, "instance: testbench.test_module.U812"
  SDF Warning: The path from U812.Z to add_60.U169.B doesn't have a simple 
  wire connection, delay will still be annotated.


Warning-[SDFCOM_SWC] Simple Wire Connection
/MasterClass/M143010027_ALU/Hws/HW1/gate_level/FLP_adder/Between/round1/timing.sdf, 2411
module: OAI221D1BWP16P90LVT, "instance: testbench.test_module.U931"
  SDF Warning: The path from U931.ZN to add_60.U168.A1 doesn't have a simple 
  wire connection, delay will still be annotated.


Warning-[SDFCOM_SWC] Simple Wire Connection
/MasterClass/M143010027_ALU/Hws/HW1/gate_level/FLP_adder/Between/round1/timing.sdf, 2412
module: MUX2D1BWP16P90LVT, "instance: testbench.test_module.U822"
  SDF Warning: The path from U822.Z to add_60.U168.A2 doesn't have a simple 
  wire connection, delay will still be annotated.


Warning-[SDFCOM_SWC] Simple Wire Connection
/MasterClass/M143010027_ALU/Hws/HW1/gate_level/FLP_adder/Between/round1/timing.sdf, 2413
module: OAI211D1BWP16P90LVT, "instance: testbench.test_module.U945"
  SDF Warning: The path from U945.ZN to add_60.U167.A1 doesn't have a simple 
  wire connection, delay will still be annotated.


Warning-[SDFCOM_SWC] Simple Wire Connection
/MasterClass/M143010027_ALU/Hws/HW1/gate_level/FLP_adder/Between/round1/timing.sdf, 2414
module: MUX2D1BWP16P90LVT, "instance: testbench.test_module.U824"
  SDF Warning: The path from U824.Z to add_60.U167.A2 doesn't have a simple 
  wire connection, delay will still be annotated.


Warning-[SDFCOM_SWC] Simple Wire Connection
/MasterClass/M143010027_ALU/Hws/HW1/gate_level/FLP_adder/Between/round1/timing.sdf, 2415
module: OAI211D1BWP16P90LVT, "instance: testbench.test_module.U958"
  SDF Warning: The path from U958.ZN to add_60.U166.A1 doesn't have a simple 
  wire connection, delay will still be annotated.


Warning-[SDFCOM_SWC] Simple Wire Connection
/MasterClass/M143010027_ALU/Hws/HW1/gate_level/FLP_adder/Between/round1/timing.sdf, 2416
module: MUX2D1BWP16P90LVT, "instance: testbench.test_module.U826"
  SDF Warning: The path from U826.Z to add_60.U166.A2 doesn't have a simple 
  wire connection, delay will still be annotated.


Warning-[SDFCOM_SWC] Simple Wire Connection
/MasterClass/M143010027_ALU/Hws/HW1/gate_level/FLP_adder/Between/round1/timing.sdf, 2417
module: OAI211D1BWP16P90LVT, "instance: testbench.test_module.U968"
  SDF Warning: The path from U968.ZN to add_60.U165.A1 doesn't have a simple 
  wire connection, delay will still be annotated.


Warning-[SDFCOM_SWC] Simple Wire Connection
/MasterClass/M143010027_ALU/Hws/HW1/gate_level/FLP_adder/Between/round1/timing.sdf, 2418
module: MUX2D1BWP16P90LVT, "instance: testbench.test_module.U828"
  SDF Warning: The path from U828.Z to add_60.U165.A2 doesn't have a simple 
  wire connection, delay will still be annotated.


Warning-[SDFCOM_SWC] Simple Wire Connection
/MasterClass/M143010027_ALU/Hws/HW1/gate_level/FLP_adder/Between/round1/timing.sdf, 2420
module: OAI211D1BWP16P90LVT, "instance: testbench.test_module.U978"
  SDF Warning: The path from U978.ZN to add_60.U163.A1 doesn't have a simple 
  wire connection, delay will still be annotated.


Warning-[SDFCOM_SWC] Simple Wire Connection
/MasterClass/M143010027_ALU/Hws/HW1/gate_level/FLP_adder/Between/round1/timing.sdf, 2421
module: MUX2D1BWP16P90LVT, "instance: testbench.test_module.U830"
  SDF Warning: The path from U830.Z to add_60.U163.A2 doesn't have a simple 
  wire connection, delay will still be annotated.


Warning-[SDFCOM_SWC] Simple Wire Connection
/MasterClass/M143010027_ALU/Hws/HW1/gate_level/FLP_adder/Between/round1/timing.sdf, 2455
module: OAI21D1BWP16P90LVT, "instance: testbench.test_module.U875"
  SDF Warning: The path from U875.ZN to add_60.U150.A doesn't have a simple 
  wire connection, delay will still be annotated.


Warning-[SDFCOM_SWC] Simple Wire Connection
/MasterClass/M143010027_ALU/Hws/HW1/gate_level/FLP_adder/Between/round1/timing.sdf, 2456
module: MUX2D1BWP16P90LVT, "instance: testbench.test_module.U811"
  SDF Warning: The path from U811.Z to add_60.U150.B doesn't have a simple 
  wire connection, delay will still be annotated.


Warning-[SDFCOM_SWC] Simple Wire Connection
/MasterClass/M143010027_ALU/Hws/HW1/gate_level/FLP_adder/Between/round1/timing.sdf, 2458
module: OAI21D1BWP16P90LVT, "instance: testbench.test_module.U886"
  SDF Warning: The path from U886.ZN to add_60.U149.A doesn't have a simple 
  wire connection, delay will still be annotated.


Warning-[SDFCOM_SWC] Simple Wire Connection
/MasterClass/M143010027_ALU/Hws/HW1/gate_level/FLP_adder/Between/round1/timing.sdf, 2459
module: MUX2D1BWP16P90LVT, "instance: testbench.test_module.U813"
  SDF Warning: The path from U813.Z to add_60.U149.B doesn't have a simple 
  wire connection, delay will still be annotated.


Warning-[SDFCOM_SWC] Simple Wire Connection
/MasterClass/M143010027_ALU/Hws/HW1/gate_level/FLP_adder/Between/round1/timing.sdf, 2461
module: OAI21D1BWP16P90LVT, "instance: testbench.test_module.U864"
  SDF Warning: The path from U864.ZN to add_60.U148.A doesn't have a simple 
  wire connection, delay will still be annotated.


Warning-[SDFCOM_SWC] Simple Wire Connection
/MasterClass/M143010027_ALU/Hws/HW1/gate_level/FLP_adder/Between/round1/timing.sdf, 2462
module: MUX2D1BWP16P90LVT, "instance: testbench.test_module.U809"
  SDF Warning: The path from U809.Z to add_60.U148.B doesn't have a simple 
  wire connection, delay will still be annotated.


Warning-[SDFCOM_SWC] Simple Wire Connection
/MasterClass/M143010027_ALU/Hws/HW1/gate_level/FLP_adder/Between/round1/timing.sdf, 2466
module: MUX2D1BWP16P90LVT, "instance: testbench.test_module.U816"
  SDF Warning: The path from U816.Z to add_60.U146.A1 doesn't have a simple 
  wire connection, delay will still be annotated.


Warning-[SDFCOM_SWC] Simple Wire Connection
/MasterClass/M143010027_ALU/Hws/HW1/gate_level/FLP_adder/Between/round1/timing.sdf, 2467
module: OAI221D1BWP16P90LVT, "instance: testbench.test_module.U901"
  SDF Warning: The path from U901.ZN to add_60.U146.A2 doesn't have a simple 
  wire connection, delay will still be annotated.


Warning-[SDFCOM_SWC] Simple Wire Connection
/MasterClass/M143010027_ALU/Hws/HW1/gate_level/FLP_adder/Between/round1/timing.sdf, 2468
module: MUX2D1BWP16P90LVT, "instance: testbench.test_module.U814"
  SDF Warning: The path from U814.Z to add_60.U145.A1 doesn't have a simple 
  wire connection, delay will still be annotated.


Warning-[SDFCOM_SWC] Simple Wire Connection
/MasterClass/M143010027_ALU/Hws/HW1/gate_level/FLP_adder/Between/round1/timing.sdf, 2469
module: OAI21D1BWP16P90LVT, "instance: testbench.test_module.U891"
  SDF Warning: The path from U891.ZN to add_60.U145.A2 doesn't have a simple 
  wire connection, delay will still be annotated.


Warning-[SDFCOM_SWC] Simple Wire Connection
/MasterClass/M143010027_ALU/Hws/HW1/gate_level/FLP_adder/Between/round1/timing.sdf, 2470
module: MUX2D1BWP16P90LVT, "instance: testbench.test_module.U818"
  SDF Warning: The path from U818.Z to add_60.U144.A1 doesn't have a simple 
  wire connection, delay will still be annotated.


Warning-[SDFCOM_SWC] Simple Wire Connection
/MasterClass/M143010027_ALU/Hws/HW1/gate_level/FLP_adder/Between/round1/timing.sdf, 2471
module: OAI221D1BWP16P90LVT, "instance: testbench.test_module.U911"
  SDF Warning: The path from U911.ZN to add_60.U144.A2 doesn't have a simple 
  wire connection, delay will still be annotated.


Warning-[SDFCOM_SWC] Simple Wire Connection
/MasterClass/M143010027_ALU/Hws/HW1/gate_level/FLP_adder/Between/round1/timing.sdf, 2472
module: MUX2D1BWP16P90LVT, "instance: testbench.test_module.U820"
  SDF Warning: The path from U820.Z to add_60.U143.A1 doesn't have a simple 
  wire connection, delay will still be annotated.


Warning-[SDFCOM_SWC] Simple Wire Connection
/MasterClass/M143010027_ALU/Hws/HW1/gate_level/FLP_adder/Between/round1/timing.sdf, 2473
module: OAI221D1BWP16P90LVT, "instance: testbench.test_module.U921"
  SDF Warning: The path from U921.ZN to add_60.U143.A2 doesn't have a simple 
  wire connection, delay will still be annotated.


Warning-[SDFCOM_SWC] Simple Wire Connection
/MasterClass/M143010027_ALU/Hws/HW1/gate_level/FLP_adder/Between/round1/timing.sdf, 2474
module: OAI211D1BWP16P90LVT, "instance: testbench.test_module.U984"
  SDF Warning: The path from U984.ZN to add_60.U142.A1 doesn't have a simple 
  wire connection, delay will still be annotated.


Warning-[SDFCOM_SWC] Simple Wire Connection
/MasterClass/M143010027_ALU/Hws/HW1/gate_level/FLP_adder/Between/round1/timing.sdf, 2475
module: MUX2D1BWP16P90LVT, "instance: testbench.test_module.U831"
  SDF Warning: The path from U831.Z to add_60.U142.A2 doesn't have a simple 
  wire connection, delay will still be annotated.


Warning-[SDFCOM_SWC] Simple Wire Connection
/MasterClass/M143010027_ALU/Hws/HW1/gate_level/FLP_adder/Between/round1/timing.sdf, 2479
module: OAI211D1BWP16P90LVT, "instance: testbench.test_module.U984"
  SDF Warning: The path from U984.ZN to add_60.U135.A1 doesn't have a simple 
  wire connection, delay will still be annotated.


Warning-[SDFCOM_SWC] Simple Wire Connection
/MasterClass/M143010027_ALU/Hws/HW1/gate_level/FLP_adder/Between/round1/timing.sdf, 2480
module: MUX2D1BWP16P90LVT, "instance: testbench.test_module.U831"
  SDF Warning: The path from U831.Z to add_60.U135.A2 doesn't have a simple 
  wire connection, delay will still be annotated.


Warning-[SDFCOM_SWC] Simple Wire Connection
/MasterClass/M143010027_ALU/Hws/HW1/gate_level/FLP_adder/Between/round1/timing.sdf, 2481
module: OAI211D1BWP16P90LVT, "instance: testbench.test_module.U978"
  SDF Warning: The path from U978.ZN to add_60.U129.A1 doesn't have a simple 
  wire connection, delay will still be annotated.


Warning-[SDFCOM_SWC] Simple Wire Connection
/MasterClass/M143010027_ALU/Hws/HW1/gate_level/FLP_adder/Between/round1/timing.sdf, 2482
module: MUX2D1BWP16P90LVT, "instance: testbench.test_module.U830"
  SDF Warning: The path from U830.Z to add_60.U129.A2 doesn't have a simple 
  wire connection, delay will still be annotated.


Warning-[SDFCOM_SWC] Simple Wire Connection
/MasterClass/M143010027_ALU/Hws/HW1/gate_level/FLP_adder/Between/round1/timing.sdf, 2485
module: OAI211D1BWP16P90LVT, "instance: testbench.test_module.U973"
  SDF Warning: The path from U973.ZN to add_60.U121.A1 doesn't have a simple 
  wire connection, delay will still be annotated.


Warning-[SDFCOM_SWC] Simple Wire Connection
/MasterClass/M143010027_ALU/Hws/HW1/gate_level/FLP_adder/Between/round1/timing.sdf, 2486
module: MUX2D1BWP16P90LVT, "instance: testbench.test_module.U829"
  SDF Warning: The path from U829.Z to add_60.U121.A2 doesn't have a simple 
  wire connection, delay will still be annotated.


Warning-[SDFCOM_SWC] Simple Wire Connection
/MasterClass/M143010027_ALU/Hws/HW1/gate_level/FLP_adder/Between/round1/timing.sdf, 2489
module: OAI211D1BWP16P90LVT, "instance: testbench.test_module.U968"
  SDF Warning: The path from U968.ZN to add_60.U115.A1 doesn't have a simple 
  wire connection, delay will still be annotated.


Warning-[SDFCOM_SWC] Simple Wire Connection
/MasterClass/M143010027_ALU/Hws/HW1/gate_level/FLP_adder/Between/round1/timing.sdf, 2490
module: MUX2D1BWP16P90LVT, "instance: testbench.test_module.U828"
  SDF Warning: The path from U828.Z to add_60.U115.A2 doesn't have a simple 
  wire connection, delay will still be annotated.


Warning-[SDFCOM_SWC] Simple Wire Connection
/MasterClass/M143010027_ALU/Hws/HW1/gate_level/FLP_adder/Between/round1/timing.sdf, 2493
module: OAI211D1BWP16P90LVT, "instance: testbench.test_module.U963"
  SDF Warning: The path from U963.ZN to add_60.U107.A1 doesn't have a simple 
  wire connection, delay will still be annotated.


Warning-[SDFCOM_SWC] Simple Wire Connection
/MasterClass/M143010027_ALU/Hws/HW1/gate_level/FLP_adder/Between/round1/timing.sdf, 2494
module: MUX2D1BWP16P90LVT, "instance: testbench.test_module.U827"
  SDF Warning: The path from U827.Z to add_60.U107.A2 doesn't have a simple 
  wire connection, delay will still be annotated.


Warning-[SDFCOM_SWC] Simple Wire Connection
/MasterClass/M143010027_ALU/Hws/HW1/gate_level/FLP_adder/Between/round1/timing.sdf, 2497
module: OAI211D1BWP16P90LVT, "instance: testbench.test_module.U958"
  SDF Warning: The path from U958.ZN to add_60.U101.A1 doesn't have a simple 
  wire connection, delay will still be annotated.


Warning-[SDFCOM_SWC] Simple Wire Connection
/MasterClass/M143010027_ALU/Hws/HW1/gate_level/FLP_adder/Between/round1/timing.sdf, 2498
module: MUX2D1BWP16P90LVT, "instance: testbench.test_module.U826"
  SDF Warning: The path from U826.Z to add_60.U101.A2 doesn't have a simple 
  wire connection, delay will still be annotated.


Warning-[SDFCOM_SWC] Simple Wire Connection
/MasterClass/M143010027_ALU/Hws/HW1/gate_level/FLP_adder/Between/round1/timing.sdf, 2501
module: OAI211D1BWP16P90LVT, "instance: testbench.test_module.U951"
  SDF Warning: The path from U951.ZN to add_60.U93.A1 doesn't have a simple 
  wire connection, delay will still be annotated.


Warning-[SDFCOM_SWC] Simple Wire Connection
/MasterClass/M143010027_ALU/Hws/HW1/gate_level/FLP_adder/Between/round1/timing.sdf, 2502
module: MUX2D1BWP16P90LVT, "instance: testbench.test_module.U825"
  SDF Warning: The path from U825.Z to add_60.U93.A2 doesn't have a simple 
  wire connection, delay will still be annotated.


Warning-[SDFCOM_SWC] Simple Wire Connection
/MasterClass/M143010027_ALU/Hws/HW1/gate_level/FLP_adder/Between/round1/timing.sdf, 2505
module: OAI211D1BWP16P90LVT, "instance: testbench.test_module.U945"
  SDF Warning: The path from U945.ZN to add_60.U87.A1 doesn't have a simple 
  wire connection, delay will still be annotated.


Warning-[SDFCOM_SWC] Simple Wire Connection
/MasterClass/M143010027_ALU/Hws/HW1/gate_level/FLP_adder/Between/round1/timing.sdf, 2506
module: MUX2D1BWP16P90LVT, "instance: testbench.test_module.U824"
  SDF Warning: The path from U824.Z to add_60.U87.A2 doesn't have a simple 
  wire connection, delay will still be annotated.


Warning-[SDFCOM_SWC] Simple Wire Connection
/MasterClass/M143010027_ALU/Hws/HW1/gate_level/FLP_adder/Between/round1/timing.sdf, 2509
module: OAI221D1BWP16P90LVT, "instance: testbench.test_module.U936"
  SDF Warning: The path from U936.ZN to add_60.U79.A1 doesn't have a simple 
  wire connection, delay will still be annotated.


Warning-[SDFCOM_SWC] Simple Wire Connection
/MasterClass/M143010027_ALU/Hws/HW1/gate_level/FLP_adder/Between/round1/timing.sdf, 2510
module: MUX2D1BWP16P90LVT, "instance: testbench.test_module.U823"
  SDF Warning: The path from U823.Z to add_60.U79.A2 doesn't have a simple 
  wire connection, delay will still be annotated.


Warning-[SDFCOM_SWC] Simple Wire Connection
/MasterClass/M143010027_ALU/Hws/HW1/gate_level/FLP_adder/Between/round1/timing.sdf, 2513
module: OAI221D1BWP16P90LVT, "instance: testbench.test_module.U931"
  SDF Warning: The path from U931.ZN to add_60.U73.A1 doesn't have a simple 
  wire connection, delay will still be annotated.


Warning-[SDFCOM_SWC] Simple Wire Connection
/MasterClass/M143010027_ALU/Hws/HW1/gate_level/FLP_adder/Between/round1/timing.sdf, 2514
module: MUX2D1BWP16P90LVT, "instance: testbench.test_module.U822"
  SDF Warning: The path from U822.Z to add_60.U73.A2 doesn't have a simple 
  wire connection, delay will still be annotated.


Warning-[SDFCOM_SWC] Simple Wire Connection
/MasterClass/M143010027_ALU/Hws/HW1/gate_level/FLP_adder/Between/round1/timing.sdf, 2517
module: OAI221D1BWP16P90LVT, "instance: testbench.test_module.U926"
  SDF Warning: The path from U926.ZN to add_60.U65.A1 doesn't have a simple 
  wire connection, delay will still be annotated.


Warning-[SDFCOM_SWC] Simple Wire Connection
/MasterClass/M143010027_ALU/Hws/HW1/gate_level/FLP_adder/Between/round1/timing.sdf, 2518
module: MUX2D1BWP16P90LVT, "instance: testbench.test_module.U821"
  SDF Warning: The path from U821.Z to add_60.U65.A2 doesn't have a simple 
  wire connection, delay will still be annotated.


Warning-[SDFCOM_SWC] Simple Wire Connection
/MasterClass/M143010027_ALU/Hws/HW1/gate_level/FLP_adder/Between/round1/timing.sdf, 2521
module: MUX2D1BWP16P90LVT, "instance: testbench.test_module.U820"
  SDF Warning: The path from U820.Z to add_60.U59.A1 doesn't have a simple 
  wire connection, delay will still be annotated.


Warning-[SDFCOM_SWC] Simple Wire Connection
/MasterClass/M143010027_ALU/Hws/HW1/gate_level/FLP_adder/Between/round1/timing.sdf, 2522
module: OAI221D1BWP16P90LVT, "instance: testbench.test_module.U921"
  SDF Warning: The path from U921.ZN to add_60.U59.A2 doesn't have a simple 
  wire connection, delay will still be annotated.


Warning-[SDFCOM_SWC] Simple Wire Connection
/MasterClass/M143010027_ALU/Hws/HW1/gate_level/FLP_adder/Between/round1/timing.sdf, 2525
module: MUX2D1BWP16P90LVT, "instance: testbench.test_module.U819"
  SDF Warning: The path from U819.Z to add_60.U51.A1 doesn't have a simple 
  wire connection, delay will still be annotated.


Warning-[SDFCOM_SWC] Simple Wire Connection
/MasterClass/M143010027_ALU/Hws/HW1/gate_level/FLP_adder/Between/round1/timing.sdf, 2526
module: OAI221D1BWP16P90LVT, "instance: testbench.test_module.U916"
  SDF Warning: The path from U916.ZN to add_60.U51.A2 doesn't have a simple 
  wire connection, delay will still be annotated.


Warning-[SDFCOM_SWC] Simple Wire Connection
/MasterClass/M143010027_ALU/Hws/HW1/gate_level/FLP_adder/Between/round1/timing.sdf, 2529
module: MUX2D1BWP16P90LVT, "instance: testbench.test_module.U818"
  SDF Warning: The path from U818.Z to add_60.U45.A1 doesn't have a simple 
  wire connection, delay will still be annotated.


Warning-[SDFCOM_SWC] Simple Wire Connection
/MasterClass/M143010027_ALU/Hws/HW1/gate_level/FLP_adder/Between/round1/timing.sdf, 2530
module: OAI221D1BWP16P90LVT, "instance: testbench.test_module.U911"
  SDF Warning: The path from U911.ZN to add_60.U45.A2 doesn't have a simple 
  wire connection, delay will still be annotated.


Warning-[SDFCOM_SWC] Simple Wire Connection
/MasterClass/M143010027_ALU/Hws/HW1/gate_level/FLP_adder/Between/round1/timing.sdf, 2533
module: MUX2D1BWP16P90LVT, "instance: testbench.test_module.U817"
  SDF Warning: The path from U817.Z to add_60.U37.A1 doesn't have a simple 
  wire connection, delay will still be annotated.


Warning-[SDFCOM_SWC] Simple Wire Connection
/MasterClass/M143010027_ALU/Hws/HW1/gate_level/FLP_adder/Between/round1/timing.sdf, 2534
module: OAI221D1BWP16P90LVT, "instance: testbench.test_module.U906"
  SDF Warning: The path from U906.ZN to add_60.U37.A2 doesn't have a simple 
  wire connection, delay will still be annotated.


Warning-[SDFCOM_SWC] Simple Wire Connection
/MasterClass/M143010027_ALU/Hws/HW1/gate_level/FLP_adder/Between/round1/timing.sdf, 2537
module: MUX2D1BWP16P90LVT, "instance: testbench.test_module.U816"
  SDF Warning: The path from U816.Z to add_60.U31.A1 doesn't have a simple 
  wire connection, delay will still be annotated.


Warning-[SDFCOM_SWC] Simple Wire Connection
/MasterClass/M143010027_ALU/Hws/HW1/gate_level/FLP_adder/Between/round1/timing.sdf, 2538
module: OAI221D1BWP16P90LVT, "instance: testbench.test_module.U901"
  SDF Warning: The path from U901.ZN to add_60.U31.A2 doesn't have a simple 
  wire connection, delay will still be annotated.


Warning-[SDFCOM_SWC] Simple Wire Connection
/MasterClass/M143010027_ALU/Hws/HW1/gate_level/FLP_adder/Between/round1/timing.sdf, 2541
module: MUX2D1BWP16P90LVT, "instance: testbench.test_module.U815"
  SDF Warning: The path from U815.Z to add_60.U23.A1 doesn't have a simple 
  wire connection, delay will still be annotated.


Warning-[SDFCOM_SWC] Simple Wire Connection
/MasterClass/M143010027_ALU/Hws/HW1/gate_level/FLP_adder/Between/round1/timing.sdf, 2542
module: OAI21D1BWP16P90LVT, "instance: testbench.test_module.U896"
  SDF Warning: The path from U896.ZN to add_60.U23.A2 doesn't have a simple 
  wire connection, delay will still be annotated.


Warning-[SDFCOM_SWC] Simple Wire Connection
/MasterClass/M143010027_ALU/Hws/HW1/gate_level/FLP_adder/Between/round1/timing.sdf, 2545
module: MUX2D1BWP16P90LVT, "instance: testbench.test_module.U814"
  SDF Warning: The path from U814.Z to add_60.U17.A1 doesn't have a simple 
  wire connection, delay will still be annotated.


Warning-[SDFCOM_SWC] Simple Wire Connection
/MasterClass/M143010027_ALU/Hws/HW1/gate_level/FLP_adder/Between/round1/timing.sdf, 2546
module: OAI21D1BWP16P90LVT, "instance: testbench.test_module.U891"
  SDF Warning: The path from U891.ZN to add_60.U17.A2 doesn't have a simple 
  wire connection, delay will still be annotated.


Warning-[SDFCOM_SWC] Simple Wire Connection
/MasterClass/M143010027_ALU/Hws/HW1/gate_level/FLP_adder/Between/round1/timing.sdf, 2639
module: MUX2ND2BWP16P90LVT, "instance: testbench.test_module.U705"
  SDF Warning: The path from U705.ZN to sub_56.U192.A1 doesn't have a simple 
  wire connection, delay will still be annotated.


Warning-[SDFCOM_SWC] Simple Wire Connection
/MasterClass/M143010027_ALU/Hws/HW1/gate_level/FLP_adder/Between/round1/timing.sdf, 2642
module: MUX2ND2BWP16P90LVT, "instance: testbench.test_module.U711"
  SDF Warning: The path from U711.ZN to sub_56.U191.A2 doesn't have a simple 
  wire connection, delay will still be annotated.


Warning-[SDFCOM_SWC] Simple Wire Connection
/MasterClass/M143010027_ALU/Hws/HW1/gate_level/FLP_adder/Between/round1/timing.sdf, 2644
module: MUX2ND2BWP16P90LVT, "instance: testbench.test_module.U706"
  SDF Warning: The path from U706.ZN to sub_56.U190.A2 doesn't have a simple 
  wire connection, delay will still be annotated.


Warning-[SDFCOM_SWC] Simple Wire Connection
/MasterClass/M143010027_ALU/Hws/HW1/gate_level/FLP_adder/Between/round1/timing.sdf, 2646
module: MUX2ND2BWP16P90LVT, "instance: testbench.test_module.U712"
  SDF Warning: The path from U712.ZN to sub_56.U189.A2 doesn't have a simple 
  wire connection, delay will still be annotated.


Warning-[SDFCOM_SWC] Simple Wire Connection
/MasterClass/M143010027_ALU/Hws/HW1/gate_level/FLP_adder/Between/round1/timing.sdf, 2650
module: MUX2ND2BWP16P90LVT, "instance: testbench.test_module.U713"
  SDF Warning: The path from U713.ZN to sub_56.U187.A2 doesn't have a simple 
  wire connection, delay will still be annotated.


Warning-[SDFCOM_SWC] Simple Wire Connection
/MasterClass/M143010027_ALU/Hws/HW1/gate_level/FLP_adder/Between/round1/timing.sdf, 2652
module: MUX2ND2BWP16P90LVT, "instance: testbench.test_module.U706"
  SDF Warning: The path from U706.ZN to sub_56.U186.A2 doesn't have a simple 
  wire connection, delay will still be annotated.


Warning-[SDFCOM_SWC] Simple Wire Connection
/MasterClass/M143010027_ALU/Hws/HW1/gate_level/FLP_adder/Between/round1/timing.sdf, 2654
module: MUX2ND2BWP16P90LVT, "instance: testbench.test_module.U708"
  SDF Warning: The path from U708.ZN to sub_56.U185.A2 doesn't have a simple 
  wire connection, delay will still be annotated.


Warning-[SDFCOM_SWC] Simple Wire Connection
/MasterClass/M143010027_ALU/Hws/HW1/gate_level/FLP_adder/Between/round1/timing.sdf, 2658
module: MUX2ND2BWP16P90LVT, "instance: testbench.test_module.U714"
  SDF Warning: The path from U714.ZN to sub_56.U183.A2 doesn't have a simple 
  wire connection, delay will still be annotated.


Warning-[SDFCOM_SWC] Simple Wire Connection
/MasterClass/M143010027_ALU/Hws/HW1/gate_level/FLP_adder/Between/round1/timing.sdf, 2660
module: MUX2ND1BWP16P90, "instance: testbench.test_module.U489"
  SDF Warning: The path from U489.ZN to sub_56.U182.A2 doesn't have a simple 
  wire connection, delay will still be annotated.


Warning-[SDFCOM_SWC] Simple Wire Connection
/MasterClass/M143010027_ALU/Hws/HW1/gate_level/FLP_adder/Between/round1/timing.sdf, 2662
module: MUX2ND2BWP16P90LVT, "instance: testbench.test_module.U707"
  SDF Warning: The path from U707.ZN to sub_56.U181.A2 doesn't have a simple 
  wire connection, delay will still be annotated.


Warning-[SDFCOM_SWC] Simple Wire Connection
/MasterClass/M143010027_ALU/Hws/HW1/gate_level/FLP_adder/Between/round1/timing.sdf, 2663
module: MUX2ND1BWP16P90, "instance: testbench.test_module.U612"
  SDF Warning: The path from U612.ZN to sub_56.U180.A1 doesn't have a simple 
  wire connection, delay will still be annotated.


Warning-[SDFCOM_SWC] Simple Wire Connection
/MasterClass/M143010027_ALU/Hws/HW1/gate_level/FLP_adder/Between/round1/timing.sdf, 2666
module: MUX2ND1BWP16P90, "instance: testbench.test_module.U608"
  SDF Warning: The path from U608.ZN to sub_56.U179.A2 doesn't have a simple 
  wire connection, delay will still be annotated.


Warning-[SDFCOM_SWC] Simple Wire Connection
/MasterClass/M143010027_ALU/Hws/HW1/gate_level/FLP_adder/Between/round1/timing.sdf, 2670
module: MUX2ND1BWP16P90, "instance: testbench.test_module.U606"
  SDF Warning: The path from U606.ZN to sub_56.U177.A2 doesn't have a simple 
  wire connection, delay will still be annotated.


Warning-[SDFCOM_SWC] Simple Wire Connection
/MasterClass/M143010027_ALU/Hws/HW1/gate_level/FLP_adder/Between/round1/timing.sdf, 2674
module: MUX2ND1BWP16P90, "instance: testbench.test_module.U607"
  SDF Warning: The path from U607.ZN to sub_56.U175.A2 doesn't have a simple 
  wire connection, delay will still be annotated.


Warning-[SDFCOM_SWC] Simple Wire Connection
/MasterClass/M143010027_ALU/Hws/HW1/gate_level/FLP_adder/Between/round1/timing.sdf, 2676
module: MUX2ND2BWP16P90LVT, "instance: testbench.test_module.U710"
  SDF Warning: The path from U710.ZN to sub_56.U174.A2 doesn't have a simple 
  wire connection, delay will still be annotated.


Warning-[SDFCOM_SWC] Simple Wire Connection
/MasterClass/M143010027_ALU/Hws/HW1/gate_level/FLP_adder/Between/round1/timing.sdf, 2678
module: MUX2ND2BWP16P90LVT, "instance: testbench.test_module.U710"
  SDF Warning: The path from U710.ZN to sub_56.U173.A2 doesn't have a simple 
  wire connection, delay will still be annotated.


Warning-[SDFCOM_SWC] Simple Wire Connection
/MasterClass/M143010027_ALU/Hws/HW1/gate_level/FLP_adder/Between/round1/timing.sdf, 2680
module: MUX2ND1BWP16P90, "instance: testbench.test_module.U605"
  SDF Warning: The path from U605.ZN to sub_56.U172.A2 doesn't have a simple 
  wire connection, delay will still be annotated.


Warning-[SDFCOM_SWC] Simple Wire Connection
/MasterClass/M143010027_ALU/Hws/HW1/gate_level/FLP_adder/Between/round1/timing.sdf, 2683
module: MUX2ND2BWP16P90LVT, "instance: testbench.test_module.U715"
  SDF Warning: The path from U715.ZN to sub_56.U170.A2 doesn't have a simple 
  wire connection, delay will still be annotated.


Warning-[SDFCOM_SWC] Simple Wire Connection
/MasterClass/M143010027_ALU/Hws/HW1/gate_level/FLP_adder/Between/round1/timing.sdf, 2685
module: MUX2ND2BWP16P90LVT, "instance: testbench.test_module.U715"
  SDF Warning: The path from U715.ZN to sub_56.U169.A2 doesn't have a simple 
  wire connection, delay will still be annotated.


Warning-[SDFCOM_SWC] Simple Wire Connection
/MasterClass/M143010027_ALU/Hws/HW1/gate_level/FLP_adder/Between/round1/timing.sdf, 2687
module: MUX2ND2BWP16P90LVT, "instance: testbench.test_module.U716"
  SDF Warning: The path from U716.ZN to sub_56.U168.A2 doesn't have a simple 
  wire connection, delay will still be annotated.


Warning-[SDFCOM_SWC] Simple Wire Connection
/MasterClass/M143010027_ALU/Hws/HW1/gate_level/FLP_adder/Between/round1/timing.sdf, 2688
module: MUX2ND1BWP16P90, "instance: testbench.test_module.U608"
  SDF Warning: The path from U608.ZN to sub_56.U167.I doesn't have a simple 
  wire connection, delay will still be annotated.


Warning-[SDFCOM_SWC] Simple Wire Connection
/MasterClass/M143010027_ALU/Hws/HW1/gate_level/FLP_adder/Between/round1/timing.sdf, 2689
module: MUX2ND1BWP16P90, "instance: testbench.test_module.U610"
  SDF Warning: The path from U610.ZN to sub_56.U166.I doesn't have a simple 
  wire connection, delay will still be annotated.


Warning-[SDFCOM_SWC] Simple Wire Connection
/MasterClass/M143010027_ALU/Hws/HW1/gate_level/FLP_adder/Between/round1/timing.sdf, 2690
module: MUX2ND1BWP16P90, "instance: testbench.test_module.U611"
  SDF Warning: The path from U611.ZN to sub_56.U165.I doesn't have a simple 
  wire connection, delay will still be annotated.


Warning-[SDFCOM_SWC] Simple Wire Connection
/MasterClass/M143010027_ALU/Hws/HW1/gate_level/FLP_adder/Between/round1/timing.sdf, 2693
module: MUX2ND1BWP16P90, "instance: testbench.test_module.U609"
  SDF Warning: The path from U609.ZN to sub_56.U163.I doesn't have a simple 
  wire connection, delay will still be annotated.


Warning-[SDFCOM_SWC] Simple Wire Connection
/MasterClass/M143010027_ALU/Hws/HW1/gate_level/FLP_adder/Between/round1/timing.sdf, 2695
module: MUX2ND2BWP16P90LVT, "instance: testbench.test_module.U709"
  SDF Warning: The path from U709.ZN to sub_56.U162.A2 doesn't have a simple 
  wire connection, delay will still be annotated.


Warning-[SDFCOM_SWC] Simple Wire Connection
/MasterClass/M143010027_ALU/Hws/HW1/gate_level/FLP_adder/Between/round1/timing.sdf, 2697
module: MUX2ND1BWP16P90, "instance: testbench.test_module.U612"
  SDF Warning: The path from U612.ZN to sub_56.U161.A2 doesn't have a simple 
  wire connection, delay will still be annotated.


Warning-[SDFCOM_SWC] Simple Wire Connection
/MasterClass/M143010027_ALU/Hws/HW1/gate_level/FLP_adder/Between/round1/timing.sdf, 2699
module: MUX2ND1BWP16P90, "instance: testbench.test_module.U613"
  SDF Warning: The path from U613.ZN to sub_56.U160.A2 doesn't have a simple 
  wire connection, delay will still be annotated.


Warning-[SDFCOM_SWC] Simple Wire Connection
/MasterClass/M143010027_ALU/Hws/HW1/gate_level/FLP_adder/Between/round1/timing.sdf, 2702
module: MUX2ND1BWP16P90, "instance: testbench.test_module.U610"
  SDF Warning: The path from U610.ZN to sub_56.U158.A2 doesn't have a simple 
  wire connection, delay will still be annotated.


Warning-[SDFCOM_SWC] Simple Wire Connection
/MasterClass/M143010027_ALU/Hws/HW1/gate_level/FLP_adder/Between/round1/timing.sdf, 2704
module: MUX2ND1BWP16P90, "instance: testbench.test_module.U612"
  SDF Warning: The path from U612.ZN to sub_56.U157.A2 doesn't have a simple 
  wire connection, delay will still be annotated.


Warning-[SDFCOM_SWC] Simple Wire Connection
/MasterClass/M143010027_ALU/Hws/HW1/gate_level/FLP_adder/Between/round1/timing.sdf, 2706
module: MUX2ND1BWP16P90, "instance: testbench.test_module.U610"
  SDF Warning: The path from U610.ZN to sub_56.U156.A2 doesn't have a simple 
  wire connection, delay will still be annotated.


Warning-[SDFCOM_SWC] Simple Wire Connection
/MasterClass/M143010027_ALU/Hws/HW1/gate_level/FLP_adder/Between/round1/timing.sdf, 2708
module: MUX2ND1BWP16P90, "instance: testbench.test_module.U611"
  SDF Warning: The path from U611.ZN to sub_56.U155.A2 doesn't have a simple 
  wire connection, delay will still be annotated.


Warning-[SDFCOM_SWC] Simple Wire Connection
/MasterClass/M143010027_ALU/Hws/HW1/gate_level/FLP_adder/Between/round1/timing.sdf, 2710
module: MUX2ND1BWP16P90, "instance: testbench.test_module.U609"
  SDF Warning: The path from U609.ZN to sub_56.U154.A2 doesn't have a simple 
  wire connection, delay will still be annotated.


Warning-[SDFCOM_SWC] Simple Wire Connection
/MasterClass/M143010027_ALU/Hws/HW1/gate_level/FLP_adder/Between/round1/timing.sdf, 2711
module: MUX2ND1BWP16P90, "instance: testbench.test_module.U607"
  SDF Warning: The path from U607.ZN to sub_56.U153.I doesn't have a simple 
  wire connection, delay will still be annotated.


Warning-[SDFCOM_SWC] Simple Wire Connection
/MasterClass/M143010027_ALU/Hws/HW1/gate_level/FLP_adder/Between/round1/timing.sdf, 2712
module: MUX2ND1BWP16P90, "instance: testbench.test_module.U606"
  SDF Warning: The path from U606.ZN to sub_56.U152.I doesn't have a simple 
  wire connection, delay will still be annotated.


Warning-[SDFCOM_SWC] Simple Wire Connection
/MasterClass/M143010027_ALU/Hws/HW1/gate_level/FLP_adder/Between/round1/timing.sdf, 2713
module: MUX2ND2BWP16P90LVT, "instance: testbench.test_module.U713"
  SDF Warning: The path from U713.ZN to sub_56.U151.I doesn't have a simple 
  wire connection, delay will still be annotated.


Warning-[SDFCOM_SWC] Simple Wire Connection
/MasterClass/M143010027_ALU/Hws/HW1/gate_level/FLP_adder/Between/round1/timing.sdf, 2714
module: MUX2ND2BWP16P90LVT, "instance: testbench.test_module.U711"
  SDF Warning: The path from U711.ZN to sub_56.U150.I doesn't have a simple 
  wire connection, delay will still be annotated.


Warning-[SDFCOM_SWC] Simple Wire Connection
/MasterClass/M143010027_ALU/Hws/HW1/gate_level/FLP_adder/Between/round1/timing.sdf, 2715
module: MUX2ND2BWP16P90LVT, "instance: testbench.test_module.U710"
  SDF Warning: The path from U710.ZN to sub_56.U149.A1 doesn't have a simple 
  wire connection, delay will still be annotated.


Warning-[SDFCOM_SWC] Simple Wire Connection
/MasterClass/M143010027_ALU/Hws/HW1/gate_level/FLP_adder/Between/round1/timing.sdf, 2717
module: MUX2ND2BWP16P90LVT, "instance: testbench.test_module.U707"
  SDF Warning: The path from U707.ZN to sub_56.U148.I doesn't have a simple 
  wire connection, delay will still be annotated.


Warning-[SDFCOM_SWC] Simple Wire Connection
/MasterClass/M143010027_ALU/Hws/HW1/gate_level/FLP_adder/Between/round1/timing.sdf, 2718
module: MUX2ND2BWP16P90LVT, "instance: testbench.test_module.U715"
  SDF Warning: The path from U715.ZN to sub_56.U147.I doesn't have a simple 
  wire connection, delay will still be annotated.


Warning-[SDFCOM_SWC] Simple Wire Connection
/MasterClass/M143010027_ALU/Hws/HW1/gate_level/FLP_adder/Between/round1/timing.sdf, 2719
module: MUX2ND2BWP16P90LVT, "instance: testbench.test_module.U716"
  SDF Warning: The path from U716.ZN to sub_56.U146.I doesn't have a simple 
  wire connection, delay will still be annotated.


Warning-[SDFCOM_SWC] Simple Wire Connection
/MasterClass/M143010027_ALU/Hws/HW1/gate_level/FLP_adder/Between/round1/timing.sdf, 2722
module: MUX2ND2BWP16P90LVT, "instance: testbench.test_module.U709"
  SDF Warning: The path from U709.ZN to sub_56.U144.I doesn't have a simple 
  wire connection, delay will still be annotated.


Warning-[SDFCOM_SWC] Simple Wire Connection
/MasterClass/M143010027_ALU/Hws/HW1/gate_level/FLP_adder/Between/round1/timing.sdf, 2723
module: MUX2ND2BWP16P90LVT, "instance: testbench.test_module.U706"
  SDF Warning: The path from U706.ZN to sub_56.U143.A1 doesn't have a simple 
  wire connection, delay will still be annotated.


Warning-[SDFCOM_SWC] Simple Wire Connection
/MasterClass/M143010027_ALU/Hws/HW1/gate_level/FLP_adder/Between/round1/timing.sdf, 2725
module: MUX2ND2BWP16P90LVT, "instance: testbench.test_module.U704"
  SDF Warning: The path from U704.ZN to sub_56.U142.I doesn't have a simple 
  wire connection, delay will still be annotated.


Warning-[SDFCOM_SWC] Simple Wire Connection
/MasterClass/M143010027_ALU/Hws/HW1/gate_level/FLP_adder/Between/round1/timing.sdf, 2726
module: MUX2ND2BWP16P90LVT, "instance: testbench.test_module.U712"
  SDF Warning: The path from U712.ZN to sub_56.U141.I doesn't have a simple 
  wire connection, delay will still be annotated.


Warning-[SDFCOM_SWC] Simple Wire Connection
/MasterClass/M143010027_ALU/Hws/HW1/gate_level/FLP_adder/Between/round1/timing.sdf, 2732
module: MUX2ND1BWP16P90, "instance: testbench.test_module.U489"
  SDF Warning: The path from U489.ZN to sub_56.U138.A2 doesn't have a simple 
  wire connection, delay will still be annotated.


Warning-[SDFCOM_SWC] Simple Wire Connection
/MasterClass/M143010027_ALU/Hws/HW1/gate_level/FLP_adder/Between/round1/timing.sdf, 2733
module: MUX2ND2BWP16P90LVT, "instance: testbench.test_module.U705"
  SDF Warning: The path from U705.ZN to sub_56.U137.A1 doesn't have a simple 
  wire connection, delay will still be annotated.


Warning-[SDFCOM_SWC] Simple Wire Connection
/MasterClass/M143010027_ALU/Hws/HW1/gate_level/FLP_adder/Between/round1/timing.sdf, 2735
module: MUX2ND2BWP16P90LVT, "instance: testbench.test_module.U714"
  SDF Warning: The path from U714.ZN to sub_56.U136.I doesn't have a simple 
  wire connection, delay will still be annotated.


Warning-[SDFCOM_SWC] Simple Wire Connection
/MasterClass/M143010027_ALU/Hws/HW1/gate_level/FLP_adder/Between/round1/timing.sdf, 2752
module: MUX2ND1BWP16P90, "instance: testbench.test_module.U613"
  SDF Warning: The path from U613.ZN to sub_56.U124.I doesn't have a simple 
  wire connection, delay will still be annotated.


Warning-[SDFCOM_SWC] Simple Wire Connection
/MasterClass/M143010027_ALU/Hws/HW1/gate_level/FLP_adder/Between/round1/timing.sdf, 2753
module: MUX2ND1BWP16P90, "instance: testbench.test_module.U605"
  SDF Warning: The path from U605.ZN to sub_56.U123.I doesn't have a simple 
  wire connection, delay will still be annotated.


Warning-[SDFCOM_SWC] Simple Wire Connection
/MasterClass/M143010027_ALU/Hws/HW1/gate_level/FLP_adder/Between/round1/timing.sdf, 2754
module: MUX2ND2BWP16P90LVT, "instance: testbench.test_module.U708"
  SDF Warning: The path from U708.ZN to sub_56.U122.I doesn't have a simple 
  wire connection, delay will still be annotated.


Warning-[SDFCOM_SWC] Simple Wire Connection
/MasterClass/M143010027_ALU/Hws/HW1/gate_level/FLP_adder/Between/round1/timing.sdf, 2806
module: ND3D1BWP16P90LVT, "instance: testbench.test_module.U1078"
  SDF Warning: The path from U1078.ZN to add_95.U211.A2 doesn't have a simple 
  wire connection, delay will still be annotated.


Warning-[SDFCOM_SWC] Simple Wire Connection
/MasterClass/M143010027_ALU/Hws/HW1/gate_level/FLP_adder/Between/round1/timing.sdf, 2808
module: ND3D1BWP16P90LVT, "instance: testbench.test_module.U1078"
  SDF Warning: The path from U1078.ZN to add_95.U210.A2 doesn't have a simple 
  wire connection, delay will still be annotated.


Warning-[SDFCOM_SWC] Simple Wire Connection
/MasterClass/M143010027_ALU/Hws/HW1/gate_level/FLP_adder/Between/round1/timing.sdf, 2814
module: INVD1BWP16P90, "instance: testbench.test_module.U482"
  SDF Warning: The path from U482.ZN to add_95.U207.A2 doesn't have a simple 
  wire connection, delay will still be annotated.


Warning-[SDFCOM_SWC] Simple Wire Connection
/MasterClass/M143010027_ALU/Hws/HW1/gate_level/FLP_adder/Between/round1/timing.sdf, 2815
module: OAI22D1BWP16P90LVT, "instance: testbench.test_module.U1160"
  SDF Warning: The path from U1160.ZN to add_95.U206.I doesn't have a simple 
  wire connection, delay will still be annotated.


Warning-[SDFCOM_SWC] Simple Wire Connection
/MasterClass/M143010027_ALU/Hws/HW1/gate_level/FLP_adder/Between/round1/timing.sdf, 2817
module: OAI22D1BWP16P90LVT, "instance: testbench.test_module.U1159"
  SDF Warning: The path from U1159.ZN to add_95.U205.A2 doesn't have a simple 
  wire connection, delay will still be annotated.


Warning-[SDFCOM_SWC] Simple Wire Connection
/MasterClass/M143010027_ALU/Hws/HW1/gate_level/FLP_adder/Between/round1/timing.sdf, 2846
module: OAI221D1BWP16P90LVT, "instance: testbench.test_module.U1145"
  SDF Warning: The path from U1145.ZN to add_95.U190.A2 doesn't have a simple 
  wire connection, delay will still be annotated.


Warning-[SDFCOM_SWC] Simple Wire Connection
/MasterClass/M143010027_ALU/Hws/HW1/gate_level/FLP_adder/Between/round1/timing.sdf, 2859
module: OAI211D1BWP16P90LVT, "instance: testbench.test_module.U1092"
  SDF Warning: The path from U1092.ZN to add_95.U183.I doesn't have a simple 
  wire connection, delay will still be annotated.


Warning-[SDFCOM_SWC] Simple Wire Connection
/MasterClass/M143010027_ALU/Hws/HW1/gate_level/FLP_adder/Between/round1/timing.sdf, 2860
module: OAI22D1BWP16P90LVT, "instance: testbench.test_module.U1158"
  SDF Warning: The path from U1158.ZN to add_95.U182.I doesn't have a simple 
  wire connection, delay will still be annotated.


Warning-[SDFCOM_SWC] Simple Wire Connection
/MasterClass/M143010027_ALU/Hws/HW1/gate_level/FLP_adder/Between/round1/timing.sdf, 2861
module: OAI21D1BWP16P90LVT, "instance: testbench.test_module.U1155"
  SDF Warning: The path from U1155.ZN to add_95.U181.I doesn't have a simple 
  wire connection, delay will still be annotated.


Warning-[SDFCOM_SWC] Simple Wire Connection
/MasterClass/M143010027_ALU/Hws/HW1/gate_level/FLP_adder/Between/round1/timing.sdf, 2862
module: OAI222D1BWP16P90LVT, "instance: testbench.test_module.U1157"
  SDF Warning: The path from U1157.ZN to add_95.U180.I doesn't have a simple 
  wire connection, delay will still be annotated.


Warning-[SDFCOM_SWC] Simple Wire Connection
/MasterClass/M143010027_ALU/Hws/HW1/gate_level/FLP_adder/Between/round1/timing.sdf, 2863
module: OAI22D1BWP16P90LVT, "instance: testbench.test_module.U1161"
  SDF Warning: The path from U1161.ZN to add_95.U179.I doesn't have a simple 
  wire connection, delay will still be annotated.


Warning-[SDFCOM_SWC] Simple Wire Connection
/MasterClass/M143010027_ALU/Hws/HW1/gate_level/FLP_adder/Between/round1/timing.sdf, 2864
module: OAI22D1BWP16P90LVT, "instance: testbench.test_module.U1156"
  SDF Warning: The path from U1156.ZN to add_95.U178.I doesn't have a simple 
  wire connection, delay will still be annotated.


Warning-[SDFCOM_SWC] Simple Wire Connection
/MasterClass/M143010027_ALU/Hws/HW1/gate_level/FLP_adder/Between/round1/timing.sdf, 2866
module: OAI211D1BWP16P90LVT, "instance: testbench.test_module.U1130"
  SDF Warning: The path from U1130.ZN to add_95.U177.A2 doesn't have a simple 
  wire connection, delay will still be annotated.


Warning-[SDFCOM_SWC] Simple Wire Connection
/MasterClass/M143010027_ALU/Hws/HW1/gate_level/FLP_adder/Between/round1/timing.sdf, 2868
module: OAI211D1BWP16P90LVT, "instance: testbench.test_module.U1137"
  SDF Warning: The path from U1137.ZN to add_95.U176.B1 doesn't have a simple 
  wire connection, delay will still be annotated.


Warning-[SDFCOM_SWC] Simple Wire Connection
/MasterClass/M143010027_ALU/Hws/HW1/gate_level/FLP_adder/Between/round1/timing.sdf, 2870
module: OAI211D1BWP16P90LVT, "instance: testbench.test_module.U1140"
  SDF Warning: The path from U1140.ZN to add_95.U175.A2 doesn't have a simple 
  wire connection, delay will still be annotated.


Warning-[SDFCOM_SWC] Simple Wire Connection
/MasterClass/M143010027_ALU/Hws/HW1/gate_level/FLP_adder/Between/round1/timing.sdf, 2872
module: OAI211D1BWP16P90LVT, "instance: testbench.test_module.U1137"
  SDF Warning: The path from U1137.ZN to add_95.U174.A2 doesn't have a simple 
  wire connection, delay will still be annotated.


Warning-[SDFCOM_SWC] Simple Wire Connection
/MasterClass/M143010027_ALU/Hws/HW1/gate_level/FLP_adder/Between/round1/timing.sdf, 2874
module: OAI211D1BWP16P90LVT, "instance: testbench.test_module.U1122"
  SDF Warning: The path from U1122.ZN to add_95.U173.A2 doesn't have a simple 
  wire connection, delay will still be annotated.


Warning-[SDFCOM_SWC] Simple Wire Connection
/MasterClass/M143010027_ALU/Hws/HW1/gate_level/FLP_adder/Between/round1/timing.sdf, 2876
module: OAI211D1BWP16P90LVT, "instance: testbench.test_module.U1122"
  SDF Warning: The path from U1122.ZN to add_95.U172.A2 doesn't have a simple 
  wire connection, delay will still be annotated.


Warning-[SDFCOM_SWC] Simple Wire Connection
/MasterClass/M143010027_ALU/Hws/HW1/gate_level/FLP_adder/Between/round1/timing.sdf, 2878
module: OAI211D1BWP16P90LVT, "instance: testbench.test_module.U1108"
  SDF Warning: The path from U1108.ZN to add_95.U171.A2 doesn't have a simple 
  wire connection, delay will still be annotated.


Warning-[SDFCOM_SWC] Simple Wire Connection
/MasterClass/M143010027_ALU/Hws/HW1/gate_level/FLP_adder/Between/round1/timing.sdf, 2882
module: OAI22D1BWP16P90, "instance: testbench.test_module.U426"
  SDF Warning: The path from U426.ZN to add_95.U168.I doesn't have a simple 
  wire connection, delay will still be annotated.


Warning-[SDFCOM_SWC] Simple Wire Connection
/MasterClass/M143010027_ALU/Hws/HW1/gate_level/FLP_adder/Between/round1/timing.sdf, 2883
module: OAI22D1BWP16P90, "instance: testbench.test_module.U427"
  SDF Warning: The path from U427.ZN to add_95.U167.A1 doesn't have a simple 
  wire connection, delay will still be annotated.


Warning-[SDFCOM_SWC] Simple Wire Connection
/MasterClass/M143010027_ALU/Hws/HW1/gate_level/FLP_adder/Between/round1/timing.sdf, 2884
module: OAI22D1BWP16P90, "instance: testbench.test_module.U426"
  SDF Warning: The path from U426.ZN to add_95.U167.A2 doesn't have a simple 
  wire connection, delay will still be annotated.


Warning-[SDFCOM_SWC] Simple Wire Connection
/MasterClass/M143010027_ALU/Hws/HW1/gate_level/FLP_adder/Between/round1/timing.sdf, 2886
module: OAI222D1BWP16P90LVT, "instance: testbench.test_module.U1152"
  SDF Warning: The path from U1152.ZN to add_95.U166.A2 doesn't have a simple 
  wire connection, delay will still be annotated.


Warning-[SDFCOM_SWC] Simple Wire Connection
/MasterClass/M143010027_ALU/Hws/HW1/gate_level/FLP_adder/Between/round1/timing.sdf, 2888
module: OAI221D1BWP16P90LVT, "instance: testbench.test_module.U1150"
  SDF Warning: The path from U1150.ZN to add_95.U165.A2 doesn't have a simple 
  wire connection, delay will still be annotated.


Warning-[SDFCOM_SWC] Simple Wire Connection
/MasterClass/M143010027_ALU/Hws/HW1/gate_level/FLP_adder/Between/round1/timing.sdf, 2890
module: OAI221D1BWP16P90LVT, "instance: testbench.test_module.U1149"
  SDF Warning: The path from U1149.ZN to add_95.U164.A2 doesn't have a simple 
  wire connection, delay will still be annotated.


Warning-[SDFCOM_SWC] Simple Wire Connection
/MasterClass/M143010027_ALU/Hws/HW1/gate_level/FLP_adder/Between/round1/timing.sdf, 2894
module: OAI221D1BWP16P90LVT, "instance: testbench.test_module.U1149"
  SDF Warning: The path from U1149.ZN to add_95.U162.A2 doesn't have a simple 
  wire connection, delay will still be annotated.


Warning-[SDFCOM_SWC] Simple Wire Connection
/MasterClass/M143010027_ALU/Hws/HW1/gate_level/FLP_adder/Between/round1/timing.sdf, 2896
module: OAI221D1BWP16P90LVT, "instance: testbench.test_module.U1148"
  SDF Warning: The path from U1148.ZN to add_95.U161.A2 doesn't have a simple 
  wire connection, delay will still be annotated.


Warning-[SDFCOM_SWC] Simple Wire Connection
/MasterClass/M143010027_ALU/Hws/HW1/gate_level/FLP_adder/Between/round1/timing.sdf, 2901
module: OAI221D1BWP16P90LVT, "instance: testbench.test_module.U1151"
  SDF Warning: The path from U1151.ZN to add_95.U158.B1 doesn't have a simple 
  wire connection, delay will still be annotated.


Warning-[SDFCOM_SWC] Simple Wire Connection
/MasterClass/M143010027_ALU/Hws/HW1/gate_level/FLP_adder/Between/round1/timing.sdf, 2903
module: OAI221D1BWP16P90LVT, "instance: testbench.test_module.U1151"
  SDF Warning: The path from U1151.ZN to add_95.U157.A2 doesn't have a simple 
  wire connection, delay will still be annotated.


Warning-[SDFCOM_SWC] Simple Wire Connection
/MasterClass/M143010027_ALU/Hws/HW1/gate_level/FLP_adder/Between/round1/timing.sdf, 2912
module: OAI221D1BWP16P90LVT, "instance: testbench.test_module.U1143"
  SDF Warning: The path from U1143.ZN to add_95.U150.I doesn't have a simple 
  wire connection, delay will still be annotated.


Warning-[SDFCOM_SWC] Simple Wire Connection
/MasterClass/M143010027_ALU/Hws/HW1/gate_level/FLP_adder/Between/round1/timing.sdf, 2913
module: OAI221D1BWP16P90LVT, "instance: testbench.test_module.U1147"
  SDF Warning: The path from U1147.ZN to add_95.U149.I doesn't have a simple 
  wire connection, delay will still be annotated.


Warning-[SDFCOM_SWC] Simple Wire Connection
/MasterClass/M143010027_ALU/Hws/HW1/gate_level/FLP_adder/Between/round1/timing.sdf, 2921
module: OAI22D1BWP16P90, "instance: testbench.test_module.U427"
  SDF Warning: The path from U427.ZN to add_95.U136.A1 doesn't have a simple 
  wire connection, delay will still be annotated.


Warning-[SDFCOM_SWC] Simple Wire Connection
/MasterClass/M143010027_ALU/Hws/HW1/gate_level/FLP_adder/Between/round1/timing.sdf, 2922
module: OAI22D1BWP16P90, "instance: testbench.test_module.U426"
  SDF Warning: The path from U426.ZN to add_95.U136.A2 doesn't have a simple 
  wire connection, delay will still be annotated.


Warning-[SDFCOM_SWC] Simple Wire Connection
/MasterClass/M143010027_ALU/Hws/HW1/gate_level/FLP_adder/Between/round1/timing.sdf, 2924
module: OAI22D1BWP16P90LVT, "instance: testbench.test_module.U1161"
  SDF Warning: The path from U1161.ZN to add_95.U129.A2 doesn't have a simple 
  wire connection, delay will still be annotated.


Warning-[SDFCOM_SWC] Simple Wire Connection
/MasterClass/M143010027_ALU/Hws/HW1/gate_level/FLP_adder/Between/round1/timing.sdf, 2927
module: OAI22D1BWP16P90LVT, "instance: testbench.test_module.U1159"
  SDF Warning: The path from U1159.ZN to add_95.U119.A1 doesn't have a simple 
  wire connection, delay will still be annotated.


Warning-[SDFCOM_SWC] Simple Wire Connection
/MasterClass/M143010027_ALU/Hws/HW1/gate_level/FLP_adder/Between/round1/timing.sdf, 2928
module: OAI22D1BWP16P90LVT, "instance: testbench.test_module.U1160"
  SDF Warning: The path from U1160.ZN to add_95.U119.A2 doesn't have a simple 
  wire connection, delay will still be annotated.


Warning-[SDFCOM_SWC] Simple Wire Connection
/MasterClass/M143010027_ALU/Hws/HW1/gate_level/FLP_adder/Between/round1/timing.sdf, 2935
module: OAI222D1BWP16P90LVT, "instance: testbench.test_module.U1152"
  SDF Warning: The path from U1152.ZN to add_95.U93.A1 doesn't have a simple 
  wire connection, delay will still be annotated.


Warning-[SDFCOM_SWC] Simple Wire Connection
/MasterClass/M143010027_ALU/Hws/HW1/gate_level/FLP_adder/Between/round1/timing.sdf, 2937
module: OAI221D1BWP16P90LVT, "instance: testbench.test_module.U1151"
  SDF Warning: The path from U1151.ZN to add_95.U81.A1 doesn't have a simple 
  wire connection, delay will still be annotated.


Warning-[SDFCOM_SWC] Simple Wire Connection
/MasterClass/M143010027_ALU/Hws/HW1/gate_level/FLP_adder/Between/round1/timing.sdf, 2938
module: OAI221D1BWP16P90LVT, "instance: testbench.test_module.U1150"
  SDF Warning: The path from U1150.ZN to add_95.U81.A2 doesn't have a simple 
  wire connection, delay will still be annotated.


Warning-[SDFCOM_SWC] Simple Wire Connection
/MasterClass/M143010027_ALU/Hws/HW1/gate_level/FLP_adder/Between/round1/timing.sdf, 2941
module: OAI221D1BWP16P90LVT, "instance: testbench.test_module.U1149"
  SDF Warning: The path from U1149.ZN to add_95.U70.A1 doesn't have a simple 
  wire connection, delay will still be annotated.


Warning-[SDFCOM_SWC] Simple Wire Connection
/MasterClass/M143010027_ALU/Hws/HW1/gate_level/FLP_adder/Between/round1/timing.sdf, 2942
module: OAI221D1BWP16P90LVT, "instance: testbench.test_module.U1148"
  SDF Warning: The path from U1148.ZN to add_95.U70.A2 doesn't have a simple 
  wire connection, delay will still be annotated.


Warning-[SDFCOM_SWC] Simple Wire Connection
/MasterClass/M143010027_ALU/Hws/HW1/gate_level/FLP_adder/Between/round1/timing.sdf, 2947
module: OAI221D1BWP16P90LVT, "instance: testbench.test_module.U1145"
  SDF Warning: The path from U1145.ZN to add_95.U56.A1 doesn't have a simple 
  wire connection, delay will still be annotated.


Warning-[SDFCOM_SWC] Simple Wire Connection
/MasterClass/M143010027_ALU/Hws/HW1/gate_level/FLP_adder/Between/round1/timing.sdf, 2948
module: OAI221D1BWP16P90LVT, "instance: testbench.test_module.U1147"
  SDF Warning: The path from U1147.ZN to add_95.U56.A2 doesn't have a simple 
  wire connection, delay will still be annotated.


Warning-[SDFCOM_SWC] Simple Wire Connection
/MasterClass/M143010027_ALU/Hws/HW1/gate_level/FLP_adder/Between/round1/timing.sdf, 2951
module: OAI211D1BWP16P90LVT, "instance: testbench.test_module.U1140"
  SDF Warning: The path from U1140.ZN to add_95.U42.A1 doesn't have a simple 
  wire connection, delay will still be annotated.


Warning-[SDFCOM_SWC] Simple Wire Connection
/MasterClass/M143010027_ALU/Hws/HW1/gate_level/FLP_adder/Between/round1/timing.sdf, 2952
module: OAI221D1BWP16P90LVT, "instance: testbench.test_module.U1143"
  SDF Warning: The path from U1143.ZN to add_95.U42.A2 doesn't have a simple 
  wire connection, delay will still be annotated.


Warning-[SDFCOM_SWC] Simple Wire Connection
/MasterClass/M143010027_ALU/Hws/HW1/gate_level/FLP_adder/Between/round1/timing.sdf, 2957
module: OAI211D1BWP16P90LVT, "instance: testbench.test_module.U1137"
  SDF Warning: The path from U1137.ZN to add_95.U28.A1 doesn't have a simple 
  wire connection, delay will still be annotated.


Warning-[SDFCOM_SWC] Simple Wire Connection
/MasterClass/M143010027_ALU/Hws/HW1/gate_level/FLP_adder/Between/round1/timing.sdf, 2958
module: OAI211D1BWP16P90LVT, "instance: testbench.test_module.U1130"
  SDF Warning: The path from U1130.ZN to add_95.U28.A2 doesn't have a simple 
  wire connection, delay will still be annotated.


Warning-[SDFCOM_SWC] Simple Wire Connection
/MasterClass/M143010027_ALU/Hws/HW1/gate_level/FLP_adder/Between/round1/timing.sdf, 2961
module: OAI211D1BWP16P90LVT, "instance: testbench.test_module.U1122"
  SDF Warning: The path from U1122.ZN to add_95.U17.A1 doesn't have a simple 
  wire connection, delay will still be annotated.


Warning-[SDFCOM_SWC] Simple Wire Connection
/MasterClass/M143010027_ALU/Hws/HW1/gate_level/FLP_adder/Between/round1/timing.sdf, 2962
module: OAI211D1BWP16P90LVT, "instance: testbench.test_module.U1108"
  SDF Warning: The path from U1108.ZN to add_95.U17.A2 doesn't have a simple 
  wire connection, delay will still be annotated.


Warning-[SDFCOM_SWC] Simple Wire Connection
/MasterClass/M143010027_ALU/Hws/HW1/gate_level/FLP_adder/Between/round1/timing.sdf, 2994
module: MUX2ND2BWP16P90LVT, "instance: testbench.test_module.U739"
  SDF Warning: The path from U739.ZN to sub_55.U67.I doesn't have a simple 
  wire connection, delay will still be annotated.


Warning-[SDFCOM_SWC] Simple Wire Connection
/MasterClass/M143010027_ALU/Hws/HW1/gate_level/FLP_adder/Between/round1/timing.sdf, 2995
module: MUX2ND2BWP16P90LVT, "instance: testbench.test_module.U738"
  SDF Warning: The path from U738.ZN to sub_55.U66.I doesn't have a simple 
  wire connection, delay will still be annotated.


Warning-[SDFCOM_SWC] Simple Wire Connection
/MasterClass/M143010027_ALU/Hws/HW1/gate_level/FLP_adder/Between/round1/timing.sdf, 2996
module: MUX2ND2BWP16P90LVT, "instance: testbench.test_module.U737"
  SDF Warning: The path from U737.ZN to sub_55.U65.I doesn't have a simple 
  wire connection, delay will still be annotated.


Warning-[SDFCOM_SWC] Simple Wire Connection
/MasterClass/M143010027_ALU/Hws/HW1/gate_level/FLP_adder/Between/round1/timing.sdf, 2997
module: MUX2ND2BWP16P90LVT, "instance: testbench.test_module.U736"
  SDF Warning: The path from U736.ZN to sub_55.U64.I doesn't have a simple 
  wire connection, delay will still be annotated.


Warning-[SDFCOM_SWC] Simple Wire Connection
/MasterClass/M143010027_ALU/Hws/HW1/gate_level/FLP_adder/Between/round1/timing.sdf, 2998
module: MUX2ND2BWP16P90LVT, "instance: testbench.test_module.U735"
  SDF Warning: The path from U735.ZN to sub_55.U63.I doesn't have a simple 
  wire connection, delay will still be annotated.


Warning-[SDFCOM_SWC] Simple Wire Connection
/MasterClass/M143010027_ALU/Hws/HW1/gate_level/FLP_adder/Between/round1/timing.sdf, 2999
module: MUX2ND2BWP16P90LVT, "instance: testbench.test_module.U734"
  SDF Warning: The path from U734.ZN to sub_55.U62.I doesn't have a simple 
  wire connection, delay will still be annotated.


Warning-[SDFCOM_SWC] Simple Wire Connection
/MasterClass/M143010027_ALU/Hws/HW1/gate_level/FLP_adder/Between/round1/timing.sdf, 3000
module: MUX2ND2BWP16P90LVT, "instance: testbench.test_module.U733"
  SDF Warning: The path from U733.ZN to sub_55.U61.I doesn't have a simple 
  wire connection, delay will still be annotated.


Warning-[SDFCOM_SWC] Simple Wire Connection
/MasterClass/M143010027_ALU/Hws/HW1/gate_level/FLP_adder/Between/round1/timing.sdf, 3001
module: MUX2ND2BWP16P90LVT, "instance: testbench.test_module.U732"
  SDF Warning: The path from U732.ZN to sub_55.U60.I doesn't have a simple 
  wire connection, delay will still be annotated.


Warning-[SDFCOM_SWC] Simple Wire Connection
/MasterClass/M143010027_ALU/Hws/HW1/gate_level/FLP_adder/Between/round1/timing.sdf, 3002
module: MUX2ND2BWP16P90LVT, "instance: testbench.test_module.U731"
  SDF Warning: The path from U731.ZN to sub_55.U59.I doesn't have a simple 
  wire connection, delay will still be annotated.


Warning-[SDFCOM_SWC] Simple Wire Connection
/MasterClass/M143010027_ALU/Hws/HW1/gate_level/FLP_adder/Between/round1/timing.sdf, 3003
module: MUX2ND2BWP16P90LVT, "instance: testbench.test_module.U730"
  SDF Warning: The path from U730.ZN to sub_55.U58.I doesn't have a simple 
  wire connection, delay will still be annotated.


Warning-[SDFCOM_SWC] Simple Wire Connection
/MasterClass/M143010027_ALU/Hws/HW1/gate_level/FLP_adder/Between/round1/timing.sdf, 3004
module: MUX2ND2BWP16P90LVT, "instance: testbench.test_module.U729"
  SDF Warning: The path from U729.ZN to sub_55.U57.I doesn't have a simple 
  wire connection, delay will still be annotated.


Warning-[SDFCOM_SWC] Simple Wire Connection
/MasterClass/M143010027_ALU/Hws/HW1/gate_level/FLP_adder/Between/round1/timing.sdf, 3005
module: MUX2ND2BWP16P90LVT, "instance: testbench.test_module.U728"
  SDF Warning: The path from U728.ZN to sub_55.U56.I doesn't have a simple 
  wire connection, delay will still be annotated.


Warning-[SDFCOM_SWC] Simple Wire Connection
/MasterClass/M143010027_ALU/Hws/HW1/gate_level/FLP_adder/Between/round1/timing.sdf, 3006
module: MUX2ND2BWP16P90LVT, "instance: testbench.test_module.U727"
  SDF Warning: The path from U727.ZN to sub_55.U55.I doesn't have a simple 
  wire connection, delay will still be annotated.


Warning-[SDFCOM_SWC] Simple Wire Connection
/MasterClass/M143010027_ALU/Hws/HW1/gate_level/FLP_adder/Between/round1/timing.sdf, 3007
module: MUX2ND2BWP16P90LVT, "instance: testbench.test_module.U726"
  SDF Warning: The path from U726.ZN to sub_55.U54.I doesn't have a simple 
  wire connection, delay will still be annotated.


Warning-[SDFCOM_SWC] Simple Wire Connection
/MasterClass/M143010027_ALU/Hws/HW1/gate_level/FLP_adder/Between/round1/timing.sdf, 3008
module: MUX2ND2BWP16P90LVT, "instance: testbench.test_module.U725"
  SDF Warning: The path from U725.ZN to sub_55.U53.I doesn't have a simple 
  wire connection, delay will still be annotated.


Warning-[SDFCOM_SWC] Simple Wire Connection
/MasterClass/M143010027_ALU/Hws/HW1/gate_level/FLP_adder/Between/round1/timing.sdf, 3009
module: MUX2ND2BWP16P90LVT, "instance: testbench.test_module.U724"
  SDF Warning: The path from U724.ZN to sub_55.U52.I doesn't have a simple 
  wire connection, delay will still be annotated.


Warning-[SDFCOM_SWC] Simple Wire Connection
/MasterClass/M143010027_ALU/Hws/HW1/gate_level/FLP_adder/Between/round1/timing.sdf, 3010
module: MUX2ND2BWP16P90LVT, "instance: testbench.test_module.U723"
  SDF Warning: The path from U723.ZN to sub_55.U51.I doesn't have a simple 
  wire connection, delay will still be annotated.


Warning-[SDFCOM_SWC] Simple Wire Connection
/MasterClass/M143010027_ALU/Hws/HW1/gate_level/FLP_adder/Between/round1/timing.sdf, 3011
module: MUX2ND2BWP16P90LVT, "instance: testbench.test_module.U722"
  SDF Warning: The path from U722.ZN to sub_55.U50.I doesn't have a simple 
  wire connection, delay will still be annotated.


Warning-[SDFCOM_SWC] Simple Wire Connection
/MasterClass/M143010027_ALU/Hws/HW1/gate_level/FLP_adder/Between/round1/timing.sdf, 3012
module: MUX2ND2BWP16P90LVT, "instance: testbench.test_module.U721"
  SDF Warning: The path from U721.ZN to sub_55.U49.I doesn't have a simple 
  wire connection, delay will still be annotated.


Warning-[SDFCOM_SWC] Simple Wire Connection
/MasterClass/M143010027_ALU/Hws/HW1/gate_level/FLP_adder/Between/round1/timing.sdf, 3013
module: MUX2ND2BWP16P90LVT, "instance: testbench.test_module.U720"
  SDF Warning: The path from U720.ZN to sub_55.U48.I doesn't have a simple 
  wire connection, delay will still be annotated.


Warning-[SDFCOM_SWC] Simple Wire Connection
/MasterClass/M143010027_ALU/Hws/HW1/gate_level/FLP_adder/Between/round1/timing.sdf, 3034
module: MUX2ND2BWP16P90LVT, "instance: testbench.test_module.U719"
  SDF Warning: The path from U719.ZN to sub_55.U37.I doesn't have a simple 
  wire connection, delay will still be annotated.


Warning-[SDFCOM_SWC] Simple Wire Connection
/MasterClass/M143010027_ALU/Hws/HW1/gate_level/FLP_adder/Between/round1/timing.sdf, 3047
module: MUX2ND2BWP16P90LVT, "instance: testbench.test_module.U718"
  SDF Warning: The path from U718.ZN to sub_55.U30.I doesn't have a simple 
  wire connection, delay will still be annotated.


Warning-[SDFCOM_SWC] Simple Wire Connection
/MasterClass/M143010027_ALU/Hws/HW1/gate_level/FLP_adder/Between/round1/timing.sdf, 3048
module: MUX2ND2BWP16P90LVT, "instance: testbench.test_module.U717"
  SDF Warning: The path from U717.ZN to sub_55.U29.I doesn't have a simple 
  wire connection, delay will still be annotated.


          Total errors: 0
          Total warnings: 290
   ***    SDF annotation completed: Mon Oct  5 20:47:24 2026


