
   ***   $sdf_annotate() version 1.2R
   ***    SDF file: "/MasterClass/M143010027_ALU/Hws/HW1/gate_level/FLP_mul/Between/round1/timing.sdf"
   ***    Annotation scope: testbench.test_module
   ***    SDF Annotator log file: "sdf_annotation.log"
   ***    MTM selection: "MAXIMUM"
   ***    No SCALE FACTORS argument specified
   ***    No SCALE TYPE argument specified
   ***    SCALE FACTORS defaulted to "1.0:1.0:1.0":
   ***    SCALE TYPE defaulted to: "FROM_MTM"
   ***    Turnoff delay: "FROM_FILE"
   ***    Approximation (mipd) policy: "MAXIMUM"

   ***    SDF annotation begin: Mon Oct  5 20:46:02 2026


SDF Info: +pulse_r/100, +pulse_e/100 in effect

Warning-[SDFCOM_SWC] Simple Wire Connection
/MasterClass/M143010027_ALU/Hws/HW1/gate_level/FLP_mul/Between/round1/timing.sdf, 149
module: XOR2D1BWP16P90LVT, "instance: testbench.test_module.mult_31.U1781"
  SDF Warning: The path from mult_31.U1781.Z to U90.I0 doesn't have a simple 
  wire connection, delay will still be annotated.


Warning-[SDFCOM_SWC] Simple Wire Connection
/MasterClass/M143010027_ALU/Hws/HW1/gate_level/FLP_mul/Between/round1/timing.sdf, 150
module: XNR2D1BWP16P90LVT, "instance: testbench.test_module.mult_31.U1814"
  SDF Warning: The path from mult_31.U1814.ZN to U90.I1 doesn't have a simple 
  wire connection, delay will still be annotated.


Warning-[SDFCOM_IWSBA] INTERCONNECT will still be annotated
/MasterClass/M143010027_ALU/Hws/HW1/gate_level/FLP_mul/Between/round1/timing.sdf, 151
module: XOR2D1BWP16P90LVT, "instance: testbench.test_module.mult_31.U1823"
  SDF Warning: INTERCONNECT from mult_31.U1823.Z to U90.S has Instance at 
  /MasterClass/M143010027_ALU/Hws/HW1/gate_level/FLP_mul/Between/round1/netlist.v:2088,
  delay will still be annotated.


Warning-[SDFCOM_SWC] Simple Wire Connection
/MasterClass/M143010027_ALU/Hws/HW1/gate_level/FLP_mul/Between/round1/timing.sdf, 152
module: XNR2D1BWP16P90LVT, "instance: testbench.test_module.mult_31.U1814"
  SDF Warning: The path from mult_31.U1814.ZN to U89.I0 doesn't have a simple 
  wire connection, delay will still be annotated.


Warning-[SDFCOM_SWC] Simple Wire Connection
/MasterClass/M143010027_ALU/Hws/HW1/gate_level/FLP_mul/Between/round1/timing.sdf, 153
module: XNR2D1BWP16P90LVT, "instance: testbench.test_module.mult_31.U1774"
  SDF Warning: The path from mult_31.U1774.ZN to U89.I1 doesn't have a simple 
  wire connection, delay will still be annotated.


Warning-[SDFCOM_IWSBA] INTERCONNECT will still be annotated
/MasterClass/M143010027_ALU/Hws/HW1/gate_level/FLP_mul/Between/round1/timing.sdf, 154
module: XOR2D1BWP16P90LVT, "instance: testbench.test_module.mult_31.U1823"
  SDF Warning: INTERCONNECT from mult_31.U1823.Z to U89.S has Instance at 
  /MasterClass/M143010027_ALU/Hws/HW1/gate_level/FLP_mul/Between/round1/netlist.v:2088,
  delay will still be annotated.


Warning-[SDFCOM_SWC] Simple Wire Connection
/MasterClass/M143010027_ALU/Hws/HW1/gate_level/FLP_mul/Between/round1/timing.sdf, 155
module: XNR2D1BWP16P90LVT, "instance: testbench.test_module.mult_31.U1774"
  SDF Warning: The path from mult_31.U1774.ZN to U88.I0 doesn't have a simple 
  wire connection, delay will still be annotated.


Warning-[SDFCOM_SWC] Simple Wire Connection
/MasterClass/M143010027_ALU/Hws/HW1/gate_level/FLP_mul/Between/round1/timing.sdf, 156
module: XOR2D1BWP16P90LVT, "instance: testbench.test_module.mult_31.U1771"
  SDF Warning: The path from mult_31.U1771.Z to U88.I1 doesn't have a simple 
  wire connection, delay will still be annotated.


Warning-[SDFCOM_IWSBA] INTERCONNECT will still be annotated
/MasterClass/M143010027_ALU/Hws/HW1/gate_level/FLP_mul/Between/round1/timing.sdf, 157
module: XOR2D1BWP16P90LVT, "instance: testbench.test_module.mult_31.U1823"
  SDF Warning: INTERCONNECT from mult_31.U1823.Z to U88.S has Instance at 
  /MasterClass/M143010027_ALU/Hws/HW1/gate_level/FLP_mul/Between/round1/netlist.v:2088,
  delay will still be annotated.


Warning-[SDFCOM_SWC] Simple Wire Connection
/MasterClass/M143010027_ALU/Hws/HW1/gate_level/FLP_mul/Between/round1/timing.sdf, 158
module: XOR2D1BWP16P90LVT, "instance: testbench.test_module.mult_31.U1771"
  SDF Warning: The path from mult_31.U1771.Z to U87.I0 doesn't have a simple 
  wire connection, delay will still be annotated.


Warning-[SDFCOM_SWC] Simple Wire Connection
/MasterClass/M143010027_ALU/Hws/HW1/gate_level/FLP_mul/Between/round1/timing.sdf, 159
module: XOR2D1BWP16P90LVT, "instance: testbench.test_module.mult_31.U1769"
  SDF Warning: The path from mult_31.U1769.Z to U87.I1 doesn't have a simple 
  wire connection, delay will still be annotated.


Warning-[SDFCOM_IWSBA] INTERCONNECT will still be annotated
/MasterClass/M143010027_ALU/Hws/HW1/gate_level/FLP_mul/Between/round1/timing.sdf, 160
module: XOR2D1BWP16P90LVT, "instance: testbench.test_module.mult_31.U1823"
  SDF Warning: INTERCONNECT from mult_31.U1823.Z to U87.S has Instance at 
  /MasterClass/M143010027_ALU/Hws/HW1/gate_level/FLP_mul/Between/round1/netlist.v:2088,
  delay will still be annotated.


Warning-[SDFCOM_SWC] Simple Wire Connection
/MasterClass/M143010027_ALU/Hws/HW1/gate_level/FLP_mul/Between/round1/timing.sdf, 161
module: XOR2D1BWP16P90LVT, "instance: testbench.test_module.mult_31.U1769"
  SDF Warning: The path from mult_31.U1769.Z to U86.I0 doesn't have a simple 
  wire connection, delay will still be annotated.


Warning-[SDFCOM_SWC] Simple Wire Connection
/MasterClass/M143010027_ALU/Hws/HW1/gate_level/FLP_mul/Between/round1/timing.sdf, 162
module: XNR2D1BWP16P90LVT, "instance: testbench.test_module.mult_31.U1762"
  SDF Warning: The path from mult_31.U1762.ZN to U86.I1 doesn't have a simple 
  wire connection, delay will still be annotated.


Warning-[SDFCOM_IWSBA] INTERCONNECT will still be annotated
/MasterClass/M143010027_ALU/Hws/HW1/gate_level/FLP_mul/Between/round1/timing.sdf, 163
module: XOR2D1BWP16P90LVT, "instance: testbench.test_module.mult_31.U1823"
  SDF Warning: INTERCONNECT from mult_31.U1823.Z to U86.S has Instance at 
  /MasterClass/M143010027_ALU/Hws/HW1/gate_level/FLP_mul/Between/round1/netlist.v:2088,
  delay will still be annotated.


Warning-[SDFCOM_SWC] Simple Wire Connection
/MasterClass/M143010027_ALU/Hws/HW1/gate_level/FLP_mul/Between/round1/timing.sdf, 164
module: XNR2D1BWP16P90LVT, "instance: testbench.test_module.mult_31.U1762"
  SDF Warning: The path from mult_31.U1762.ZN to U85.I0 doesn't have a simple 
  wire connection, delay will still be annotated.


Warning-[SDFCOM_SWC] Simple Wire Connection
/MasterClass/M143010027_ALU/Hws/HW1/gate_level/FLP_mul/Between/round1/timing.sdf, 165
module: XOR2D1BWP16P90LVT, "instance: testbench.test_module.mult_31.U1767"
  SDF Warning: The path from mult_31.U1767.Z to U85.I1 doesn't have a simple 
  wire connection, delay will still be annotated.


Warning-[SDFCOM_IWSBA] INTERCONNECT will still be annotated
/MasterClass/M143010027_ALU/Hws/HW1/gate_level/FLP_mul/Between/round1/timing.sdf, 166
module: XOR2D1BWP16P90LVT, "instance: testbench.test_module.mult_31.U1823"
  SDF Warning: INTERCONNECT from mult_31.U1823.Z to U85.S has Instance at 
  /MasterClass/M143010027_ALU/Hws/HW1/gate_level/FLP_mul/Between/round1/netlist.v:2088,
  delay will still be annotated.


Warning-[SDFCOM_SWC] Simple Wire Connection
/MasterClass/M143010027_ALU/Hws/HW1/gate_level/FLP_mul/Between/round1/timing.sdf, 167
module: XOR2D1BWP16P90LVT, "instance: testbench.test_module.mult_31.U1767"
  SDF Warning: The path from mult_31.U1767.Z to U84.I0 doesn't have a simple 
  wire connection, delay will still be annotated.


Warning-[SDFCOM_SWC] Simple Wire Connection
/MasterClass/M143010027_ALU/Hws/HW1/gate_level/FLP_mul/Between/round1/timing.sdf, 168
module: XNR2D1BWP16P90LVT, "instance: testbench.test_module.mult_31.U1759"
  SDF Warning: The path from mult_31.U1759.ZN to U84.I1 doesn't have a simple 
  wire connection, delay will still be annotated.


Warning-[SDFCOM_IWSBA] INTERCONNECT will still be annotated
/MasterClass/M143010027_ALU/Hws/HW1/gate_level/FLP_mul/Between/round1/timing.sdf, 169
module: XOR2D1BWP16P90LVT, "instance: testbench.test_module.mult_31.U1823"
  SDF Warning: INTERCONNECT from mult_31.U1823.Z to U84.S has Instance at 
  /MasterClass/M143010027_ALU/Hws/HW1/gate_level/FLP_mul/Between/round1/netlist.v:2088,
  delay will still be annotated.


Warning-[SDFCOM_SWC] Simple Wire Connection
/MasterClass/M143010027_ALU/Hws/HW1/gate_level/FLP_mul/Between/round1/timing.sdf, 170
module: XNR2D1BWP16P90LVT, "instance: testbench.test_module.mult_31.U1759"
  SDF Warning: The path from mult_31.U1759.ZN to U83.I0 doesn't have a simple 
  wire connection, delay will still be annotated.


Warning-[SDFCOM_SWC] Simple Wire Connection
/MasterClass/M143010027_ALU/Hws/HW1/gate_level/FLP_mul/Between/round1/timing.sdf, 171
module: XNR2D1BWP16P90LVT, "instance: testbench.test_module.mult_31.U1756"
  SDF Warning: The path from mult_31.U1756.ZN to U83.I1 doesn't have a simple 
  wire connection, delay will still be annotated.


Warning-[SDFCOM_IWSBA] INTERCONNECT will still be annotated
/MasterClass/M143010027_ALU/Hws/HW1/gate_level/FLP_mul/Between/round1/timing.sdf, 172
module: XOR2D1BWP16P90LVT, "instance: testbench.test_module.mult_31.U1823"
  SDF Warning: INTERCONNECT from mult_31.U1823.Z to U83.S has Instance at 
  /MasterClass/M143010027_ALU/Hws/HW1/gate_level/FLP_mul/Between/round1/netlist.v:2088,
  delay will still be annotated.


Warning-[SDFCOM_SWC] Simple Wire Connection
/MasterClass/M143010027_ALU/Hws/HW1/gate_level/FLP_mul/Between/round1/timing.sdf, 173
module: XNR2D1BWP16P90LVT, "instance: testbench.test_module.mult_31.U1756"
  SDF Warning: The path from mult_31.U1756.ZN to U82.I0 doesn't have a simple 
  wire connection, delay will still be annotated.


Warning-[SDFCOM_SWC] Simple Wire Connection
/MasterClass/M143010027_ALU/Hws/HW1/gate_level/FLP_mul/Between/round1/timing.sdf, 174
module: XOR2D1BWP16P90LVT, "instance: testbench.test_module.mult_31.U1752"
  SDF Warning: The path from mult_31.U1752.Z to U82.I1 doesn't have a simple 
  wire connection, delay will still be annotated.


Warning-[SDFCOM_IWSBA] INTERCONNECT will still be annotated
/MasterClass/M143010027_ALU/Hws/HW1/gate_level/FLP_mul/Between/round1/timing.sdf, 175
module: XOR2D1BWP16P90LVT, "instance: testbench.test_module.mult_31.U1823"
  SDF Warning: INTERCONNECT from mult_31.U1823.Z to U82.S has Instance at 
  /MasterClass/M143010027_ALU/Hws/HW1/gate_level/FLP_mul/Between/round1/netlist.v:2088,
  delay will still be annotated.


Warning-[SDFCOM_SWC] Simple Wire Connection
/MasterClass/M143010027_ALU/Hws/HW1/gate_level/FLP_mul/Between/round1/timing.sdf, 176
module: XOR2D1BWP16P90LVT, "instance: testbench.test_module.mult_31.U1752"
  SDF Warning: The path from mult_31.U1752.Z to U81.I0 doesn't have a simple 
  wire connection, delay will still be annotated.


Warning-[SDFCOM_SWC] Simple Wire Connection
/MasterClass/M143010027_ALU/Hws/HW1/gate_level/FLP_mul/Between/round1/timing.sdf, 177
module: XNR2D1BWP16P90LVT, "instance: testbench.test_module.mult_31.U1757"
  SDF Warning: The path from mult_31.U1757.ZN to U81.I1 doesn't have a simple 
  wire connection, delay will still be annotated.


Warning-[SDFCOM_IWSBA] INTERCONNECT will still be annotated
/MasterClass/M143010027_ALU/Hws/HW1/gate_level/FLP_mul/Between/round1/timing.sdf, 178
module: XOR2D1BWP16P90LVT, "instance: testbench.test_module.mult_31.U1823"
  SDF Warning: INTERCONNECT from mult_31.U1823.Z to U81.S has Instance at 
  /MasterClass/M143010027_ALU/Hws/HW1/gate_level/FLP_mul/Between/round1/netlist.v:2088,
  delay will still be annotated.


Warning-[SDFCOM_SWC] Simple Wire Connection
/MasterClass/M143010027_ALU/Hws/HW1/gate_level/FLP_mul/Between/round1/timing.sdf, 179
module: XNR2D1BWP16P90LVT, "instance: testbench.test_module.mult_31.U1757"
  SDF Warning: The path from mult_31.U1757.ZN to U80.I0 doesn't have a simple 
  wire connection, delay will still be annotated.


Warning-[SDFCOM_SWC] Simple Wire Connection
/MasterClass/M143010027_ALU/Hws/HW1/gate_level/FLP_mul/Between/round1/timing.sdf, 180
module: XOR2D1BWP16P90LVT, "instance: testbench.test_module.mult_31.U1765"
  SDF Warning: The path from mult_31.U1765.Z to U80.I1 doesn't have a simple 
  wire connection, delay will still be annotated.


Warning-[SDFCOM_IWSBA] INTERCONNECT will still be annotated
/MasterClass/M143010027_ALU/Hws/HW1/gate_level/FLP_mul/Between/round1/timing.sdf, 181
module: XOR2D1BWP16P90LVT, "instance: testbench.test_module.mult_31.U1823"
  SDF Warning: INTERCONNECT from mult_31.U1823.Z to U80.S has Instance at 
  /MasterClass/M143010027_ALU/Hws/HW1/gate_level/FLP_mul/Between/round1/netlist.v:2088,
  delay will still be annotated.


Warning-[SDFCOM_SWC] Simple Wire Connection
/MasterClass/M143010027_ALU/Hws/HW1/gate_level/FLP_mul/Between/round1/timing.sdf, 182
module: XOR2D1BWP16P90LVT, "instance: testbench.test_module.mult_31.U1765"
  SDF Warning: The path from mult_31.U1765.Z to U79.I0 doesn't have a simple 
  wire connection, delay will still be annotated.


Warning-[SDFCOM_SWC] Simple Wire Connection
/MasterClass/M143010027_ALU/Hws/HW1/gate_level/FLP_mul/Between/round1/timing.sdf, 183
module: XNR2D1BWP16P90LVT, "instance: testbench.test_module.mult_31.U1755"
  SDF Warning: The path from mult_31.U1755.ZN to U79.I1 doesn't have a simple 
  wire connection, delay will still be annotated.


Warning-[SDFCOM_IWSBA] INTERCONNECT will still be annotated
/MasterClass/M143010027_ALU/Hws/HW1/gate_level/FLP_mul/Between/round1/timing.sdf, 184
module: XOR2D1BWP16P90LVT, "instance: testbench.test_module.mult_31.U1823"
  SDF Warning: INTERCONNECT from mult_31.U1823.Z to U79.S has Instance at 
  /MasterClass/M143010027_ALU/Hws/HW1/gate_level/FLP_mul/Between/round1/netlist.v:2088,
  delay will still be annotated.


Warning-[SDFCOM_SWC] Simple Wire Connection
/MasterClass/M143010027_ALU/Hws/HW1/gate_level/FLP_mul/Between/round1/timing.sdf, 185
module: XNR2D1BWP16P90LVT, "instance: testbench.test_module.mult_31.U1755"
  SDF Warning: The path from mult_31.U1755.ZN to U78.I0 doesn't have a simple 
  wire connection, delay will still be annotated.


Warning-[SDFCOM_SWC] Simple Wire Connection
/MasterClass/M143010027_ALU/Hws/HW1/gate_level/FLP_mul/Between/round1/timing.sdf, 186
module: XOR2D1BWP16P90LVT, "instance: testbench.test_module.mult_31.U1750"
  SDF Warning: The path from mult_31.U1750.Z to U78.I1 doesn't have a simple 
  wire connection, delay will still be annotated.


Warning-[SDFCOM_IWSBA] INTERCONNECT will still be annotated
/MasterClass/M143010027_ALU/Hws/HW1/gate_level/FLP_mul/Between/round1/timing.sdf, 187
module: XOR2D1BWP16P90LVT, "instance: testbench.test_module.mult_31.U1823"
  SDF Warning: INTERCONNECT from mult_31.U1823.Z to U78.S has Instance at 
  /MasterClass/M143010027_ALU/Hws/HW1/gate_level/FLP_mul/Between/round1/netlist.v:2088,
  delay will still be annotated.


Warning-[SDFCOM_SWC] Simple Wire Connection
/MasterClass/M143010027_ALU/Hws/HW1/gate_level/FLP_mul/Between/round1/timing.sdf, 188
module: XOR2D1BWP16P90LVT, "instance: testbench.test_module.mult_31.U1750"
  SDF Warning: The path from mult_31.U1750.Z to U77.I0 doesn't have a simple 
  wire connection, delay will still be annotated.


Warning-[SDFCOM_SWC] Simple Wire Connection
/MasterClass/M143010027_ALU/Hws/HW1/gate_level/FLP_mul/Between/round1/timing.sdf, 189
module: XNR2D1BWP16P90LVT, "instance: testbench.test_module.mult_31.U1749"
  SDF Warning: The path from mult_31.U1749.ZN to U77.I1 doesn't have a simple 
  wire connection, delay will still be annotated.


Warning-[SDFCOM_IWSBA] INTERCONNECT will still be annotated
/MasterClass/M143010027_ALU/Hws/HW1/gate_level/FLP_mul/Between/round1/timing.sdf, 190
module: XOR2D1BWP16P90LVT, "instance: testbench.test_module.mult_31.U1823"
  SDF Warning: INTERCONNECT from mult_31.U1823.Z to U77.S has Instance at 
  /MasterClass/M143010027_ALU/Hws/HW1/gate_level/FLP_mul/Between/round1/netlist.v:2088,
  delay will still be annotated.


Warning-[SDFCOM_SWC] Simple Wire Connection
/MasterClass/M143010027_ALU/Hws/HW1/gate_level/FLP_mul/Between/round1/timing.sdf, 191
module: XNR2D1BWP16P90LVT, "instance: testbench.test_module.mult_31.U1749"
  SDF Warning: The path from mult_31.U1749.ZN to U76.I0 doesn't have a simple 
  wire connection, delay will still be annotated.


Warning-[SDFCOM_SWC] Simple Wire Connection
/MasterClass/M143010027_ALU/Hws/HW1/gate_level/FLP_mul/Between/round1/timing.sdf, 192
module: XOR2D1BWP16P90LVT, "instance: testbench.test_module.mult_31.U1747"
  SDF Warning: The path from mult_31.U1747.Z to U76.I1 doesn't have a simple 
  wire connection, delay will still be annotated.


Warning-[SDFCOM_IWSBA] INTERCONNECT will still be annotated
/MasterClass/M143010027_ALU/Hws/HW1/gate_level/FLP_mul/Between/round1/timing.sdf, 193
module: XOR2D1BWP16P90LVT, "instance: testbench.test_module.mult_31.U1823"
  SDF Warning: INTERCONNECT from mult_31.U1823.Z to U76.S has Instance at 
  /MasterClass/M143010027_ALU/Hws/HW1/gate_level/FLP_mul/Between/round1/netlist.v:2088,
  delay will still be annotated.


Warning-[SDFCOM_SWC] Simple Wire Connection
/MasterClass/M143010027_ALU/Hws/HW1/gate_level/FLP_mul/Between/round1/timing.sdf, 194
module: XOR2D1BWP16P90LVT, "instance: testbench.test_module.mult_31.U1747"
  SDF Warning: The path from mult_31.U1747.Z to U75.I0 doesn't have a simple 
  wire connection, delay will still be annotated.


Warning-[SDFCOM_SWC] Simple Wire Connection
/MasterClass/M143010027_ALU/Hws/HW1/gate_level/FLP_mul/Between/round1/timing.sdf, 195
module: XNR2D1BWP16P90LVT, "instance: testbench.test_module.mult_31.U1746"
  SDF Warning: The path from mult_31.U1746.ZN to U75.I1 doesn't have a simple 
  wire connection, delay will still be annotated.


Warning-[SDFCOM_IWSBA] INTERCONNECT will still be annotated
/MasterClass/M143010027_ALU/Hws/HW1/gate_level/FLP_mul/Between/round1/timing.sdf, 196
module: XOR2D1BWP16P90LVT, "instance: testbench.test_module.mult_31.U1823"
  SDF Warning: INTERCONNECT from mult_31.U1823.Z to U75.S has Instance at 
  /MasterClass/M143010027_ALU/Hws/HW1/gate_level/FLP_mul/Between/round1/netlist.v:2088,
  delay will still be annotated.


Warning-[SDFCOM_SWC] Simple Wire Connection
/MasterClass/M143010027_ALU/Hws/HW1/gate_level/FLP_mul/Between/round1/timing.sdf, 197
module: XNR2D1BWP16P90LVT, "instance: testbench.test_module.mult_31.U1746"
  SDF Warning: The path from mult_31.U1746.ZN to U74.I0 doesn't have a simple 
  wire connection, delay will still be annotated.


Warning-[SDFCOM_SWC] Simple Wire Connection
/MasterClass/M143010027_ALU/Hws/HW1/gate_level/FLP_mul/Between/round1/timing.sdf, 198
module: XOR2D1BWP16P90LVT, "instance: testbench.test_module.mult_31.U1744"
  SDF Warning: The path from mult_31.U1744.Z to U74.I1 doesn't have a simple 
  wire connection, delay will still be annotated.


Warning-[SDFCOM_IWSBA] INTERCONNECT will still be annotated
/MasterClass/M143010027_ALU/Hws/HW1/gate_level/FLP_mul/Between/round1/timing.sdf, 199
module: XOR2D1BWP16P90LVT, "instance: testbench.test_module.mult_31.U1823"
  SDF Warning: INTERCONNECT from mult_31.U1823.Z to U74.S has Instance at 
  /MasterClass/M143010027_ALU/Hws/HW1/gate_level/FLP_mul/Between/round1/netlist.v:2088,
  delay will still be annotated.


Warning-[SDFCOM_SWC] Simple Wire Connection
/MasterClass/M143010027_ALU/Hws/HW1/gate_level/FLP_mul/Between/round1/timing.sdf, 200
module: XOR2D1BWP16P90LVT, "instance: testbench.test_module.mult_31.U1744"
  SDF Warning: The path from mult_31.U1744.Z to U73.I0 doesn't have a simple 
  wire connection, delay will still be annotated.


Warning-[SDFCOM_SWC] Simple Wire Connection
/MasterClass/M143010027_ALU/Hws/HW1/gate_level/FLP_mul/Between/round1/timing.sdf, 201
module: XNR2D1BWP16P90LVT, "instance: testbench.test_module.mult_31.U1812"
  SDF Warning: The path from mult_31.U1812.ZN to U73.I1 doesn't have a simple 
  wire connection, delay will still be annotated.


Warning-[SDFCOM_IWSBA] INTERCONNECT will still be annotated
/MasterClass/M143010027_ALU/Hws/HW1/gate_level/FLP_mul/Between/round1/timing.sdf, 202
module: XOR2D1BWP16P90LVT, "instance: testbench.test_module.mult_31.U1823"
  SDF Warning: INTERCONNECT from mult_31.U1823.Z to U73.S has Instance at 
  /MasterClass/M143010027_ALU/Hws/HW1/gate_level/FLP_mul/Between/round1/netlist.v:2088,
  delay will still be annotated.


Warning-[SDFCOM_SWC] Simple Wire Connection
/MasterClass/M143010027_ALU/Hws/HW1/gate_level/FLP_mul/Between/round1/timing.sdf, 203
module: XNR2D1BWP16P90LVT, "instance: testbench.test_module.mult_31.U1812"
  SDF Warning: The path from mult_31.U1812.ZN to U72.I0 doesn't have a simple 
  wire connection, delay will still be annotated.


Warning-[SDFCOM_SWC] Simple Wire Connection
/MasterClass/M143010027_ALU/Hws/HW1/gate_level/FLP_mul/Between/round1/timing.sdf, 204
module: XOR2D1BWP16P90LVT, "instance: testbench.test_module.mult_31.U1809"
  SDF Warning: The path from mult_31.U1809.Z to U72.I1 doesn't have a simple 
  wire connection, delay will still be annotated.


Warning-[SDFCOM_IWSBA] INTERCONNECT will still be annotated
/MasterClass/M143010027_ALU/Hws/HW1/gate_level/FLP_mul/Between/round1/timing.sdf, 205
module: XOR2D1BWP16P90LVT, "instance: testbench.test_module.mult_31.U1823"
  SDF Warning: INTERCONNECT from mult_31.U1823.Z to U72.S has Instance at 
  /MasterClass/M143010027_ALU/Hws/HW1/gate_level/FLP_mul/Between/round1/netlist.v:2088,
  delay will still be annotated.


Warning-[SDFCOM_SWC] Simple Wire Connection
/MasterClass/M143010027_ALU/Hws/HW1/gate_level/FLP_mul/Between/round1/timing.sdf, 206
module: XOR2D1BWP16P90LVT, "instance: testbench.test_module.mult_31.U1809"
  SDF Warning: The path from mult_31.U1809.Z to U71.I0 doesn't have a simple 
  wire connection, delay will still be annotated.


Warning-[SDFCOM_SWC] Simple Wire Connection
/MasterClass/M143010027_ALU/Hws/HW1/gate_level/FLP_mul/Between/round1/timing.sdf, 207
module: XNR2D1BWP16P90LVT, "instance: testbench.test_module.mult_31.U1859"
  SDF Warning: The path from mult_31.U1859.ZN to U71.I1 doesn't have a simple 
  wire connection, delay will still be annotated.


Warning-[SDFCOM_IWSBA] INTERCONNECT will still be annotated
/MasterClass/M143010027_ALU/Hws/HW1/gate_level/FLP_mul/Between/round1/timing.sdf, 208
module: XOR2D1BWP16P90LVT, "instance: testbench.test_module.mult_31.U1823"
  SDF Warning: INTERCONNECT from mult_31.U1823.Z to U71.S has Instance at 
  /MasterClass/M143010027_ALU/Hws/HW1/gate_level/FLP_mul/Between/round1/netlist.v:2088,
  delay will still be annotated.


Warning-[SDFCOM_SWC] Simple Wire Connection
/MasterClass/M143010027_ALU/Hws/HW1/gate_level/FLP_mul/Between/round1/timing.sdf, 209
module: XNR2D1BWP16P90LVT, "instance: testbench.test_module.mult_31.U1859"
  SDF Warning: The path from mult_31.U1859.ZN to U70.I0 doesn't have a simple 
  wire connection, delay will still be annotated.


Warning-[SDFCOM_SWC] Simple Wire Connection
/MasterClass/M143010027_ALU/Hws/HW1/gate_level/FLP_mul/Between/round1/timing.sdf, 210
module: XOR2D1BWP16P90LVT, "instance: testbench.test_module.mult_31.U1857"
  SDF Warning: The path from mult_31.U1857.Z to U70.I1 doesn't have a simple 
  wire connection, delay will still be annotated.


Warning-[SDFCOM_IWSBA] INTERCONNECT will still be annotated
/MasterClass/M143010027_ALU/Hws/HW1/gate_level/FLP_mul/Between/round1/timing.sdf, 211
module: XOR2D1BWP16P90LVT, "instance: testbench.test_module.mult_31.U1823"
  SDF Warning: INTERCONNECT from mult_31.U1823.Z to U70.S has Instance at 
  /MasterClass/M143010027_ALU/Hws/HW1/gate_level/FLP_mul/Between/round1/netlist.v:2088,
  delay will still be annotated.


Warning-[SDFCOM_SWC] Simple Wire Connection
/MasterClass/M143010027_ALU/Hws/HW1/gate_level/FLP_mul/Between/round1/timing.sdf, 212
module: XOR2D1BWP16P90LVT, "instance: testbench.test_module.mult_31.U1857"
  SDF Warning: The path from mult_31.U1857.Z to U69.I0 doesn't have a simple 
  wire connection, delay will still be annotated.


Warning-[SDFCOM_SWC] Simple Wire Connection
/MasterClass/M143010027_ALU/Hws/HW1/gate_level/FLP_mul/Between/round1/timing.sdf, 213
module: XNR2D1BWP16P90LVT, "instance: testbench.test_module.mult_31.U1856"
  SDF Warning: The path from mult_31.U1856.ZN to U69.I1 doesn't have a simple 
  wire connection, delay will still be annotated.


Warning-[SDFCOM_IWSBA] INTERCONNECT will still be annotated
/MasterClass/M143010027_ALU/Hws/HW1/gate_level/FLP_mul/Between/round1/timing.sdf, 214
module: XOR2D1BWP16P90LVT, "instance: testbench.test_module.mult_31.U1823"
  SDF Warning: INTERCONNECT from mult_31.U1823.Z to U69.S has Instance at 
  /MasterClass/M143010027_ALU/Hws/HW1/gate_level/FLP_mul/Between/round1/netlist.v:2088,
  delay will still be annotated.


Warning-[SDFCOM_SWC] Simple Wire Connection
/MasterClass/M143010027_ALU/Hws/HW1/gate_level/FLP_mul/Between/round1/timing.sdf, 215
module: XNR2D1BWP16P90LVT, "instance: testbench.test_module.mult_31.U1856"
  SDF Warning: The path from mult_31.U1856.ZN to U68.I0 doesn't have a simple 
  wire connection, delay will still be annotated.


Warning-[SDFCOM_SWC] Simple Wire Connection
/MasterClass/M143010027_ALU/Hws/HW1/gate_level/FLP_mul/Between/round1/timing.sdf, 216
module: XOR2D1BWP16P90LVT, "instance: testbench.test_module.mult_31.U1854"
  SDF Warning: The path from mult_31.U1854.Z to U68.I1 doesn't have a simple 
  wire connection, delay will still be annotated.


Warning-[SDFCOM_IWSBA] INTERCONNECT will still be annotated
/MasterClass/M143010027_ALU/Hws/HW1/gate_level/FLP_mul/Between/round1/timing.sdf, 217
module: XOR2D1BWP16P90LVT, "instance: testbench.test_module.mult_31.U1823"
  SDF Warning: INTERCONNECT from mult_31.U1823.Z to U68.S has Instance at 
  /MasterClass/M143010027_ALU/Hws/HW1/gate_level/FLP_mul/Between/round1/netlist.v:2088,
  delay will still be annotated.


Warning-[SDFCOM_SWC] Simple Wire Connection
/MasterClass/M143010027_ALU/Hws/HW1/gate_level/FLP_mul/Between/round1/timing.sdf, 218
module: XOR2D1BWP16P90LVT, "instance: testbench.test_module.mult_31.U1854"
  SDF Warning: The path from mult_31.U1854.Z to U67.I0 doesn't have a simple 
  wire connection, delay will still be annotated.


Warning-[SDFCOM_SWC] Simple Wire Connection
/MasterClass/M143010027_ALU/Hws/HW1/gate_level/FLP_mul/Between/round1/timing.sdf, 219
module: XNR2D1BWP16P90LVT, "instance: testbench.test_module.mult_31.U1851"
  SDF Warning: The path from mult_31.U1851.ZN to U67.I1 doesn't have a simple 
  wire connection, delay will still be annotated.


Warning-[SDFCOM_IWSBA] INTERCONNECT will still be annotated
/MasterClass/M143010027_ALU/Hws/HW1/gate_level/FLP_mul/Between/round1/timing.sdf, 220
module: XOR2D1BWP16P90LVT, "instance: testbench.test_module.mult_31.U1823"
  SDF Warning: INTERCONNECT from mult_31.U1823.Z to U67.S has Instance at 
  /MasterClass/M143010027_ALU/Hws/HW1/gate_level/FLP_mul/Between/round1/netlist.v:2088,
  delay will still be annotated.


Warning-[SDFCOM_IWSBA] INTERCONNECT will still be annotated
/MasterClass/M143010027_ALU/Hws/HW1/gate_level/FLP_mul/Between/round1/timing.sdf, 228
module: XOR2D1BWP16P90LVT, "instance: testbench.test_module.mult_31.U1823"
  SDF Warning: INTERCONNECT from mult_31.U1823.Z to U63.A2 has Instance at 
  /MasterClass/M143010027_ALU/Hws/HW1/gate_level/FLP_mul/Between/round1/netlist.v:2088,
  delay will still be annotated.


Warning-[SDFCOM_IWSBA] INTERCONNECT will still be annotated
/MasterClass/M143010027_ALU/Hws/HW1/gate_level/FLP_mul/Between/round1/timing.sdf, 245
module: XOR2D1BWP16P90LVT, "instance: testbench.test_module.mult_31.U1823"
  SDF Warning: INTERCONNECT from mult_31.U1823.Z to U54.I has Instance at 
  /MasterClass/M143010027_ALU/Hws/HW1/gate_level/FLP_mul/Between/round1/netlist.v:2088,
  delay will still be annotated.


Warning-[SDFCOM_SWC] Simple Wire Connection
/MasterClass/M143010027_ALU/Hws/HW1/gate_level/FLP_mul/Between/round1/timing.sdf, 380
module: MUX2D1BWP16P90LVT, "instance: testbench.test_module.U67"
  SDF Warning: The path from U67.Z to add_42.U198.A2 doesn't have a simple 
  wire connection, delay will still be annotated.


Warning-[SDFCOM_SWC] Simple Wire Connection
/MasterClass/M143010027_ALU/Hws/HW1/gate_level/FLP_mul/Between/round1/timing.sdf, 381
module: MUX2D1BWP16P90LVT, "instance: testbench.test_module.U68"
  SDF Warning: The path from U68.Z to add_42.U197.I doesn't have a simple wire
  connection, delay will still be annotated.


Warning-[SDFCOM_SWC] Simple Wire Connection
/MasterClass/M143010027_ALU/Hws/HW1/gate_level/FLP_mul/Between/round1/timing.sdf, 382
module: MUX2D1BWP16P90LVT, "instance: testbench.test_module.U70"
  SDF Warning: The path from U70.Z to add_42.U196.I doesn't have a simple wire
  connection, delay will still be annotated.


Warning-[SDFCOM_SWC] Simple Wire Connection
/MasterClass/M143010027_ALU/Hws/HW1/gate_level/FLP_mul/Between/round1/timing.sdf, 386
module: MUX2D1BWP16P90LVT, "instance: testbench.test_module.U69"
  SDF Warning: The path from U69.Z to add_42.U194.A2 doesn't have a simple 
  wire connection, delay will still be annotated.


Warning-[SDFCOM_SWC] Simple Wire Connection
/MasterClass/M143010027_ALU/Hws/HW1/gate_level/FLP_mul/Between/round1/timing.sdf, 390
module: MUX2D1BWP16P90LVT, "instance: testbench.test_module.U71"
  SDF Warning: The path from U71.Z to add_42.U192.A2 doesn't have a simple 
  wire connection, delay will still be annotated.


Warning-[SDFCOM_SWC] Simple Wire Connection
/MasterClass/M143010027_ALU/Hws/HW1/gate_level/FLP_mul/Between/round1/timing.sdf, 397
module: MUX2D1BWP16P90LVT, "instance: testbench.test_module.U86"
  SDF Warning: The path from U86.Z to add_42.U188.I doesn't have a simple wire
  connection, delay will still be annotated.


Warning-[SDFCOM_SWC] Simple Wire Connection
/MasterClass/M143010027_ALU/Hws/HW1/gate_level/FLP_mul/Between/round1/timing.sdf, 398
module: MUX2D1BWP16P90LVT, "instance: testbench.test_module.U74"
  SDF Warning: The path from U74.Z to add_42.U187.I doesn't have a simple wire
  connection, delay will still be annotated.


Warning-[SDFCOM_SWC] Simple Wire Connection
/MasterClass/M143010027_ALU/Hws/HW1/gate_level/FLP_mul/Between/round1/timing.sdf, 399
module: MUX2D1BWP16P90LVT, "instance: testbench.test_module.U80"
  SDF Warning: The path from U80.Z to add_42.U186.I doesn't have a simple wire
  connection, delay will still be annotated.


Warning-[SDFCOM_SWC] Simple Wire Connection
/MasterClass/M143010027_ALU/Hws/HW1/gate_level/FLP_mul/Between/round1/timing.sdf, 400
module: MUX2D1BWP16P90LVT, "instance: testbench.test_module.U76"
  SDF Warning: The path from U76.Z to add_42.U185.I doesn't have a simple wire
  connection, delay will still be annotated.


Warning-[SDFCOM_SWC] Simple Wire Connection
/MasterClass/M143010027_ALU/Hws/HW1/gate_level/FLP_mul/Between/round1/timing.sdf, 401
module: MUX2D1BWP16P90LVT, "instance: testbench.test_module.U72"
  SDF Warning: The path from U72.Z to add_42.U184.I doesn't have a simple wire
  connection, delay will still be annotated.


Warning-[SDFCOM_SWC] Simple Wire Connection
/MasterClass/M143010027_ALU/Hws/HW1/gate_level/FLP_mul/Between/round1/timing.sdf, 402
module: MUX2D1BWP16P90LVT, "instance: testbench.test_module.U78"
  SDF Warning: The path from U78.Z to add_42.U183.I doesn't have a simple wire
  connection, delay will still be annotated.


Warning-[SDFCOM_SWC] Simple Wire Connection
/MasterClass/M143010027_ALU/Hws/HW1/gate_level/FLP_mul/Between/round1/timing.sdf, 403
module: MUX2D1BWP16P90LVT, "instance: testbench.test_module.U88"
  SDF Warning: The path from U88.Z to add_42.U182.I doesn't have a simple wire
  connection, delay will still be annotated.


Warning-[SDFCOM_SWC] Simple Wire Connection
/MasterClass/M143010027_ALU/Hws/HW1/gate_level/FLP_mul/Between/round1/timing.sdf, 409
module: MUX2D1BWP16P90LVT, "instance: testbench.test_module.U87"
  SDF Warning: The path from U87.Z to add_42.U179.A2 doesn't have a simple 
  wire connection, delay will still be annotated.


Warning-[SDFCOM_SWC] Simple Wire Connection
/MasterClass/M143010027_ALU/Hws/HW1/gate_level/FLP_mul/Between/round1/timing.sdf, 413
module: MUX2D1BWP16P90LVT, "instance: testbench.test_module.U85"
  SDF Warning: The path from U85.Z to add_42.U177.A2 doesn't have a simple 
  wire connection, delay will still be annotated.


Warning-[SDFCOM_SWC] Simple Wire Connection
/MasterClass/M143010027_ALU/Hws/HW1/gate_level/FLP_mul/Between/round1/timing.sdf, 415
module: MUX2D1BWP16P90LVT, "instance: testbench.test_module.U82"
  SDF Warning: The path from U82.Z to add_42.U176.A2 doesn't have a simple 
  wire connection, delay will still be annotated.


Warning-[SDFCOM_SWC] Simple Wire Connection
/MasterClass/M143010027_ALU/Hws/HW1/gate_level/FLP_mul/Between/round1/timing.sdf, 417
module: MUX2D1BWP16P90LVT, "instance: testbench.test_module.U84"
  SDF Warning: The path from U84.Z to add_42.U175.A2 doesn't have a simple 
  wire connection, delay will still be annotated.


Warning-[SDFCOM_SWC] Simple Wire Connection
/MasterClass/M143010027_ALU/Hws/HW1/gate_level/FLP_mul/Between/round1/timing.sdf, 419
module: MUX2D1BWP16P90LVT, "instance: testbench.test_module.U81"
  SDF Warning: The path from U81.Z to add_42.U174.A2 doesn't have a simple 
  wire connection, delay will still be annotated.


Warning-[SDFCOM_SWC] Simple Wire Connection
/MasterClass/M143010027_ALU/Hws/HW1/gate_level/FLP_mul/Between/round1/timing.sdf, 421
module: MUX2D1BWP16P90LVT, "instance: testbench.test_module.U83"
  SDF Warning: The path from U83.Z to add_42.U173.A2 doesn't have a simple 
  wire connection, delay will still be annotated.


Warning-[SDFCOM_SWC] Simple Wire Connection
/MasterClass/M143010027_ALU/Hws/HW1/gate_level/FLP_mul/Between/round1/timing.sdf, 425
module: MUX2D1BWP16P90LVT, "instance: testbench.test_module.U73"
  SDF Warning: The path from U73.Z to add_42.U171.A2 doesn't have a simple 
  wire connection, delay will still be annotated.


Warning-[SDFCOM_SWC] Simple Wire Connection
/MasterClass/M143010027_ALU/Hws/HW1/gate_level/FLP_mul/Between/round1/timing.sdf, 437
module: MUX2D1BWP16P90LVT, "instance: testbench.test_module.U75"
  SDF Warning: The path from U75.Z to add_42.U165.A2 doesn't have a simple 
  wire connection, delay will still be annotated.


Warning-[SDFCOM_SWC] Simple Wire Connection
/MasterClass/M143010027_ALU/Hws/HW1/gate_level/FLP_mul/Between/round1/timing.sdf, 441
module: MUX2D1BWP16P90LVT, "instance: testbench.test_module.U77"
  SDF Warning: The path from U77.Z to add_42.U163.A2 doesn't have a simple 
  wire connection, delay will still be annotated.


Warning-[SDFCOM_SWC] Simple Wire Connection
/MasterClass/M143010027_ALU/Hws/HW1/gate_level/FLP_mul/Between/round1/timing.sdf, 445
module: MUX2D1BWP16P90LVT, "instance: testbench.test_module.U79"
  SDF Warning: The path from U79.Z to add_42.U161.A2 doesn't have a simple 
  wire connection, delay will still be annotated.


Warning-[SDFCOM_SWC] Simple Wire Connection
/MasterClass/M143010027_ALU/Hws/HW1/gate_level/FLP_mul/Between/round1/timing.sdf, 478
module: MUX2D1BWP16P90LVT, "instance: testbench.test_module.U89"
  SDF Warning: The path from U89.Z to add_42.U141.A1 doesn't have a simple 
  wire connection, delay will still be annotated.


Warning-[SDFCOM_SWC] Simple Wire Connection
/MasterClass/M143010027_ALU/Hws/HW1/gate_level/FLP_mul/Between/round1/timing.sdf, 480
module: MUX2D1BWP16P90LVT, "instance: testbench.test_module.U89"
  SDF Warning: The path from U89.Z to add_42.U136.A1 doesn't have a simple 
  wire connection, delay will still be annotated.


Warning-[SDFCOM_SWC] Simple Wire Connection
/MasterClass/M143010027_ALU/Hws/HW1/gate_level/FLP_mul/Between/round1/timing.sdf, 482
module: MUX2D1BWP16P90LVT, "instance: testbench.test_module.U88"
  SDF Warning: The path from U88.Z to add_42.U124.A1 doesn't have a simple 
  wire connection, delay will still be annotated.


Warning-[SDFCOM_SWC] Simple Wire Connection
/MasterClass/M143010027_ALU/Hws/HW1/gate_level/FLP_mul/Between/round1/timing.sdf, 483
module: MUX2D1BWP16P90LVT, "instance: testbench.test_module.U87"
  SDF Warning: The path from U87.Z to add_42.U124.A2 doesn't have a simple 
  wire connection, delay will still be annotated.


Warning-[SDFCOM_SWC] Simple Wire Connection
/MasterClass/M143010027_ALU/Hws/HW1/gate_level/FLP_mul/Between/round1/timing.sdf, 484
module: MUX2D1BWP16P90LVT, "instance: testbench.test_module.U86"
  SDF Warning: The path from U86.Z to add_42.U113.A1 doesn't have a simple 
  wire connection, delay will still be annotated.


Warning-[SDFCOM_SWC] Simple Wire Connection
/MasterClass/M143010027_ALU/Hws/HW1/gate_level/FLP_mul/Between/round1/timing.sdf, 485
module: MUX2D1BWP16P90LVT, "instance: testbench.test_module.U85"
  SDF Warning: The path from U85.Z to add_42.U113.A2 doesn't have a simple 
  wire connection, delay will still be annotated.


Warning-[SDFCOM_SWC] Simple Wire Connection
/MasterClass/M143010027_ALU/Hws/HW1/gate_level/FLP_mul/Between/round1/timing.sdf, 487
module: MUX2D1BWP16P90LVT, "instance: testbench.test_module.U84"
  SDF Warning: The path from U84.Z to add_42.U108.A2 doesn't have a simple 
  wire connection, delay will still be annotated.


Warning-[SDFCOM_SWC] Simple Wire Connection
/MasterClass/M143010027_ALU/Hws/HW1/gate_level/FLP_mul/Between/round1/timing.sdf, 488
module: MUX2D1BWP16P90LVT, "instance: testbench.test_module.U84"
  SDF Warning: The path from U84.Z to add_42.U104.A1 doesn't have a simple 
  wire connection, delay will still be annotated.


Warning-[SDFCOM_SWC] Simple Wire Connection
/MasterClass/M143010027_ALU/Hws/HW1/gate_level/FLP_mul/Between/round1/timing.sdf, 489
module: MUX2D1BWP16P90LVT, "instance: testbench.test_module.U83"
  SDF Warning: The path from U83.Z to add_42.U104.A2 doesn't have a simple 
  wire connection, delay will still be annotated.


Warning-[SDFCOM_SWC] Simple Wire Connection
/MasterClass/M143010027_ALU/Hws/HW1/gate_level/FLP_mul/Between/round1/timing.sdf, 493
module: MUX2D1BWP16P90LVT, "instance: testbench.test_module.U82"
  SDF Warning: The path from U82.Z to add_42.U97.A2 doesn't have a simple wire
  connection, delay will still be annotated.


Warning-[SDFCOM_SWC] Simple Wire Connection
/MasterClass/M143010027_ALU/Hws/HW1/gate_level/FLP_mul/Between/round1/timing.sdf, 494
module: MUX2D1BWP16P90LVT, "instance: testbench.test_module.U82"
  SDF Warning: The path from U82.Z to add_42.U93.A1 doesn't have a simple wire
  connection, delay will still be annotated.


Warning-[SDFCOM_SWC] Simple Wire Connection
/MasterClass/M143010027_ALU/Hws/HW1/gate_level/FLP_mul/Between/round1/timing.sdf, 495
module: MUX2D1BWP16P90LVT, "instance: testbench.test_module.U81"
  SDF Warning: The path from U81.Z to add_42.U93.A2 doesn't have a simple wire
  connection, delay will still be annotated.


Warning-[SDFCOM_SWC] Simple Wire Connection
/MasterClass/M143010027_ALU/Hws/HW1/gate_level/FLP_mul/Between/round1/timing.sdf, 498
module: MUX2D1BWP16P90LVT, "instance: testbench.test_module.U80"
  SDF Warning: The path from U80.Z to add_42.U82.A1 doesn't have a simple wire
  connection, delay will still be annotated.


Warning-[SDFCOM_SWC] Simple Wire Connection
/MasterClass/M143010027_ALU/Hws/HW1/gate_level/FLP_mul/Between/round1/timing.sdf, 499
module: MUX2D1BWP16P90LVT, "instance: testbench.test_module.U79"
  SDF Warning: The path from U79.Z to add_42.U82.A2 doesn't have a simple wire
  connection, delay will still be annotated.


Warning-[SDFCOM_SWC] Simple Wire Connection
/MasterClass/M143010027_ALU/Hws/HW1/gate_level/FLP_mul/Between/round1/timing.sdf, 502
module: MUX2D1BWP16P90LVT, "instance: testbench.test_module.U78"
  SDF Warning: The path from U78.Z to add_42.U69.A1 doesn't have a simple wire
  connection, delay will still be annotated.


Warning-[SDFCOM_SWC] Simple Wire Connection
/MasterClass/M143010027_ALU/Hws/HW1/gate_level/FLP_mul/Between/round1/timing.sdf, 503
module: MUX2D1BWP16P90LVT, "instance: testbench.test_module.U77"
  SDF Warning: The path from U77.Z to add_42.U69.A2 doesn't have a simple wire
  connection, delay will still be annotated.


Warning-[SDFCOM_SWC] Simple Wire Connection
/MasterClass/M143010027_ALU/Hws/HW1/gate_level/FLP_mul/Between/round1/timing.sdf, 506
module: MUX2D1BWP16P90LVT, "instance: testbench.test_module.U76"
  SDF Warning: The path from U76.Z to add_42.U58.A1 doesn't have a simple wire
  connection, delay will still be annotated.


Warning-[SDFCOM_SWC] Simple Wire Connection
/MasterClass/M143010027_ALU/Hws/HW1/gate_level/FLP_mul/Between/round1/timing.sdf, 507
module: MUX2D1BWP16P90LVT, "instance: testbench.test_module.U75"
  SDF Warning: The path from U75.Z to add_42.U58.A2 doesn't have a simple wire
  connection, delay will still be annotated.


Warning-[SDFCOM_SWC] Simple Wire Connection
/MasterClass/M143010027_ALU/Hws/HW1/gate_level/FLP_mul/Between/round1/timing.sdf, 510
module: MUX2D1BWP16P90LVT, "instance: testbench.test_module.U74"
  SDF Warning: The path from U74.Z to add_42.U45.A1 doesn't have a simple wire
  connection, delay will still be annotated.


Warning-[SDFCOM_SWC] Simple Wire Connection
/MasterClass/M143010027_ALU/Hws/HW1/gate_level/FLP_mul/Between/round1/timing.sdf, 511
module: MUX2D1BWP16P90LVT, "instance: testbench.test_module.U73"
  SDF Warning: The path from U73.Z to add_42.U45.A2 doesn't have a simple wire
  connection, delay will still be annotated.


Warning-[SDFCOM_SWC] Simple Wire Connection
/MasterClass/M143010027_ALU/Hws/HW1/gate_level/FLP_mul/Between/round1/timing.sdf, 514
module: MUX2D1BWP16P90LVT, "instance: testbench.test_module.U72"
  SDF Warning: The path from U72.Z to add_42.U34.A1 doesn't have a simple wire
  connection, delay will still be annotated.


Warning-[SDFCOM_SWC] Simple Wire Connection
/MasterClass/M143010027_ALU/Hws/HW1/gate_level/FLP_mul/Between/round1/timing.sdf, 515
module: MUX2D1BWP16P90LVT, "instance: testbench.test_module.U71"
  SDF Warning: The path from U71.Z to add_42.U34.A2 doesn't have a simple wire
  connection, delay will still be annotated.


Warning-[SDFCOM_SWC] Simple Wire Connection
/MasterClass/M143010027_ALU/Hws/HW1/gate_level/FLP_mul/Between/round1/timing.sdf, 518
module: MUX2D1BWP16P90LVT, "instance: testbench.test_module.U70"
  SDF Warning: The path from U70.Z to add_42.U21.A1 doesn't have a simple wire
  connection, delay will still be annotated.


Warning-[SDFCOM_SWC] Simple Wire Connection
/MasterClass/M143010027_ALU/Hws/HW1/gate_level/FLP_mul/Between/round1/timing.sdf, 519
module: MUX2D1BWP16P90LVT, "instance: testbench.test_module.U69"
  SDF Warning: The path from U69.Z to add_42.U21.A2 doesn't have a simple wire
  connection, delay will still be annotated.


Warning-[SDFCOM_SWC] Simple Wire Connection
/MasterClass/M143010027_ALU/Hws/HW1/gate_level/FLP_mul/Between/round1/timing.sdf, 522
module: MUX2D1BWP16P90LVT, "instance: testbench.test_module.U68"
  SDF Warning: The path from U68.Z to add_42.U10.A1 doesn't have a simple wire
  connection, delay will still be annotated.


Warning-[SDFCOM_SWC] Simple Wire Connection
/MasterClass/M143010027_ALU/Hws/HW1/gate_level/FLP_mul/Between/round1/timing.sdf, 523
module: MUX2D1BWP16P90LVT, "instance: testbench.test_module.U67"
  SDF Warning: The path from U67.Z to add_42.U10.A2 doesn't have a simple wire
  connection, delay will still be annotated.


Warning-[SDFCOM_SWC] Simple Wire Connection
/MasterClass/M143010027_ALU/Hws/HW1/gate_level/FLP_mul/Between/round1/timing.sdf, 526
module: FLP_mul, "instance: testbench.test_module"
  SDF Warning: The path from   a to mult_31.U2425.I doesn't have a simple wire
  connection, delay will still be annotated.


Warning-[SDFCOM_SWC] Simple Wire Connection
/MasterClass/M143010027_ALU/Hws/HW1/gate_level/FLP_mul/Between/round1/timing.sdf, 527
module: FLP_mul, "instance: testbench.test_module"
  SDF Warning: The path from   a to mult_31.U2424.A1 doesn't have a simple 
  wire connection, delay will still be annotated.


Warning-[SDFCOM_SWC] Simple Wire Connection
/MasterClass/M143010027_ALU/Hws/HW1/gate_level/FLP_mul/Between/round1/timing.sdf, 528
module: FLP_mul, "instance: testbench.test_module"
  SDF Warning: The path from   a to mult_31.U2424.A2 doesn't have a simple 
  wire connection, delay will still be annotated.


Warning-[SDFCOM_SWC] Simple Wire Connection
/MasterClass/M143010027_ALU/Hws/HW1/gate_level/FLP_mul/Between/round1/timing.sdf, 529
module: FLP_mul, "instance: testbench.test_module"
  SDF Warning: The path from   a to mult_31.U2423.A1 doesn't have a simple 
  wire connection, delay will still be annotated.


Warning-[SDFCOM_SWC] Simple Wire Connection
/MasterClass/M143010027_ALU/Hws/HW1/gate_level/FLP_mul/Between/round1/timing.sdf, 530
module: FLP_mul, "instance: testbench.test_module"
  SDF Warning: The path from   a to mult_31.U2423.A2 doesn't have a simple 
  wire connection, delay will still be annotated.


Warning-[SDFCOM_SWC] Simple Wire Connection
/MasterClass/M143010027_ALU/Hws/HW1/gate_level/FLP_mul/Between/round1/timing.sdf, 531
module: FLP_mul, "instance: testbench.test_module"
  SDF Warning: The path from   a to mult_31.U2422.A1 doesn't have a simple 
  wire connection, delay will still be annotated.


Warning-[SDFCOM_SWC] Simple Wire Connection
/MasterClass/M143010027_ALU/Hws/HW1/gate_level/FLP_mul/Between/round1/timing.sdf, 532
module: FLP_mul, "instance: testbench.test_module"
  SDF Warning: The path from   a to mult_31.U2422.A2 doesn't have a simple 
  wire connection, delay will still be annotated.


Warning-[SDFCOM_SWC] Simple Wire Connection
/MasterClass/M143010027_ALU/Hws/HW1/gate_level/FLP_mul/Between/round1/timing.sdf, 533
module: FLP_mul, "instance: testbench.test_module"
  SDF Warning: The path from   a to mult_31.U2421.I doesn't have a simple wire
  connection, delay will still be annotated.


Warning-[SDFCOM_SWC] Simple Wire Connection
/MasterClass/M143010027_ALU/Hws/HW1/gate_level/FLP_mul/Between/round1/timing.sdf, 534
module: FLP_mul, "instance: testbench.test_module"
  SDF Warning: The path from   a to mult_31.U2420.A1 doesn't have a simple 
  wire connection, delay will still be annotated.


Warning-[SDFCOM_SWC] Simple Wire Connection
/MasterClass/M143010027_ALU/Hws/HW1/gate_level/FLP_mul/Between/round1/timing.sdf, 535
module: FLP_mul, "instance: testbench.test_module"
  SDF Warning: The path from   a to mult_31.U2420.A2 doesn't have a simple 
  wire connection, delay will still be annotated.


Warning-[SDFCOM_SWC] Simple Wire Connection
/MasterClass/M143010027_ALU/Hws/HW1/gate_level/FLP_mul/Between/round1/timing.sdf, 536
module: FLP_mul, "instance: testbench.test_module"
  SDF Warning: The path from   a to mult_31.U2419.A1 doesn't have a simple 
  wire connection, delay will still be annotated.


Warning-[SDFCOM_SWC] Simple Wire Connection
/MasterClass/M143010027_ALU/Hws/HW1/gate_level/FLP_mul/Between/round1/timing.sdf, 537
module: FLP_mul, "instance: testbench.test_module"
  SDF Warning: The path from   a to mult_31.U2419.A2 doesn't have a simple 
  wire connection, delay will still be annotated.


Warning-[SDFCOM_SWC] Simple Wire Connection
/MasterClass/M143010027_ALU/Hws/HW1/gate_level/FLP_mul/Between/round1/timing.sdf, 538
module: FLP_mul, "instance: testbench.test_module"
  SDF Warning: The path from   b to mult_31.U2418.I doesn't have a simple wire
  connection, delay will still be annotated.


Warning-[SDFCOM_SWC] Simple Wire Connection
/MasterClass/M143010027_ALU/Hws/HW1/gate_level/FLP_mul/Between/round1/timing.sdf, 539
module: FLP_mul, "instance: testbench.test_module"
  SDF Warning: The path from   a to mult_31.U2417.A1 doesn't have a simple 
  wire connection, delay will still be annotated.


Warning-[SDFCOM_SWC] Simple Wire Connection
/MasterClass/M143010027_ALU/Hws/HW1/gate_level/FLP_mul/Between/round1/timing.sdf, 540
module: FLP_mul, "instance: testbench.test_module"
  SDF Warning: The path from   a to mult_31.U2417.A2 doesn't have a simple 
  wire connection, delay will still be annotated.


Warning-[SDFCOM_SWC] Simple Wire Connection
/MasterClass/M143010027_ALU/Hws/HW1/gate_level/FLP_mul/Between/round1/timing.sdf, 541
module: FLP_mul, "instance: testbench.test_module"
  SDF Warning: The path from   a to mult_31.U2416.I doesn't have a simple wire
  connection, delay will still be annotated.


Warning-[SDFCOM_SWC] Simple Wire Connection
/MasterClass/M143010027_ALU/Hws/HW1/gate_level/FLP_mul/Between/round1/timing.sdf, 542
module: FLP_mul, "instance: testbench.test_module"
  SDF Warning: The path from   a to mult_31.U2415.A1 doesn't have a simple 
  wire connection, delay will still be annotated.


Warning-[SDFCOM_SWC] Simple Wire Connection
/MasterClass/M143010027_ALU/Hws/HW1/gate_level/FLP_mul/Between/round1/timing.sdf, 543
module: FLP_mul, "instance: testbench.test_module"
  SDF Warning: The path from   a to mult_31.U2415.A2 doesn't have a simple 
  wire connection, delay will still be annotated.


Warning-[SDFCOM_SWC] Simple Wire Connection
/MasterClass/M143010027_ALU/Hws/HW1/gate_level/FLP_mul/Between/round1/timing.sdf, 544
module: FLP_mul, "instance: testbench.test_module"
  SDF Warning: The path from   a to mult_31.U2414.A1 doesn't have a simple 
  wire connection, delay will still be annotated.


Warning-[SDFCOM_SWC] Simple Wire Connection
/MasterClass/M143010027_ALU/Hws/HW1/gate_level/FLP_mul/Between/round1/timing.sdf, 545
module: FLP_mul, "instance: testbench.test_module"
  SDF Warning: The path from   a to mult_31.U2414.A2 doesn't have a simple 
  wire connection, delay will still be annotated.


Warning-[SDFCOM_SWC] Simple Wire Connection
/MasterClass/M143010027_ALU/Hws/HW1/gate_level/FLP_mul/Between/round1/timing.sdf, 546
module: FLP_mul, "instance: testbench.test_module"
  SDF Warning: The path from   a to mult_31.U2413.A1 doesn't have a simple 
  wire connection, delay will still be annotated.


Warning-[SDFCOM_SWC] Simple Wire Connection
/MasterClass/M143010027_ALU/Hws/HW1/gate_level/FLP_mul/Between/round1/timing.sdf, 547
module: FLP_mul, "instance: testbench.test_module"
  SDF Warning: The path from   a to mult_31.U2413.A2 doesn't have a simple 
  wire connection, delay will still be annotated.


Warning-[SDFCOM_SWC] Simple Wire Connection
/MasterClass/M143010027_ALU/Hws/HW1/gate_level/FLP_mul/Between/round1/timing.sdf, 548
module: FLP_mul, "instance: testbench.test_module"
  SDF Warning: The path from   a to mult_31.U2412.A1 doesn't have a simple 
  wire connection, delay will still be annotated.


Warning-[SDFCOM_SWC] Simple Wire Connection
/MasterClass/M143010027_ALU/Hws/HW1/gate_level/FLP_mul/Between/round1/timing.sdf, 549
module: FLP_mul, "instance: testbench.test_module"
  SDF Warning: The path from   a to mult_31.U2412.A2 doesn't have a simple 
  wire connection, delay will still be annotated.


Warning-[SDFCOM_SWC] Simple Wire Connection
/MasterClass/M143010027_ALU/Hws/HW1/gate_level/FLP_mul/Between/round1/timing.sdf, 550
module: FLP_mul, "instance: testbench.test_module"
  SDF Warning: The path from   a to mult_31.U2411.A1 doesn't have a simple 
  wire connection, delay will still be annotated.


Warning-[SDFCOM_SWC] Simple Wire Connection
/MasterClass/M143010027_ALU/Hws/HW1/gate_level/FLP_mul/Between/round1/timing.sdf, 551
module: FLP_mul, "instance: testbench.test_module"
  SDF Warning: The path from   a to mult_31.U2411.A2 doesn't have a simple 
  wire connection, delay will still be annotated.


Warning-[SDFCOM_SWC] Simple Wire Connection
/MasterClass/M143010027_ALU/Hws/HW1/gate_level/FLP_mul/Between/round1/timing.sdf, 552
module: FLP_mul, "instance: testbench.test_module"
  SDF Warning: The path from   a to mult_31.U2410.A1 doesn't have a simple 
  wire connection, delay will still be annotated.


Warning-[SDFCOM_SWC] Simple Wire Connection
/MasterClass/M143010027_ALU/Hws/HW1/gate_level/FLP_mul/Between/round1/timing.sdf, 553
module: FLP_mul, "instance: testbench.test_module"
  SDF Warning: The path from   a to mult_31.U2410.A2 doesn't have a simple 
  wire connection, delay will still be annotated.


Warning-[SDFCOM_SWC] Simple Wire Connection
/MasterClass/M143010027_ALU/Hws/HW1/gate_level/FLP_mul/Between/round1/timing.sdf, 554
module: FLP_mul, "instance: testbench.test_module"
  SDF Warning: The path from   a to mult_31.U2409.A1 doesn't have a simple 
  wire connection, delay will still be annotated.


Warning-[SDFCOM_SWC] Simple Wire Connection
/MasterClass/M143010027_ALU/Hws/HW1/gate_level/FLP_mul/Between/round1/timing.sdf, 555
module: FLP_mul, "instance: testbench.test_module"
  SDF Warning: The path from   a to mult_31.U2409.A2 doesn't have a simple 
  wire connection, delay will still be annotated.


Warning-[SDFCOM_SWC] Simple Wire Connection
/MasterClass/M143010027_ALU/Hws/HW1/gate_level/FLP_mul/Between/round1/timing.sdf, 556
module: FLP_mul, "instance: testbench.test_module"
  SDF Warning: The path from   a to mult_31.U2408.A1 doesn't have a simple 
  wire connection, delay will still be annotated.


Warning-[SDFCOM_SWC] Simple Wire Connection
/MasterClass/M143010027_ALU/Hws/HW1/gate_level/FLP_mul/Between/round1/timing.sdf, 557
module: FLP_mul, "instance: testbench.test_module"
  SDF Warning: The path from   a to mult_31.U2408.A2 doesn't have a simple 
  wire connection, delay will still be annotated.


Warning-[SDFCOM_SWC] Simple Wire Connection
/MasterClass/M143010027_ALU/Hws/HW1/gate_level/FLP_mul/Between/round1/timing.sdf, 558
module: FLP_mul, "instance: testbench.test_module"
  SDF Warning: The path from   a to mult_31.U2407.I doesn't have a simple wire
  connection, delay will still be annotated.


Warning-[SDFCOM_SWC] Simple Wire Connection
/MasterClass/M143010027_ALU/Hws/HW1/gate_level/FLP_mul/Between/round1/timing.sdf, 559
module: FLP_mul, "instance: testbench.test_module"
  SDF Warning: The path from   a to mult_31.U2406.A1 doesn't have a simple 
  wire connection, delay will still be annotated.


Warning-[SDFCOM_SWC] Simple Wire Connection
/MasterClass/M143010027_ALU/Hws/HW1/gate_level/FLP_mul/Between/round1/timing.sdf, 560
module: FLP_mul, "instance: testbench.test_module"
  SDF Warning: The path from   a to mult_31.U2406.A2 doesn't have a simple 
  wire connection, delay will still be annotated.


Warning-[SDFCOM_SWC] Simple Wire Connection
/MasterClass/M143010027_ALU/Hws/HW1/gate_level/FLP_mul/Between/round1/timing.sdf, 561
module: FLP_mul, "instance: testbench.test_module"
  SDF Warning: The path from   a to mult_31.U2405.A1 doesn't have a simple 
  wire connection, delay will still be annotated.


Warning-[SDFCOM_SWC] Simple Wire Connection
/MasterClass/M143010027_ALU/Hws/HW1/gate_level/FLP_mul/Between/round1/timing.sdf, 562
module: FLP_mul, "instance: testbench.test_module"
  SDF Warning: The path from   a to mult_31.U2405.A2 doesn't have a simple 
  wire connection, delay will still be annotated.


Warning-[SDFCOM_SWC] Simple Wire Connection
/MasterClass/M143010027_ALU/Hws/HW1/gate_level/FLP_mul/Between/round1/timing.sdf, 563
module: FLP_mul, "instance: testbench.test_module"
  SDF Warning: The path from   a to mult_31.U2404.I doesn't have a simple wire
  connection, delay will still be annotated.


Warning-[SDFCOM_SWC] Simple Wire Connection
/MasterClass/M143010027_ALU/Hws/HW1/gate_level/FLP_mul/Between/round1/timing.sdf, 564
module: FLP_mul, "instance: testbench.test_module"
  SDF Warning: The path from   a to mult_31.U2403.A1 doesn't have a simple 
  wire connection, delay will still be annotated.


Warning-[SDFCOM_SWC] Simple Wire Connection
/MasterClass/M143010027_ALU/Hws/HW1/gate_level/FLP_mul/Between/round1/timing.sdf, 565
module: FLP_mul, "instance: testbench.test_module"
  SDF Warning: The path from   a to mult_31.U2403.A2 doesn't have a simple 
  wire connection, delay will still be annotated.


Warning-[SDFCOM_SWC] Simple Wire Connection
/MasterClass/M143010027_ALU/Hws/HW1/gate_level/FLP_mul/Between/round1/timing.sdf, 566
module: FLP_mul, "instance: testbench.test_module"
  SDF Warning: The path from   a to mult_31.U2402.I doesn't have a simple wire
  connection, delay will still be annotated.


Warning-[SDFCOM_SWC] Simple Wire Connection
/MasterClass/M143010027_ALU/Hws/HW1/gate_level/FLP_mul/Between/round1/timing.sdf, 567
module: FLP_mul, "instance: testbench.test_module"
  SDF Warning: The path from   a to mult_31.U2401.A1 doesn't have a simple 
  wire connection, delay will still be annotated.


Warning-[SDFCOM_SWC] Simple Wire Connection
/MasterClass/M143010027_ALU/Hws/HW1/gate_level/FLP_mul/Between/round1/timing.sdf, 568
module: FLP_mul, "instance: testbench.test_module"
  SDF Warning: The path from   a to mult_31.U2401.A2 doesn't have a simple 
  wire connection, delay will still be annotated.


Warning-[SDFCOM_SWC] Simple Wire Connection
/MasterClass/M143010027_ALU/Hws/HW1/gate_level/FLP_mul/Between/round1/timing.sdf, 569
module: FLP_mul, "instance: testbench.test_module"
  SDF Warning: The path from   b to mult_31.U2400.I doesn't have a simple wire
  connection, delay will still be annotated.


Warning-[SDFCOM_SWC] Simple Wire Connection
/MasterClass/M143010027_ALU/Hws/HW1/gate_level/FLP_mul/Between/round1/timing.sdf, 570
module: FLP_mul, "instance: testbench.test_module"
  SDF Warning: The path from   a to mult_31.U2399.I doesn't have a simple wire
  connection, delay will still be annotated.


Warning-[SDFCOM_SWC] Simple Wire Connection
/MasterClass/M143010027_ALU/Hws/HW1/gate_level/FLP_mul/Between/round1/timing.sdf, 571
module: FLP_mul, "instance: testbench.test_module"
  SDF Warning: The path from   a to mult_31.U2398.A1 doesn't have a simple 
  wire connection, delay will still be annotated.


Warning-[SDFCOM_SWC] Simple Wire Connection
/MasterClass/M143010027_ALU/Hws/HW1/gate_level/FLP_mul/Between/round1/timing.sdf, 572
module: FLP_mul, "instance: testbench.test_module"
  SDF Warning: The path from   a to mult_31.U2398.A2 doesn't have a simple 
  wire connection, delay will still be annotated.


Warning-[SDFCOM_SWC] Simple Wire Connection
/MasterClass/M143010027_ALU/Hws/HW1/gate_level/FLP_mul/Between/round1/timing.sdf, 573
module: FLP_mul, "instance: testbench.test_module"
  SDF Warning: The path from   b to mult_31.U2397.I doesn't have a simple wire
  connection, delay will still be annotated.


Warning-[SDFCOM_SWC] Simple Wire Connection
/MasterClass/M143010027_ALU/Hws/HW1/gate_level/FLP_mul/Between/round1/timing.sdf, 574
module: FLP_mul, "instance: testbench.test_module"
  SDF Warning: The path from   a to mult_31.U2396.A1 doesn't have a simple 
  wire connection, delay will still be annotated.


Warning-[SDFCOM_SWC] Simple Wire Connection
/MasterClass/M143010027_ALU/Hws/HW1/gate_level/FLP_mul/Between/round1/timing.sdf, 575
module: FLP_mul, "instance: testbench.test_module"
  SDF Warning: The path from   a to mult_31.U2396.A2 doesn't have a simple 
  wire connection, delay will still be annotated.


Warning-[SDFCOM_SWC] Simple Wire Connection
/MasterClass/M143010027_ALU/Hws/HW1/gate_level/FLP_mul/Between/round1/timing.sdf, 576
module: FLP_mul, "instance: testbench.test_module"
  SDF Warning: The path from   b to mult_31.U2395.I doesn't have a simple wire
  connection, delay will still be annotated.


Warning-[SDFCOM_SWC] Simple Wire Connection
/MasterClass/M143010027_ALU/Hws/HW1/gate_level/FLP_mul/Between/round1/timing.sdf, 577
module: FLP_mul, "instance: testbench.test_module"
  SDF Warning: The path from   a to mult_31.U2394.I doesn't have a simple wire
  connection, delay will still be annotated.


Warning-[SDFCOM_SWC] Simple Wire Connection
/MasterClass/M143010027_ALU/Hws/HW1/gate_level/FLP_mul/Between/round1/timing.sdf, 578
module: FLP_mul, "instance: testbench.test_module"
  SDF Warning: The path from   a to mult_31.U2393.A1 doesn't have a simple 
  wire connection, delay will still be annotated.


Warning-[SDFCOM_SWC] Simple Wire Connection
/MasterClass/M143010027_ALU/Hws/HW1/gate_level/FLP_mul/Between/round1/timing.sdf, 579
module: FLP_mul, "instance: testbench.test_module"
  SDF Warning: The path from   a to mult_31.U2393.A2 doesn't have a simple 
  wire connection, delay will still be annotated.


Warning-[SDFCOM_SWC] Simple Wire Connection
/MasterClass/M143010027_ALU/Hws/HW1/gate_level/FLP_mul/Between/round1/timing.sdf, 580
module: FLP_mul, "instance: testbench.test_module"
  SDF Warning: The path from   b to mult_31.U2392.I doesn't have a simple wire
  connection, delay will still be annotated.


Warning-[SDFCOM_SWC] Simple Wire Connection
/MasterClass/M143010027_ALU/Hws/HW1/gate_level/FLP_mul/Between/round1/timing.sdf, 581
module: FLP_mul, "instance: testbench.test_module"
  SDF Warning: The path from   a to mult_31.U2391.I doesn't have a simple wire
  connection, delay will still be annotated.


Warning-[SDFCOM_SWC] Simple Wire Connection
/MasterClass/M143010027_ALU/Hws/HW1/gate_level/FLP_mul/Between/round1/timing.sdf, 582
module: FLP_mul, "instance: testbench.test_module"
  SDF Warning: The path from   a to mult_31.U2390.A1 doesn't have a simple 
  wire connection, delay will still be annotated.


Warning-[SDFCOM_SWC] Simple Wire Connection
/MasterClass/M143010027_ALU/Hws/HW1/gate_level/FLP_mul/Between/round1/timing.sdf, 583
module: FLP_mul, "instance: testbench.test_module"
  SDF Warning: The path from   a to mult_31.U2390.A2 doesn't have a simple 
  wire connection, delay will still be annotated.


Warning-[SDFCOM_SWC] Simple Wire Connection
/MasterClass/M143010027_ALU/Hws/HW1/gate_level/FLP_mul/Between/round1/timing.sdf, 584
module: FLP_mul, "instance: testbench.test_module"
  SDF Warning: The path from   b to mult_31.U2389.I doesn't have a simple wire
  connection, delay will still be annotated.


Warning-[SDFCOM_SWC] Simple Wire Connection
/MasterClass/M143010027_ALU/Hws/HW1/gate_level/FLP_mul/Between/round1/timing.sdf, 585
module: FLP_mul, "instance: testbench.test_module"
  SDF Warning: The path from   b to mult_31.U2388.I doesn't have a simple wire
  connection, delay will still be annotated.


Warning-[SDFCOM_SWC] Simple Wire Connection
/MasterClass/M143010027_ALU/Hws/HW1/gate_level/FLP_mul/Between/round1/timing.sdf, 590
module: FLP_mul, "instance: testbench.test_module"
  SDF Warning: The path from   b to mult_31.U2386.A2 doesn't have a simple 
  wire connection, delay will still be annotated.


Warning-[SDFCOM_SWC] Simple Wire Connection
/MasterClass/M143010027_ALU/Hws/HW1/gate_level/FLP_mul/Between/round1/timing.sdf, 596
module: FLP_mul, "instance: testbench.test_module"
  SDF Warning: The path from   a to mult_31.U2384.A2 doesn't have a simple 
  wire connection, delay will still be annotated.


Warning-[SDFCOM_SWC] Simple Wire Connection
/MasterClass/M143010027_ALU/Hws/HW1/gate_level/FLP_mul/Between/round1/timing.sdf, 598
module: FLP_mul, "instance: testbench.test_module"
  SDF Warning: The path from   b to mult_31.U2383.A2 doesn't have a simple 
  wire connection, delay will still be annotated.


Warning-[SDFCOM_SWC] Simple Wire Connection
/MasterClass/M143010027_ALU/Hws/HW1/gate_level/FLP_mul/Between/round1/timing.sdf, 600
module: FLP_mul, "instance: testbench.test_module"
  SDF Warning: The path from   b to mult_31.U2383.B2 doesn't have a simple 
  wire connection, delay will still be annotated.


Warning-[SDFCOM_SWC] Simple Wire Connection
/MasterClass/M143010027_ALU/Hws/HW1/gate_level/FLP_mul/Between/round1/timing.sdf, 602
module: FLP_mul, "instance: testbench.test_module"
  SDF Warning: The path from   b to mult_31.U2383.C2 doesn't have a simple 
  wire connection, delay will still be annotated.


Warning-[SDFCOM_SWC] Simple Wire Connection
/MasterClass/M143010027_ALU/Hws/HW1/gate_level/FLP_mul/Between/round1/timing.sdf, 604
module: FLP_mul, "instance: testbench.test_module"
  SDF Warning: The path from   b to mult_31.U2382.A2 doesn't have a simple 
  wire connection, delay will still be annotated.


Warning-[SDFCOM_SWC] Simple Wire Connection
/MasterClass/M143010027_ALU/Hws/HW1/gate_level/FLP_mul/Between/round1/timing.sdf, 607
module: FLP_mul, "instance: testbench.test_module"
  SDF Warning: The path from   a to mult_31.U2381.A2 doesn't have a simple 
  wire connection, delay will still be annotated.


Warning-[SDFCOM_SWC] Simple Wire Connection
/MasterClass/M143010027_ALU/Hws/HW1/gate_level/FLP_mul/Between/round1/timing.sdf, 609
module: FLP_mul, "instance: testbench.test_module"
  SDF Warning: The path from   b to mult_31.U2380.A2 doesn't have a simple 
  wire connection, delay will still be annotated.


Warning-[SDFCOM_SWC] Simple Wire Connection
/MasterClass/M143010027_ALU/Hws/HW1/gate_level/FLP_mul/Between/round1/timing.sdf, 611
module: FLP_mul, "instance: testbench.test_module"
  SDF Warning: The path from   b to mult_31.U2380.B2 doesn't have a simple 
  wire connection, delay will still be annotated.


Warning-[SDFCOM_SWC] Simple Wire Connection
/MasterClass/M143010027_ALU/Hws/HW1/gate_level/FLP_mul/Between/round1/timing.sdf, 613
module: FLP_mul, "instance: testbench.test_module"
  SDF Warning: The path from   b to mult_31.U2380.C2 doesn't have a simple 
  wire connection, delay will still be annotated.


Warning-[SDFCOM_SWC] Simple Wire Connection
/MasterClass/M143010027_ALU/Hws/HW1/gate_level/FLP_mul/Between/round1/timing.sdf, 615
module: FLP_mul, "instance: testbench.test_module"
  SDF Warning: The path from   b to mult_31.U2379.A2 doesn't have a simple 
  wire connection, delay will still be annotated.


Warning-[SDFCOM_SWC] Simple Wire Connection
/MasterClass/M143010027_ALU/Hws/HW1/gate_level/FLP_mul/Between/round1/timing.sdf, 617
module: FLP_mul, "instance: testbench.test_module"
  SDF Warning: The path from   b to mult_31.U2379.B2 doesn't have a simple 
  wire connection, delay will still be annotated.


Warning-[SDFCOM_SWC] Simple Wire Connection
/MasterClass/M143010027_ALU/Hws/HW1/gate_level/FLP_mul/Between/round1/timing.sdf, 619
module: FLP_mul, "instance: testbench.test_module"
  SDF Warning: The path from   b to mult_31.U2379.C2 doesn't have a simple 
  wire connection, delay will still be annotated.


Warning-[SDFCOM_SWC] Simple Wire Connection
/MasterClass/M143010027_ALU/Hws/HW1/gate_level/FLP_mul/Between/round1/timing.sdf, 621
module: FLP_mul, "instance: testbench.test_module"
  SDF Warning: The path from   b to mult_31.U2378.A2 doesn't have a simple 
  wire connection, delay will still be annotated.


Warning-[SDFCOM_SWC] Simple Wire Connection
/MasterClass/M143010027_ALU/Hws/HW1/gate_level/FLP_mul/Between/round1/timing.sdf, 623
module: FLP_mul, "instance: testbench.test_module"
  SDF Warning: The path from   b to mult_31.U2378.B2 doesn't have a simple 
  wire connection, delay will still be annotated.


Warning-[SDFCOM_SWC] Simple Wire Connection
/MasterClass/M143010027_ALU/Hws/HW1/gate_level/FLP_mul/Between/round1/timing.sdf, 625
module: FLP_mul, "instance: testbench.test_module"
  SDF Warning: The path from   b to mult_31.U2378.C2 doesn't have a simple 
  wire connection, delay will still be annotated.


Warning-[SDFCOM_SWC] Simple Wire Connection
/MasterClass/M143010027_ALU/Hws/HW1/gate_level/FLP_mul/Between/round1/timing.sdf, 627
module: FLP_mul, "instance: testbench.test_module"
  SDF Warning: The path from   b to mult_31.U2377.A2 doesn't have a simple 
  wire connection, delay will still be annotated.


Warning-[SDFCOM_SWC] Simple Wire Connection
/MasterClass/M143010027_ALU/Hws/HW1/gate_level/FLP_mul/Between/round1/timing.sdf, 629
module: FLP_mul, "instance: testbench.test_module"
  SDF Warning: The path from   b to mult_31.U2377.B2 doesn't have a simple 
  wire connection, delay will still be annotated.


Warning-[SDFCOM_SWC] Simple Wire Connection
/MasterClass/M143010027_ALU/Hws/HW1/gate_level/FLP_mul/Between/round1/timing.sdf, 631
module: FLP_mul, "instance: testbench.test_module"
  SDF Warning: The path from   b to mult_31.U2377.C2 doesn't have a simple 
  wire connection, delay will still be annotated.


Warning-[SDFCOM_SWC] Simple Wire Connection
/MasterClass/M143010027_ALU/Hws/HW1/gate_level/FLP_mul/Between/round1/timing.sdf, 633
module: FLP_mul, "instance: testbench.test_module"
  SDF Warning: The path from   a to mult_31.U2376.A2 doesn't have a simple 
  wire connection, delay will still be annotated.


Warning-[SDFCOM_SWC] Simple Wire Connection
/MasterClass/M143010027_ALU/Hws/HW1/gate_level/FLP_mul/Between/round1/timing.sdf, 635
module: FLP_mul, "instance: testbench.test_module"
  SDF Warning: The path from   b to mult_31.U2375.A2 doesn't have a simple 
  wire connection, delay will still be annotated.


Warning-[SDFCOM_SWC] Simple Wire Connection
/MasterClass/M143010027_ALU/Hws/HW1/gate_level/FLP_mul/Between/round1/timing.sdf, 638
module: FLP_mul, "instance: testbench.test_module"
  SDF Warning: The path from   b to mult_31.U2374.A2 doesn't have a simple 
  wire connection, delay will still be annotated.


Warning-[SDFCOM_SWC] Simple Wire Connection
/MasterClass/M143010027_ALU/Hws/HW1/gate_level/FLP_mul/Between/round1/timing.sdf, 640
module: FLP_mul, "instance: testbench.test_module"
  SDF Warning: The path from   b to mult_31.U2374.B2 doesn't have a simple 
  wire connection, delay will still be annotated.


Warning-[SDFCOM_SWC] Simple Wire Connection
/MasterClass/M143010027_ALU/Hws/HW1/gate_level/FLP_mul/Between/round1/timing.sdf, 642
module: FLP_mul, "instance: testbench.test_module"
  SDF Warning: The path from   b to mult_31.U2374.C2 doesn't have a simple 
  wire connection, delay will still be annotated.


Warning-[SDFCOM_SWC] Simple Wire Connection
/MasterClass/M143010027_ALU/Hws/HW1/gate_level/FLP_mul/Between/round1/timing.sdf, 644
module: FLP_mul, "instance: testbench.test_module"
  SDF Warning: The path from   b to mult_31.U2373.A2 doesn't have a simple 
  wire connection, delay will still be annotated.


Warning-[SDFCOM_SWC] Simple Wire Connection
/MasterClass/M143010027_ALU/Hws/HW1/gate_level/FLP_mul/Between/round1/timing.sdf, 647
module: FLP_mul, "instance: testbench.test_module"
  SDF Warning: The path from   a to mult_31.U2372.A2 doesn't have a simple 
  wire connection, delay will still be annotated.


Warning-[SDFCOM_SWC] Simple Wire Connection
/MasterClass/M143010027_ALU/Hws/HW1/gate_level/FLP_mul/Between/round1/timing.sdf, 649
module: FLP_mul, "instance: testbench.test_module"
  SDF Warning: The path from   b to mult_31.U2371.A2 doesn't have a simple 
  wire connection, delay will still be annotated.


Warning-[SDFCOM_SWC] Simple Wire Connection
/MasterClass/M143010027_ALU/Hws/HW1/gate_level/FLP_mul/Between/round1/timing.sdf, 651
module: FLP_mul, "instance: testbench.test_module"
  SDF Warning: The path from   b to mult_31.U2371.B2 doesn't have a simple 
  wire connection, delay will still be annotated.


Warning-[SDFCOM_SWC] Simple Wire Connection
/MasterClass/M143010027_ALU/Hws/HW1/gate_level/FLP_mul/Between/round1/timing.sdf, 653
module: FLP_mul, "instance: testbench.test_module"
  SDF Warning: The path from   b to mult_31.U2371.C2 doesn't have a simple 
  wire connection, delay will still be annotated.


Warning-[SDFCOM_SWC] Simple Wire Connection
/MasterClass/M143010027_ALU/Hws/HW1/gate_level/FLP_mul/Between/round1/timing.sdf, 655
module: FLP_mul, "instance: testbench.test_module"
  SDF Warning: The path from   b to mult_31.U2370.A2 doesn't have a simple 
  wire connection, delay will still be annotated.


Warning-[SDFCOM_SWC] Simple Wire Connection
/MasterClass/M143010027_ALU/Hws/HW1/gate_level/FLP_mul/Between/round1/timing.sdf, 657
module: FLP_mul, "instance: testbench.test_module"
  SDF Warning: The path from   b to mult_31.U2370.B2 doesn't have a simple 
  wire connection, delay will still be annotated.


Warning-[SDFCOM_SWC] Simple Wire Connection
/MasterClass/M143010027_ALU/Hws/HW1/gate_level/FLP_mul/Between/round1/timing.sdf, 659
module: FLP_mul, "instance: testbench.test_module"
  SDF Warning: The path from   b to mult_31.U2370.C2 doesn't have a simple 
  wire connection, delay will still be annotated.


Warning-[SDFCOM_SWC] Simple Wire Connection
/MasterClass/M143010027_ALU/Hws/HW1/gate_level/FLP_mul/Between/round1/timing.sdf, 661
module: FLP_mul, "instance: testbench.test_module"
  SDF Warning: The path from   b to mult_31.U2369.A2 doesn't have a simple 
  wire connection, delay will still be annotated.


Warning-[SDFCOM_SWC] Simple Wire Connection
/MasterClass/M143010027_ALU/Hws/HW1/gate_level/FLP_mul/Between/round1/timing.sdf, 664
module: FLP_mul, "instance: testbench.test_module"
  SDF Warning: The path from   b to mult_31.U2368.A2 doesn't have a simple 
  wire connection, delay will still be annotated.


Warning-[SDFCOM_SWC] Simple Wire Connection
/MasterClass/M143010027_ALU/Hws/HW1/gate_level/FLP_mul/Between/round1/timing.sdf, 666
module: FLP_mul, "instance: testbench.test_module"
  SDF Warning: The path from   b to mult_31.U2368.B2 doesn't have a simple 
  wire connection, delay will still be annotated.


Warning-[SDFCOM_SWC] Simple Wire Connection
/MasterClass/M143010027_ALU/Hws/HW1/gate_level/FLP_mul/Between/round1/timing.sdf, 668
module: FLP_mul, "instance: testbench.test_module"
  SDF Warning: The path from   b to mult_31.U2368.C2 doesn't have a simple 
  wire connection, delay will still be annotated.


Warning-[SDFCOM_SWC] Simple Wire Connection
/MasterClass/M143010027_ALU/Hws/HW1/gate_level/FLP_mul/Between/round1/timing.sdf, 670
module: FLP_mul, "instance: testbench.test_module"
  SDF Warning: The path from   b to mult_31.U2367.A2 doesn't have a simple 
  wire connection, delay will still be annotated.


Warning-[SDFCOM_SWC] Simple Wire Connection
/MasterClass/M143010027_ALU/Hws/HW1/gate_level/FLP_mul/Between/round1/timing.sdf, 672
module: FLP_mul, "instance: testbench.test_module"
  SDF Warning: The path from   b to mult_31.U2367.B2 doesn't have a simple 
  wire connection, delay will still be annotated.


Warning-[SDFCOM_SWC] Simple Wire Connection
/MasterClass/M143010027_ALU/Hws/HW1/gate_level/FLP_mul/Between/round1/timing.sdf, 674
module: FLP_mul, "instance: testbench.test_module"
  SDF Warning: The path from   b to mult_31.U2367.C2 doesn't have a simple 
  wire connection, delay will still be annotated.


Warning-[SDFCOM_SWC] Simple Wire Connection
/MasterClass/M143010027_ALU/Hws/HW1/gate_level/FLP_mul/Between/round1/timing.sdf, 676
module: FLP_mul, "instance: testbench.test_module"
  SDF Warning: The path from   b to mult_31.U2366.A2 doesn't have a simple 
  wire connection, delay will still be annotated.


Warning-[SDFCOM_SWC] Simple Wire Connection
/MasterClass/M143010027_ALU/Hws/HW1/gate_level/FLP_mul/Between/round1/timing.sdf, 678
module: FLP_mul, "instance: testbench.test_module"
  SDF Warning: The path from   b to mult_31.U2366.B2 doesn't have a simple 
  wire connection, delay will still be annotated.


Warning-[SDFCOM_SWC] Simple Wire Connection
/MasterClass/M143010027_ALU/Hws/HW1/gate_level/FLP_mul/Between/round1/timing.sdf, 680
module: FLP_mul, "instance: testbench.test_module"
  SDF Warning: The path from   b to mult_31.U2366.C2 doesn't have a simple 
  wire connection, delay will still be annotated.


Warning-[SDFCOM_SWC] Simple Wire Connection
/MasterClass/M143010027_ALU/Hws/HW1/gate_level/FLP_mul/Between/round1/timing.sdf, 682
module: FLP_mul, "instance: testbench.test_module"
  SDF Warning: The path from   b to mult_31.U2365.A2 doesn't have a simple 
  wire connection, delay will still be annotated.


Warning-[SDFCOM_SWC] Simple Wire Connection
/MasterClass/M143010027_ALU/Hws/HW1/gate_level/FLP_mul/Between/round1/timing.sdf, 684
module: FLP_mul, "instance: testbench.test_module"
  SDF Warning: The path from   b to mult_31.U2365.B2 doesn't have a simple 
  wire connection, delay will still be annotated.


Warning-[SDFCOM_SWC] Simple Wire Connection
/MasterClass/M143010027_ALU/Hws/HW1/gate_level/FLP_mul/Between/round1/timing.sdf, 686
module: FLP_mul, "instance: testbench.test_module"
  SDF Warning: The path from   b to mult_31.U2365.C2 doesn't have a simple 
  wire connection, delay will still be annotated.


Warning-[SDFCOM_SWC] Simple Wire Connection
/MasterClass/M143010027_ALU/Hws/HW1/gate_level/FLP_mul/Between/round1/timing.sdf, 688
module: FLP_mul, "instance: testbench.test_module"
  SDF Warning: The path from   b to mult_31.U2364.A2 doesn't have a simple 
  wire connection, delay will still be annotated.


Warning-[SDFCOM_SWC] Simple Wire Connection
/MasterClass/M143010027_ALU/Hws/HW1/gate_level/FLP_mul/Between/round1/timing.sdf, 690
module: FLP_mul, "instance: testbench.test_module"
  SDF Warning: The path from   b to mult_31.U2364.B2 doesn't have a simple 
  wire connection, delay will still be annotated.


Warning-[SDFCOM_SWC] Simple Wire Connection
/MasterClass/M143010027_ALU/Hws/HW1/gate_level/FLP_mul/Between/round1/timing.sdf, 692
module: FLP_mul, "instance: testbench.test_module"
  SDF Warning: The path from   b to mult_31.U2364.C2 doesn't have a simple 
  wire connection, delay will still be annotated.


Warning-[SDFCOM_SWC] Simple Wire Connection
/MasterClass/M143010027_ALU/Hws/HW1/gate_level/FLP_mul/Between/round1/timing.sdf, 694
module: FLP_mul, "instance: testbench.test_module"
  SDF Warning: The path from   b to mult_31.U2363.A2 doesn't have a simple 
  wire connection, delay will still be annotated.


Warning-[SDFCOM_SWC] Simple Wire Connection
/MasterClass/M143010027_ALU/Hws/HW1/gate_level/FLP_mul/Between/round1/timing.sdf, 696
module: FLP_mul, "instance: testbench.test_module"
  SDF Warning: The path from   b to mult_31.U2363.B2 doesn't have a simple 
  wire connection, delay will still be annotated.


Warning-[SDFCOM_SWC] Simple Wire Connection
/MasterClass/M143010027_ALU/Hws/HW1/gate_level/FLP_mul/Between/round1/timing.sdf, 698
module: FLP_mul, "instance: testbench.test_module"
  SDF Warning: The path from   b to mult_31.U2363.C2 doesn't have a simple 
  wire connection, delay will still be annotated.


Warning-[SDFCOM_SWC] Simple Wire Connection
/MasterClass/M143010027_ALU/Hws/HW1/gate_level/FLP_mul/Between/round1/timing.sdf, 700
module: FLP_mul, "instance: testbench.test_module"
  SDF Warning: The path from   b to mult_31.U2362.A2 doesn't have a simple 
  wire connection, delay will still be annotated.


Warning-[SDFCOM_SWC] Simple Wire Connection
/MasterClass/M143010027_ALU/Hws/HW1/gate_level/FLP_mul/Between/round1/timing.sdf, 702
module: FLP_mul, "instance: testbench.test_module"
  SDF Warning: The path from   b to mult_31.U2362.B2 doesn't have a simple 
  wire connection, delay will still be annotated.


Warning-[SDFCOM_SWC] Simple Wire Connection
/MasterClass/M143010027_ALU/Hws/HW1/gate_level/FLP_mul/Between/round1/timing.sdf, 704
module: FLP_mul, "instance: testbench.test_module"
  SDF Warning: The path from   b to mult_31.U2362.C2 doesn't have a simple 
  wire connection, delay will still be annotated.


Warning-[SDFCOM_SWC] Simple Wire Connection
/MasterClass/M143010027_ALU/Hws/HW1/gate_level/FLP_mul/Between/round1/timing.sdf, 706
module: FLP_mul, "instance: testbench.test_module"
  SDF Warning: The path from   b to mult_31.U2361.A2 doesn't have a simple 
  wire connection, delay will still be annotated.


Warning-[SDFCOM_SWC] Simple Wire Connection
/MasterClass/M143010027_ALU/Hws/HW1/gate_level/FLP_mul/Between/round1/timing.sdf, 708
module: FLP_mul, "instance: testbench.test_module"
  SDF Warning: The path from   b to mult_31.U2361.B2 doesn't have a simple 
  wire connection, delay will still be annotated.


Warning-[SDFCOM_SWC] Simple Wire Connection
/MasterClass/M143010027_ALU/Hws/HW1/gate_level/FLP_mul/Between/round1/timing.sdf, 710
module: FLP_mul, "instance: testbench.test_module"
  SDF Warning: The path from   b to mult_31.U2361.C2 doesn't have a simple 
  wire connection, delay will still be annotated.


Warning-[SDFCOM_SWC] Simple Wire Connection
/MasterClass/M143010027_ALU/Hws/HW1/gate_level/FLP_mul/Between/round1/timing.sdf, 712
module: FLP_mul, "instance: testbench.test_module"
  SDF Warning: The path from   b to mult_31.U2360.A2 doesn't have a simple 
  wire connection, delay will still be annotated.


Warning-[SDFCOM_SWC] Simple Wire Connection
/MasterClass/M143010027_ALU/Hws/HW1/gate_level/FLP_mul/Between/round1/timing.sdf, 714
module: FLP_mul, "instance: testbench.test_module"
  SDF Warning: The path from   b to mult_31.U2360.B2 doesn't have a simple 
  wire connection, delay will still be annotated.


Warning-[SDFCOM_SWC] Simple Wire Connection
/MasterClass/M143010027_ALU/Hws/HW1/gate_level/FLP_mul/Between/round1/timing.sdf, 716
module: FLP_mul, "instance: testbench.test_module"
  SDF Warning: The path from   b to mult_31.U2360.C2 doesn't have a simple 
  wire connection, delay will still be annotated.


Warning-[SDFCOM_SWC] Simple Wire Connection
/MasterClass/M143010027_ALU/Hws/HW1/gate_level/FLP_mul/Between/round1/timing.sdf, 718
module: FLP_mul, "instance: testbench.test_module"
  SDF Warning: The path from   b to mult_31.U2359.A2 doesn't have a simple 
  wire connection, delay will still be annotated.


Warning-[SDFCOM_SWC] Simple Wire Connection
/MasterClass/M143010027_ALU/Hws/HW1/gate_level/FLP_mul/Between/round1/timing.sdf, 721
module: FLP_mul, "instance: testbench.test_module"
  SDF Warning: The path from   b to mult_31.U2358.A2 doesn't have a simple 
  wire connection, delay will still be annotated.


Warning-[SDFCOM_SWC] Simple Wire Connection
/MasterClass/M143010027_ALU/Hws/HW1/gate_level/FLP_mul/Between/round1/timing.sdf, 723
module: FLP_mul, "instance: testbench.test_module"
  SDF Warning: The path from   b to mult_31.U2358.B2 doesn't have a simple 
  wire connection, delay will still be annotated.


Warning-[SDFCOM_SWC] Simple Wire Connection
/MasterClass/M143010027_ALU/Hws/HW1/gate_level/FLP_mul/Between/round1/timing.sdf, 725
module: FLP_mul, "instance: testbench.test_module"
  SDF Warning: The path from   b to mult_31.U2358.C2 doesn't have a simple 
  wire connection, delay will still be annotated.


Warning-[SDFCOM_SWC] Simple Wire Connection
/MasterClass/M143010027_ALU/Hws/HW1/gate_level/FLP_mul/Between/round1/timing.sdf, 727
module: FLP_mul, "instance: testbench.test_module"
  SDF Warning: The path from   b to mult_31.U2357.A2 doesn't have a simple 
  wire connection, delay will still be annotated.


Warning-[SDFCOM_SWC] Simple Wire Connection
/MasterClass/M143010027_ALU/Hws/HW1/gate_level/FLP_mul/Between/round1/timing.sdf, 729
module: FLP_mul, "instance: testbench.test_module"
  SDF Warning: The path from   b to mult_31.U2357.B2 doesn't have a simple 
  wire connection, delay will still be annotated.


Warning-[SDFCOM_SWC] Simple Wire Connection
/MasterClass/M143010027_ALU/Hws/HW1/gate_level/FLP_mul/Between/round1/timing.sdf, 731
module: FLP_mul, "instance: testbench.test_module"
  SDF Warning: The path from   b to mult_31.U2357.C2 doesn't have a simple 
  wire connection, delay will still be annotated.


Warning-[SDFCOM_SWC] Simple Wire Connection
/MasterClass/M143010027_ALU/Hws/HW1/gate_level/FLP_mul/Between/round1/timing.sdf, 733
module: FLP_mul, "instance: testbench.test_module"
  SDF Warning: The path from   b to mult_31.U2356.A2 doesn't have a simple 
  wire connection, delay will still be annotated.


Warning-[SDFCOM_SWC] Simple Wire Connection
/MasterClass/M143010027_ALU/Hws/HW1/gate_level/FLP_mul/Between/round1/timing.sdf, 735
module: FLP_mul, "instance: testbench.test_module"
  SDF Warning: The path from   b to mult_31.U2356.B2 doesn't have a simple 
  wire connection, delay will still be annotated.


Warning-[SDFCOM_SWC] Simple Wire Connection
/MasterClass/M143010027_ALU/Hws/HW1/gate_level/FLP_mul/Between/round1/timing.sdf, 737
module: FLP_mul, "instance: testbench.test_module"
  SDF Warning: The path from   b to mult_31.U2356.C2 doesn't have a simple 
  wire connection, delay will still be annotated.


Warning-[SDFCOM_SWC] Simple Wire Connection
/MasterClass/M143010027_ALU/Hws/HW1/gate_level/FLP_mul/Between/round1/timing.sdf, 739
module: FLP_mul, "instance: testbench.test_module"
  SDF Warning: The path from   b to mult_31.U2355.A2 doesn't have a simple 
  wire connection, delay will still be annotated.


Warning-[SDFCOM_SWC] Simple Wire Connection
/MasterClass/M143010027_ALU/Hws/HW1/gate_level/FLP_mul/Between/round1/timing.sdf, 742
module: FLP_mul, "instance: testbench.test_module"
  SDF Warning: The path from   b to mult_31.U2354.A2 doesn't have a simple 
  wire connection, delay will still be annotated.


Warning-[SDFCOM_SWC] Simple Wire Connection
/MasterClass/M143010027_ALU/Hws/HW1/gate_level/FLP_mul/Between/round1/timing.sdf, 744
module: FLP_mul, "instance: testbench.test_module"
  SDF Warning: The path from   b to mult_31.U2354.B2 doesn't have a simple 
  wire connection, delay will still be annotated.


Warning-[SDFCOM_SWC] Simple Wire Connection
/MasterClass/M143010027_ALU/Hws/HW1/gate_level/FLP_mul/Between/round1/timing.sdf, 746
module: FLP_mul, "instance: testbench.test_module"
  SDF Warning: The path from   b to mult_31.U2354.C2 doesn't have a simple 
  wire connection, delay will still be annotated.


Warning-[SDFCOM_SWC] Simple Wire Connection
/MasterClass/M143010027_ALU/Hws/HW1/gate_level/FLP_mul/Between/round1/timing.sdf, 748
module: FLP_mul, "instance: testbench.test_module"
  SDF Warning: The path from   b to mult_31.U2353.A2 doesn't have a simple 
  wire connection, delay will still be annotated.


Warning-[SDFCOM_SWC] Simple Wire Connection
/MasterClass/M143010027_ALU/Hws/HW1/gate_level/FLP_mul/Between/round1/timing.sdf, 750
module: FLP_mul, "instance: testbench.test_module"
  SDF Warning: The path from   b to mult_31.U2353.B2 doesn't have a simple 
  wire connection, delay will still be annotated.


Warning-[SDFCOM_SWC] Simple Wire Connection
/MasterClass/M143010027_ALU/Hws/HW1/gate_level/FLP_mul/Between/round1/timing.sdf, 752
module: FLP_mul, "instance: testbench.test_module"
  SDF Warning: The path from   b to mult_31.U2353.C2 doesn't have a simple 
  wire connection, delay will still be annotated.


Warning-[SDFCOM_SWC] Simple Wire Connection
/MasterClass/M143010027_ALU/Hws/HW1/gate_level/FLP_mul/Between/round1/timing.sdf, 754
module: FLP_mul, "instance: testbench.test_module"
  SDF Warning: The path from   b to mult_31.U2352.A2 doesn't have a simple 
  wire connection, delay will still be annotated.


Warning-[SDFCOM_SWC] Simple Wire Connection
/MasterClass/M143010027_ALU/Hws/HW1/gate_level/FLP_mul/Between/round1/timing.sdf, 756
module: FLP_mul, "instance: testbench.test_module"
  SDF Warning: The path from   b to mult_31.U2352.B2 doesn't have a simple 
  wire connection, delay will still be annotated.


Warning-[SDFCOM_SWC] Simple Wire Connection
/MasterClass/M143010027_ALU/Hws/HW1/gate_level/FLP_mul/Between/round1/timing.sdf, 758
module: FLP_mul, "instance: testbench.test_module"
  SDF Warning: The path from   b to mult_31.U2352.C2 doesn't have a simple 
  wire connection, delay will still be annotated.


Warning-[SDFCOM_SWC] Simple Wire Connection
/MasterClass/M143010027_ALU/Hws/HW1/gate_level/FLP_mul/Between/round1/timing.sdf, 760
module: FLP_mul, "instance: testbench.test_module"
  SDF Warning: The path from   b to mult_31.U2351.A2 doesn't have a simple 
  wire connection, delay will still be annotated.


Warning-[SDFCOM_SWC] Simple Wire Connection
/MasterClass/M143010027_ALU/Hws/HW1/gate_level/FLP_mul/Between/round1/timing.sdf, 762
module: FLP_mul, "instance: testbench.test_module"
  SDF Warning: The path from   b to mult_31.U2351.B2 doesn't have a simple 
  wire connection, delay will still be annotated.


Warning-[SDFCOM_SWC] Simple Wire Connection
/MasterClass/M143010027_ALU/Hws/HW1/gate_level/FLP_mul/Between/round1/timing.sdf, 764
module: FLP_mul, "instance: testbench.test_module"
  SDF Warning: The path from   b to mult_31.U2351.C2 doesn't have a simple 
  wire connection, delay will still be annotated.


Warning-[SDFCOM_SWC] Simple Wire Connection
/MasterClass/M143010027_ALU/Hws/HW1/gate_level/FLP_mul/Between/round1/timing.sdf, 766
module: FLP_mul, "instance: testbench.test_module"
  SDF Warning: The path from   b to mult_31.U2350.A2 doesn't have a simple 
  wire connection, delay will still be annotated.


Warning-[SDFCOM_SWC] Simple Wire Connection
/MasterClass/M143010027_ALU/Hws/HW1/gate_level/FLP_mul/Between/round1/timing.sdf, 768
module: FLP_mul, "instance: testbench.test_module"
  SDF Warning: The path from   b to mult_31.U2350.B2 doesn't have a simple 
  wire connection, delay will still be annotated.


Warning-[SDFCOM_SWC] Simple Wire Connection
/MasterClass/M143010027_ALU/Hws/HW1/gate_level/FLP_mul/Between/round1/timing.sdf, 770
module: FLP_mul, "instance: testbench.test_module"
  SDF Warning: The path from   b to mult_31.U2350.C2 doesn't have a simple 
  wire connection, delay will still be annotated.


Warning-[SDFCOM_SWC] Simple Wire Connection
/MasterClass/M143010027_ALU/Hws/HW1/gate_level/FLP_mul/Between/round1/timing.sdf, 772
module: FLP_mul, "instance: testbench.test_module"
  SDF Warning: The path from   b to mult_31.U2349.A2 doesn't have a simple 
  wire connection, delay will still be annotated.


Warning-[SDFCOM_SWC] Simple Wire Connection
/MasterClass/M143010027_ALU/Hws/HW1/gate_level/FLP_mul/Between/round1/timing.sdf, 774
module: FLP_mul, "instance: testbench.test_module"
  SDF Warning: The path from   b to mult_31.U2349.B2 doesn't have a simple 
  wire connection, delay will still be annotated.


Warning-[SDFCOM_SWC] Simple Wire Connection
/MasterClass/M143010027_ALU/Hws/HW1/gate_level/FLP_mul/Between/round1/timing.sdf, 776
module: FLP_mul, "instance: testbench.test_module"
  SDF Warning: The path from   b to mult_31.U2349.C2 doesn't have a simple 
  wire connection, delay will still be annotated.


Warning-[SDFCOM_SWC] Simple Wire Connection
/MasterClass/M143010027_ALU/Hws/HW1/gate_level/FLP_mul/Between/round1/timing.sdf, 778
module: FLP_mul, "instance: testbench.test_module"
  SDF Warning: The path from   b to mult_31.U2348.A2 doesn't have a simple 
  wire connection, delay will still be annotated.


Warning-[SDFCOM_SWC] Simple Wire Connection
/MasterClass/M143010027_ALU/Hws/HW1/gate_level/FLP_mul/Between/round1/timing.sdf, 780
module: FLP_mul, "instance: testbench.test_module"
  SDF Warning: The path from   b to mult_31.U2348.B2 doesn't have a simple 
  wire connection, delay will still be annotated.


Warning-[SDFCOM_SWC] Simple Wire Connection
/MasterClass/M143010027_ALU/Hws/HW1/gate_level/FLP_mul/Between/round1/timing.sdf, 782
module: FLP_mul, "instance: testbench.test_module"
  SDF Warning: The path from   b to mult_31.U2348.C2 doesn't have a simple 
  wire connection, delay will still be annotated.


Warning-[SDFCOM_SWC] Simple Wire Connection
/MasterClass/M143010027_ALU/Hws/HW1/gate_level/FLP_mul/Between/round1/timing.sdf, 784
module: FLP_mul, "instance: testbench.test_module"
  SDF Warning: The path from   b to mult_31.U2347.A2 doesn't have a simple 
  wire connection, delay will still be annotated.


Warning-[SDFCOM_SWC] Simple Wire Connection
/MasterClass/M143010027_ALU/Hws/HW1/gate_level/FLP_mul/Between/round1/timing.sdf, 786
module: FLP_mul, "instance: testbench.test_module"
  SDF Warning: The path from   b to mult_31.U2347.B2 doesn't have a simple 
  wire connection, delay will still be annotated.


Warning-[SDFCOM_SWC] Simple Wire Connection
/MasterClass/M143010027_ALU/Hws/HW1/gate_level/FLP_mul/Between/round1/timing.sdf, 788
module: FLP_mul, "instance: testbench.test_module"
  SDF Warning: The path from   b to mult_31.U2347.C2 doesn't have a simple 
  wire connection, delay will still be annotated.


Warning-[SDFCOM_SWC] Simple Wire Connection
/MasterClass/M143010027_ALU/Hws/HW1/gate_level/FLP_mul/Between/round1/timing.sdf, 794
module: FLP_mul, "instance: testbench.test_module"
  SDF Warning: The path from   b to mult_31.U2344.A2 doesn't have a simple 
  wire connection, delay will still be annotated.


Warning-[SDFCOM_SWC] Simple Wire Connection
/MasterClass/M143010027_ALU/Hws/HW1/gate_level/FLP_mul/Between/round1/timing.sdf, 796
module: FLP_mul, "instance: testbench.test_module"
  SDF Warning: The path from   b to mult_31.U2344.B2 doesn't have a simple 
  wire connection, delay will still be annotated.


Warning-[SDFCOM_SWC] Simple Wire Connection
/MasterClass/M143010027_ALU/Hws/HW1/gate_level/FLP_mul/Between/round1/timing.sdf, 798
module: FLP_mul, "instance: testbench.test_module"
  SDF Warning: The path from   b to mult_31.U2344.C2 doesn't have a simple 
  wire connection, delay will still be annotated.


Warning-[SDFCOM_SWC] Simple Wire Connection
/MasterClass/M143010027_ALU/Hws/HW1/gate_level/FLP_mul/Between/round1/timing.sdf, 800
module: FLP_mul, "instance: testbench.test_module"
  SDF Warning: The path from   b to mult_31.U2343.A2 doesn't have a simple 
  wire connection, delay will still be annotated.


Warning-[SDFCOM_SWC] Simple Wire Connection
/MasterClass/M143010027_ALU/Hws/HW1/gate_level/FLP_mul/Between/round1/timing.sdf, 803
module: FLP_mul, "instance: testbench.test_module"
  SDF Warning: The path from   b to mult_31.U2342.A2 doesn't have a simple 
  wire connection, delay will still be annotated.


Warning-[SDFCOM_SWC] Simple Wire Connection
/MasterClass/M143010027_ALU/Hws/HW1/gate_level/FLP_mul/Between/round1/timing.sdf, 805
module: FLP_mul, "instance: testbench.test_module"
  SDF Warning: The path from   b to mult_31.U2342.B2 doesn't have a simple 
  wire connection, delay will still be annotated.


Warning-[SDFCOM_SWC] Simple Wire Connection
/MasterClass/M143010027_ALU/Hws/HW1/gate_level/FLP_mul/Between/round1/timing.sdf, 807
module: FLP_mul, "instance: testbench.test_module"
  SDF Warning: The path from   b to mult_31.U2342.C2 doesn't have a simple 
  wire connection, delay will still be annotated.


Warning-[SDFCOM_SWC] Simple Wire Connection
/MasterClass/M143010027_ALU/Hws/HW1/gate_level/FLP_mul/Between/round1/timing.sdf, 809
module: FLP_mul, "instance: testbench.test_module"
  SDF Warning: The path from   b to mult_31.U2341.A2 doesn't have a simple 
  wire connection, delay will still be annotated.


Warning-[SDFCOM_SWC] Simple Wire Connection
/MasterClass/M143010027_ALU/Hws/HW1/gate_level/FLP_mul/Between/round1/timing.sdf, 811
module: FLP_mul, "instance: testbench.test_module"
  SDF Warning: The path from   b to mult_31.U2341.B2 doesn't have a simple 
  wire connection, delay will still be annotated.


Warning-[SDFCOM_SWC] Simple Wire Connection
/MasterClass/M143010027_ALU/Hws/HW1/gate_level/FLP_mul/Between/round1/timing.sdf, 813
module: FLP_mul, "instance: testbench.test_module"
  SDF Warning: The path from   b to mult_31.U2341.C2 doesn't have a simple 
  wire connection, delay will still be annotated.


Warning-[SDFCOM_SWC] Simple Wire Connection
/MasterClass/M143010027_ALU/Hws/HW1/gate_level/FLP_mul/Between/round1/timing.sdf, 815
module: FLP_mul, "instance: testbench.test_module"
  SDF Warning: The path from   b to mult_31.U2340.A2 doesn't have a simple 
  wire connection, delay will still be annotated.


Warning-[SDFCOM_SWC] Simple Wire Connection
/MasterClass/M143010027_ALU/Hws/HW1/gate_level/FLP_mul/Between/round1/timing.sdf, 817
module: FLP_mul, "instance: testbench.test_module"
  SDF Warning: The path from   b to mult_31.U2340.B2 doesn't have a simple 
  wire connection, delay will still be annotated.


Warning-[SDFCOM_SWC] Simple Wire Connection
/MasterClass/M143010027_ALU/Hws/HW1/gate_level/FLP_mul/Between/round1/timing.sdf, 819
module: FLP_mul, "instance: testbench.test_module"
  SDF Warning: The path from   b to mult_31.U2340.C2 doesn't have a simple 
  wire connection, delay will still be annotated.


Warning-[SDFCOM_SWC] Simple Wire Connection
/MasterClass/M143010027_ALU/Hws/HW1/gate_level/FLP_mul/Between/round1/timing.sdf, 821
module: FLP_mul, "instance: testbench.test_module"
  SDF Warning: The path from   b to mult_31.U2339.A2 doesn't have a simple 
  wire connection, delay will still be annotated.


Warning-[SDFCOM_SWC] Simple Wire Connection
/MasterClass/M143010027_ALU/Hws/HW1/gate_level/FLP_mul/Between/round1/timing.sdf, 824
module: FLP_mul, "instance: testbench.test_module"
  SDF Warning: The path from   b to mult_31.U2338.A2 doesn't have a simple 
  wire connection, delay will still be annotated.


Warning-[SDFCOM_SWC] Simple Wire Connection
/MasterClass/M143010027_ALU/Hws/HW1/gate_level/FLP_mul/Between/round1/timing.sdf, 826
module: FLP_mul, "instance: testbench.test_module"
  SDF Warning: The path from   b to mult_31.U2338.B2 doesn't have a simple 
  wire connection, delay will still be annotated.


Warning-[SDFCOM_SWC] Simple Wire Connection
/MasterClass/M143010027_ALU/Hws/HW1/gate_level/FLP_mul/Between/round1/timing.sdf, 828
module: FLP_mul, "instance: testbench.test_module"
  SDF Warning: The path from   b to mult_31.U2338.C2 doesn't have a simple 
  wire connection, delay will still be annotated.


Warning-[SDFCOM_SWC] Simple Wire Connection
/MasterClass/M143010027_ALU/Hws/HW1/gate_level/FLP_mul/Between/round1/timing.sdf, 830
module: FLP_mul, "instance: testbench.test_module"
  SDF Warning: The path from   b to mult_31.U2337.A2 doesn't have a simple 
  wire connection, delay will still be annotated.


Warning-[SDFCOM_SWC] Simple Wire Connection
/MasterClass/M143010027_ALU/Hws/HW1/gate_level/FLP_mul/Between/round1/timing.sdf, 832
module: FLP_mul, "instance: testbench.test_module"
  SDF Warning: The path from   b to mult_31.U2337.B2 doesn't have a simple 
  wire connection, delay will still be annotated.


Warning-[SDFCOM_SWC] Simple Wire Connection
/MasterClass/M143010027_ALU/Hws/HW1/gate_level/FLP_mul/Between/round1/timing.sdf, 834
module: FLP_mul, "instance: testbench.test_module"
  SDF Warning: The path from   b to mult_31.U2337.C2 doesn't have a simple 
  wire connection, delay will still be annotated.


Warning-[SDFCOM_SWC] Simple Wire Connection
/MasterClass/M143010027_ALU/Hws/HW1/gate_level/FLP_mul/Between/round1/timing.sdf, 836
module: FLP_mul, "instance: testbench.test_module"
  SDF Warning: The path from   b to mult_31.U2336.A2 doesn't have a simple 
  wire connection, delay will still be annotated.


Warning-[SDFCOM_SWC] Simple Wire Connection
/MasterClass/M143010027_ALU/Hws/HW1/gate_level/FLP_mul/Between/round1/timing.sdf, 838
module: FLP_mul, "instance: testbench.test_module"
  SDF Warning: The path from   b to mult_31.U2336.B2 doesn't have a simple 
  wire connection, delay will still be annotated.


Warning-[SDFCOM_SWC] Simple Wire Connection
/MasterClass/M143010027_ALU/Hws/HW1/gate_level/FLP_mul/Between/round1/timing.sdf, 840
module: FLP_mul, "instance: testbench.test_module"
  SDF Warning: The path from   b to mult_31.U2336.C2 doesn't have a simple 
  wire connection, delay will still be annotated.


Warning-[SDFCOM_SWC] Simple Wire Connection
/MasterClass/M143010027_ALU/Hws/HW1/gate_level/FLP_mul/Between/round1/timing.sdf, 842
module: FLP_mul, "instance: testbench.test_module"
  SDF Warning: The path from   a to mult_31.U2335.A2 doesn't have a simple 
  wire connection, delay will still be annotated.


Warning-[SDFCOM_SWC] Simple Wire Connection
/MasterClass/M143010027_ALU/Hws/HW1/gate_level/FLP_mul/Between/round1/timing.sdf, 843
module: FLP_mul, "instance: testbench.test_module"
  SDF Warning: The path from   b to mult_31.U2334.A1 doesn't have a simple 
  wire connection, delay will still be annotated.


Warning-[SDFCOM_SWC] Simple Wire Connection
/MasterClass/M143010027_ALU/Hws/HW1/gate_level/FLP_mul/Between/round1/timing.sdf, 844
module: FLP_mul, "instance: testbench.test_module"
  SDF Warning: The path from   b to mult_31.U2334.A2 doesn't have a simple 
  wire connection, delay will still be annotated.


Warning-[SDFCOM_SWC] Simple Wire Connection
/MasterClass/M143010027_ALU/Hws/HW1/gate_level/FLP_mul/Between/round1/timing.sdf, 846
module: FLP_mul, "instance: testbench.test_module"
  SDF Warning: The path from   b to mult_31.U2333.A2 doesn't have a simple 
  wire connection, delay will still be annotated.


Warning-[SDFCOM_SWC] Simple Wire Connection
/MasterClass/M143010027_ALU/Hws/HW1/gate_level/FLP_mul/Between/round1/timing.sdf, 849
module: FLP_mul, "instance: testbench.test_module"
  SDF Warning: The path from   b to mult_31.U2332.A2 doesn't have a simple 
  wire connection, delay will still be annotated.


Warning-[SDFCOM_SWC] Simple Wire Connection
/MasterClass/M143010027_ALU/Hws/HW1/gate_level/FLP_mul/Between/round1/timing.sdf, 851
module: FLP_mul, "instance: testbench.test_module"
  SDF Warning: The path from   b to mult_31.U2332.B2 doesn't have a simple 
  wire connection, delay will still be annotated.


Warning-[SDFCOM_SWC] Simple Wire Connection
/MasterClass/M143010027_ALU/Hws/HW1/gate_level/FLP_mul/Between/round1/timing.sdf, 853
module: FLP_mul, "instance: testbench.test_module"
  SDF Warning: The path from   b to mult_31.U2332.C2 doesn't have a simple 
  wire connection, delay will still be annotated.


Warning-[SDFCOM_SWC] Simple Wire Connection
/MasterClass/M143010027_ALU/Hws/HW1/gate_level/FLP_mul/Between/round1/timing.sdf, 855
module: FLP_mul, "instance: testbench.test_module"
  SDF Warning: The path from   b to mult_31.U2331.A2 doesn't have a simple 
  wire connection, delay will still be annotated.


Warning-[SDFCOM_SWC] Simple Wire Connection
/MasterClass/M143010027_ALU/Hws/HW1/gate_level/FLP_mul/Between/round1/timing.sdf, 857
module: FLP_mul, "instance: testbench.test_module"
  SDF Warning: The path from   b to mult_31.U2331.B2 doesn't have a simple 
  wire connection, delay will still be annotated.


Warning-[SDFCOM_SWC] Simple Wire Connection
/MasterClass/M143010027_ALU/Hws/HW1/gate_level/FLP_mul/Between/round1/timing.sdf, 859
module: FLP_mul, "instance: testbench.test_module"
  SDF Warning: The path from   b to mult_31.U2331.C2 doesn't have a simple 
  wire connection, delay will still be annotated.


Warning-[SDFCOM_SWC] Simple Wire Connection
/MasterClass/M143010027_ALU/Hws/HW1/gate_level/FLP_mul/Between/round1/timing.sdf, 861
module: FLP_mul, "instance: testbench.test_module"
  SDF Warning: The path from   b to mult_31.U2330.A2 doesn't have a simple 
  wire connection, delay will still be annotated.


Warning-[SDFCOM_SWC] Simple Wire Connection
/MasterClass/M143010027_ALU/Hws/HW1/gate_level/FLP_mul/Between/round1/timing.sdf, 863
module: FLP_mul, "instance: testbench.test_module"
  SDF Warning: The path from   b to mult_31.U2330.B2 doesn't have a simple 
  wire connection, delay will still be annotated.


Warning-[SDFCOM_SWC] Simple Wire Connection
/MasterClass/M143010027_ALU/Hws/HW1/gate_level/FLP_mul/Between/round1/timing.sdf, 865
module: FLP_mul, "instance: testbench.test_module"
  SDF Warning: The path from   b to mult_31.U2330.C2 doesn't have a simple 
  wire connection, delay will still be annotated.


Warning-[SDFCOM_SWC] Simple Wire Connection
/MasterClass/M143010027_ALU/Hws/HW1/gate_level/FLP_mul/Between/round1/timing.sdf, 867
module: FLP_mul, "instance: testbench.test_module"
  SDF Warning: The path from   b to mult_31.U2329.A2 doesn't have a simple 
  wire connection, delay will still be annotated.


Warning-[SDFCOM_SWC] Simple Wire Connection
/MasterClass/M143010027_ALU/Hws/HW1/gate_level/FLP_mul/Between/round1/timing.sdf, 869
module: FLP_mul, "instance: testbench.test_module"
  SDF Warning: The path from   b to mult_31.U2329.B2 doesn't have a simple 
  wire connection, delay will still be annotated.


Warning-[SDFCOM_SWC] Simple Wire Connection
/MasterClass/M143010027_ALU/Hws/HW1/gate_level/FLP_mul/Between/round1/timing.sdf, 871
module: FLP_mul, "instance: testbench.test_module"
  SDF Warning: The path from   b to mult_31.U2329.C2 doesn't have a simple 
  wire connection, delay will still be annotated.


Warning-[SDFCOM_SWC] Simple Wire Connection
/MasterClass/M143010027_ALU/Hws/HW1/gate_level/FLP_mul/Between/round1/timing.sdf, 873
module: FLP_mul, "instance: testbench.test_module"
  SDF Warning: The path from   a to mult_31.U2328.A2 doesn't have a simple 
  wire connection, delay will still be annotated.


Warning-[SDFCOM_SWC] Simple Wire Connection
/MasterClass/M143010027_ALU/Hws/HW1/gate_level/FLP_mul/Between/round1/timing.sdf, 875
module: FLP_mul, "instance: testbench.test_module"
  SDF Warning: The path from   b to mult_31.U2327.A2 doesn't have a simple 
  wire connection, delay will still be annotated.


Warning-[SDFCOM_SWC] Simple Wire Connection
/MasterClass/M143010027_ALU/Hws/HW1/gate_level/FLP_mul/Between/round1/timing.sdf, 877
module: FLP_mul, "instance: testbench.test_module"
  SDF Warning: The path from   b to mult_31.U2327.B2 doesn't have a simple 
  wire connection, delay will still be annotated.


Warning-[SDFCOM_SWC] Simple Wire Connection
/MasterClass/M143010027_ALU/Hws/HW1/gate_level/FLP_mul/Between/round1/timing.sdf, 879
module: FLP_mul, "instance: testbench.test_module"
  SDF Warning: The path from   b to mult_31.U2327.C2 doesn't have a simple 
  wire connection, delay will still be annotated.


Warning-[SDFCOM_SWC] Simple Wire Connection
/MasterClass/M143010027_ALU/Hws/HW1/gate_level/FLP_mul/Between/round1/timing.sdf, 881
module: FLP_mul, "instance: testbench.test_module"
  SDF Warning: The path from   b to mult_31.U2326.A2 doesn't have a simple 
  wire connection, delay will still be annotated.


Warning-[SDFCOM_SWC] Simple Wire Connection
/MasterClass/M143010027_ALU/Hws/HW1/gate_level/FLP_mul/Between/round1/timing.sdf, 883
module: FLP_mul, "instance: testbench.test_module"
  SDF Warning: The path from   b to mult_31.U2326.B2 doesn't have a simple 
  wire connection, delay will still be annotated.


Warning-[SDFCOM_SWC] Simple Wire Connection
/MasterClass/M143010027_ALU/Hws/HW1/gate_level/FLP_mul/Between/round1/timing.sdf, 885
module: FLP_mul, "instance: testbench.test_module"
  SDF Warning: The path from   b to mult_31.U2326.C2 doesn't have a simple 
  wire connection, delay will still be annotated.


Warning-[SDFCOM_SWC] Simple Wire Connection
/MasterClass/M143010027_ALU/Hws/HW1/gate_level/FLP_mul/Between/round1/timing.sdf, 889
module: FLP_mul, "instance: testbench.test_module"
  SDF Warning: The path from   b to mult_31.U2324.A2 doesn't have a simple 
  wire connection, delay will still be annotated.


Warning-[SDFCOM_SWC] Simple Wire Connection
/MasterClass/M143010027_ALU/Hws/HW1/gate_level/FLP_mul/Between/round1/timing.sdf, 891
module: FLP_mul, "instance: testbench.test_module"
  SDF Warning: The path from   b to mult_31.U2324.B2 doesn't have a simple 
  wire connection, delay will still be annotated.


Warning-[SDFCOM_SWC] Simple Wire Connection
/MasterClass/M143010027_ALU/Hws/HW1/gate_level/FLP_mul/Between/round1/timing.sdf, 893
module: FLP_mul, "instance: testbench.test_module"
  SDF Warning: The path from   b to mult_31.U2323.A2 doesn't have a simple 
  wire connection, delay will still be annotated.


Warning-[SDFCOM_SWC] Simple Wire Connection
/MasterClass/M143010027_ALU/Hws/HW1/gate_level/FLP_mul/Between/round1/timing.sdf, 895
module: FLP_mul, "instance: testbench.test_module"
  SDF Warning: The path from   b to mult_31.U2323.B2 doesn't have a simple 
  wire connection, delay will still be annotated.


Warning-[SDFCOM_SWC] Simple Wire Connection
/MasterClass/M143010027_ALU/Hws/HW1/gate_level/FLP_mul/Between/round1/timing.sdf, 897
module: FLP_mul, "instance: testbench.test_module"
  SDF Warning: The path from   b to mult_31.U2323.C2 doesn't have a simple 
  wire connection, delay will still be annotated.


Warning-[SDFCOM_SWC] Simple Wire Connection
/MasterClass/M143010027_ALU/Hws/HW1/gate_level/FLP_mul/Between/round1/timing.sdf, 899
module: FLP_mul, "instance: testbench.test_module"
  SDF Warning: The path from   b to mult_31.U2322.A2 doesn't have a simple 
  wire connection, delay will still be annotated.


Warning-[SDFCOM_SWC] Simple Wire Connection
/MasterClass/M143010027_ALU/Hws/HW1/gate_level/FLP_mul/Between/round1/timing.sdf, 901
module: FLP_mul, "instance: testbench.test_module"
  SDF Warning: The path from   b to mult_31.U2322.B2 doesn't have a simple 
  wire connection, delay will still be annotated.


Warning-[SDFCOM_SWC] Simple Wire Connection
/MasterClass/M143010027_ALU/Hws/HW1/gate_level/FLP_mul/Between/round1/timing.sdf, 903
module: FLP_mul, "instance: testbench.test_module"
  SDF Warning: The path from   b to mult_31.U2322.C2 doesn't have a simple 
  wire connection, delay will still be annotated.


Warning-[SDFCOM_SWC] Simple Wire Connection
/MasterClass/M143010027_ALU/Hws/HW1/gate_level/FLP_mul/Between/round1/timing.sdf, 905
module: FLP_mul, "instance: testbench.test_module"
  SDF Warning: The path from   a to mult_31.U2321.A2 doesn't have a simple 
  wire connection, delay will still be annotated.


Warning-[SDFCOM_SWC] Simple Wire Connection
/MasterClass/M143010027_ALU/Hws/HW1/gate_level/FLP_mul/Between/round1/timing.sdf, 907
module: FLP_mul, "instance: testbench.test_module"
  SDF Warning: The path from   b to mult_31.U2320.A2 doesn't have a simple 
  wire connection, delay will still be annotated.


Warning-[SDFCOM_SWC] Simple Wire Connection
/MasterClass/M143010027_ALU/Hws/HW1/gate_level/FLP_mul/Between/round1/timing.sdf, 909
module: FLP_mul, "instance: testbench.test_module"
  SDF Warning: The path from   b to mult_31.U2320.B2 doesn't have a simple 
  wire connection, delay will still be annotated.


Warning-[SDFCOM_SWC] Simple Wire Connection
/MasterClass/M143010027_ALU/Hws/HW1/gate_level/FLP_mul/Between/round1/timing.sdf, 911
module: FLP_mul, "instance: testbench.test_module"
  SDF Warning: The path from   b to mult_31.U2320.C2 doesn't have a simple 
  wire connection, delay will still be annotated.


Warning-[SDFCOM_SWC] Simple Wire Connection
/MasterClass/M143010027_ALU/Hws/HW1/gate_level/FLP_mul/Between/round1/timing.sdf, 913
module: FLP_mul, "instance: testbench.test_module"
  SDF Warning: The path from   b to mult_31.U2319.A2 doesn't have a simple 
  wire connection, delay will still be annotated.


Warning-[SDFCOM_SWC] Simple Wire Connection
/MasterClass/M143010027_ALU/Hws/HW1/gate_level/FLP_mul/Between/round1/timing.sdf, 915
module: FLP_mul, "instance: testbench.test_module"
  SDF Warning: The path from   b to mult_31.U2319.B2 doesn't have a simple 
  wire connection, delay will still be annotated.


Warning-[SDFCOM_SWC] Simple Wire Connection
/MasterClass/M143010027_ALU/Hws/HW1/gate_level/FLP_mul/Between/round1/timing.sdf, 917
module: FLP_mul, "instance: testbench.test_module"
  SDF Warning: The path from   b to mult_31.U2319.C2 doesn't have a simple 
  wire connection, delay will still be annotated.


Warning-[SDFCOM_SWC] Simple Wire Connection
/MasterClass/M143010027_ALU/Hws/HW1/gate_level/FLP_mul/Between/round1/timing.sdf, 919
module: FLP_mul, "instance: testbench.test_module"
  SDF Warning: The path from   b to mult_31.U2318.A2 doesn't have a simple 
  wire connection, delay will still be annotated.


Warning-[SDFCOM_SWC] Simple Wire Connection
/MasterClass/M143010027_ALU/Hws/HW1/gate_level/FLP_mul/Between/round1/timing.sdf, 922
module: FLP_mul, "instance: testbench.test_module"
  SDF Warning: The path from   b to mult_31.U2317.A2 doesn't have a simple 
  wire connection, delay will still be annotated.


Warning-[SDFCOM_SWC] Simple Wire Connection
/MasterClass/M143010027_ALU/Hws/HW1/gate_level/FLP_mul/Between/round1/timing.sdf, 924
module: FLP_mul, "instance: testbench.test_module"
  SDF Warning: The path from   b to mult_31.U2317.B2 doesn't have a simple 
  wire connection, delay will still be annotated.


Warning-[SDFCOM_SWC] Simple Wire Connection
/MasterClass/M143010027_ALU/Hws/HW1/gate_level/FLP_mul/Between/round1/timing.sdf, 926
module: FLP_mul, "instance: testbench.test_module"
  SDF Warning: The path from   b to mult_31.U2317.C2 doesn't have a simple 
  wire connection, delay will still be annotated.


Warning-[SDFCOM_SWC] Simple Wire Connection
/MasterClass/M143010027_ALU/Hws/HW1/gate_level/FLP_mul/Between/round1/timing.sdf, 928
module: FLP_mul, "instance: testbench.test_module"
  SDF Warning: The path from   b to mult_31.U2316.A2 doesn't have a simple 
  wire connection, delay will still be annotated.


Warning-[SDFCOM_SWC] Simple Wire Connection
/MasterClass/M143010027_ALU/Hws/HW1/gate_level/FLP_mul/Between/round1/timing.sdf, 930
module: FLP_mul, "instance: testbench.test_module"
  SDF Warning: The path from   b to mult_31.U2316.B2 doesn't have a simple 
  wire connection, delay will still be annotated.


Warning-[SDFCOM_SWC] Simple Wire Connection
/MasterClass/M143010027_ALU/Hws/HW1/gate_level/FLP_mul/Between/round1/timing.sdf, 932
module: FLP_mul, "instance: testbench.test_module"
  SDF Warning: The path from   b to mult_31.U2316.C2 doesn't have a simple 
  wire connection, delay will still be annotated.


Warning-[SDFCOM_SWC] Simple Wire Connection
/MasterClass/M143010027_ALU/Hws/HW1/gate_level/FLP_mul/Between/round1/timing.sdf, 934
module: FLP_mul, "instance: testbench.test_module"
  SDF Warning: The path from   b to mult_31.U2315.A2 doesn't have a simple 
  wire connection, delay will still be annotated.


Warning-[SDFCOM_SWC] Simple Wire Connection
/MasterClass/M143010027_ALU/Hws/HW1/gate_level/FLP_mul/Between/round1/timing.sdf, 936
module: FLP_mul, "instance: testbench.test_module"
  SDF Warning: The path from   b to mult_31.U2315.B2 doesn't have a simple 
  wire connection, delay will still be annotated.


Warning-[SDFCOM_SWC] Simple Wire Connection
/MasterClass/M143010027_ALU/Hws/HW1/gate_level/FLP_mul/Between/round1/timing.sdf, 938
module: FLP_mul, "instance: testbench.test_module"
  SDF Warning: The path from   b to mult_31.U2315.C2 doesn't have a simple 
  wire connection, delay will still be annotated.


Warning-[SDFCOM_SWC] Simple Wire Connection
/MasterClass/M143010027_ALU/Hws/HW1/gate_level/FLP_mul/Between/round1/timing.sdf, 939
module: FLP_mul, "instance: testbench.test_module"
  SDF Warning: The path from   b to mult_31.U2314.A1 doesn't have a simple 
  wire connection, delay will still be annotated.


Warning-[SDFCOM_SWC] Simple Wire Connection
/MasterClass/M143010027_ALU/Hws/HW1/gate_level/FLP_mul/Between/round1/timing.sdf, 940
module: FLP_mul, "instance: testbench.test_module"
  SDF Warning: The path from   b to mult_31.U2314.A2 doesn't have a simple 
  wire connection, delay will still be annotated.


Warning-[SDFCOM_SWC] Simple Wire Connection
/MasterClass/M143010027_ALU/Hws/HW1/gate_level/FLP_mul/Between/round1/timing.sdf, 942
module: FLP_mul, "instance: testbench.test_module"
  SDF Warning: The path from   a to mult_31.U2313.A2 doesn't have a simple 
  wire connection, delay will still be annotated.


Warning-[SDFCOM_SWC] Simple Wire Connection
/MasterClass/M143010027_ALU/Hws/HW1/gate_level/FLP_mul/Between/round1/timing.sdf, 946
module: FLP_mul, "instance: testbench.test_module"
  SDF Warning: The path from   b to mult_31.U2311.A2 doesn't have a simple 
  wire connection, delay will still be annotated.


Warning-[SDFCOM_SWC] Simple Wire Connection
/MasterClass/M143010027_ALU/Hws/HW1/gate_level/FLP_mul/Between/round1/timing.sdf, 948
module: FLP_mul, "instance: testbench.test_module"
  SDF Warning: The path from   b to mult_31.U2311.B2 doesn't have a simple 
  wire connection, delay will still be annotated.


Warning-[SDFCOM_SWC] Simple Wire Connection
/MasterClass/M143010027_ALU/Hws/HW1/gate_level/FLP_mul/Between/round1/timing.sdf, 950
module: FLP_mul, "instance: testbench.test_module"
  SDF Warning: The path from   b to mult_31.U2311.C2 doesn't have a simple 
  wire connection, delay will still be annotated.


Warning-[SDFCOM_SWC] Simple Wire Connection
/MasterClass/M143010027_ALU/Hws/HW1/gate_level/FLP_mul/Between/round1/timing.sdf, 952
module: FLP_mul, "instance: testbench.test_module"
  SDF Warning: The path from   b to mult_31.U2310.A2 doesn't have a simple 
  wire connection, delay will still be annotated.


Warning-[SDFCOM_SWC] Simple Wire Connection
/MasterClass/M143010027_ALU/Hws/HW1/gate_level/FLP_mul/Between/round1/timing.sdf, 954
module: FLP_mul, "instance: testbench.test_module"
  SDF Warning: The path from   b to mult_31.U2310.B2 doesn't have a simple 
  wire connection, delay will still be annotated.


Warning-[SDFCOM_SWC] Simple Wire Connection
/MasterClass/M143010027_ALU/Hws/HW1/gate_level/FLP_mul/Between/round1/timing.sdf, 956
module: FLP_mul, "instance: testbench.test_module"
  SDF Warning: The path from   b to mult_31.U2310.C2 doesn't have a simple 
  wire connection, delay will still be annotated.


Warning-[SDFCOM_SWC] Simple Wire Connection
/MasterClass/M143010027_ALU/Hws/HW1/gate_level/FLP_mul/Between/round1/timing.sdf, 958
module: FLP_mul, "instance: testbench.test_module"
  SDF Warning: The path from   b to mult_31.U2309.A2 doesn't have a simple 
  wire connection, delay will still be annotated.


Warning-[SDFCOM_SWC] Simple Wire Connection
/MasterClass/M143010027_ALU/Hws/HW1/gate_level/FLP_mul/Between/round1/timing.sdf, 960
module: FLP_mul, "instance: testbench.test_module"
  SDF Warning: The path from   b to mult_31.U2309.B2 doesn't have a simple 
  wire connection, delay will still be annotated.


Warning-[SDFCOM_SWC] Simple Wire Connection
/MasterClass/M143010027_ALU/Hws/HW1/gate_level/FLP_mul/Between/round1/timing.sdf, 962
module: FLP_mul, "instance: testbench.test_module"
  SDF Warning: The path from   b to mult_31.U2309.C2 doesn't have a simple 
  wire connection, delay will still be annotated.


Warning-[SDFCOM_SWC] Simple Wire Connection
/MasterClass/M143010027_ALU/Hws/HW1/gate_level/FLP_mul/Between/round1/timing.sdf, 964
module: FLP_mul, "instance: testbench.test_module"
  SDF Warning: The path from   b to mult_31.U2308.A2 doesn't have a simple 
  wire connection, delay will still be annotated.


Warning-[SDFCOM_SWC] Simple Wire Connection
/MasterClass/M143010027_ALU/Hws/HW1/gate_level/FLP_mul/Between/round1/timing.sdf, 966
module: FLP_mul, "instance: testbench.test_module"
  SDF Warning: The path from   b to mult_31.U2308.B2 doesn't have a simple 
  wire connection, delay will still be annotated.


Warning-[SDFCOM_SWC] Simple Wire Connection
/MasterClass/M143010027_ALU/Hws/HW1/gate_level/FLP_mul/Between/round1/timing.sdf, 968
module: FLP_mul, "instance: testbench.test_module"
  SDF Warning: The path from   b to mult_31.U2308.C2 doesn't have a simple 
  wire connection, delay will still be annotated.


Warning-[SDFCOM_SWC] Simple Wire Connection
/MasterClass/M143010027_ALU/Hws/HW1/gate_level/FLP_mul/Between/round1/timing.sdf, 970
module: FLP_mul, "instance: testbench.test_module"
  SDF Warning: The path from   b to mult_31.U2307.A2 doesn't have a simple 
  wire connection, delay will still be annotated.


Warning-[SDFCOM_SWC] Simple Wire Connection
/MasterClass/M143010027_ALU/Hws/HW1/gate_level/FLP_mul/Between/round1/timing.sdf, 972
module: FLP_mul, "instance: testbench.test_module"
  SDF Warning: The path from   b to mult_31.U2307.B2 doesn't have a simple 
  wire connection, delay will still be annotated.


Warning-[SDFCOM_SWC] Simple Wire Connection
/MasterClass/M143010027_ALU/Hws/HW1/gate_level/FLP_mul/Between/round1/timing.sdf, 974
module: FLP_mul, "instance: testbench.test_module"
  SDF Warning: The path from   b to mult_31.U2307.C2 doesn't have a simple 
  wire connection, delay will still be annotated.


Warning-[SDFCOM_SWC] Simple Wire Connection
/MasterClass/M143010027_ALU/Hws/HW1/gate_level/FLP_mul/Between/round1/timing.sdf, 978
module: FLP_mul, "instance: testbench.test_module"
  SDF Warning: The path from   b to mult_31.U2305.A2 doesn't have a simple 
  wire connection, delay will still be annotated.


Warning-[SDFCOM_SWC] Simple Wire Connection
/MasterClass/M143010027_ALU/Hws/HW1/gate_level/FLP_mul/Between/round1/timing.sdf, 980
module: FLP_mul, "instance: testbench.test_module"
  SDF Warning: The path from   b to mult_31.U2305.B2 doesn't have a simple 
  wire connection, delay will still be annotated.


Warning-[SDFCOM_SWC] Simple Wire Connection
/MasterClass/M143010027_ALU/Hws/HW1/gate_level/FLP_mul/Between/round1/timing.sdf, 982
module: FLP_mul, "instance: testbench.test_module"
  SDF Warning: The path from   b to mult_31.U2305.C2 doesn't have a simple 
  wire connection, delay will still be annotated.


Warning-[SDFCOM_SWC] Simple Wire Connection
/MasterClass/M143010027_ALU/Hws/HW1/gate_level/FLP_mul/Between/round1/timing.sdf, 984
module: FLP_mul, "instance: testbench.test_module"
  SDF Warning: The path from   b to mult_31.U2304.A2 doesn't have a simple 
  wire connection, delay will still be annotated.


Warning-[SDFCOM_SWC] Simple Wire Connection
/MasterClass/M143010027_ALU/Hws/HW1/gate_level/FLP_mul/Between/round1/timing.sdf, 986
module: FLP_mul, "instance: testbench.test_module"
  SDF Warning: The path from   b to mult_31.U2304.B2 doesn't have a simple 
  wire connection, delay will still be annotated.


Warning-[SDFCOM_SWC] Simple Wire Connection
/MasterClass/M143010027_ALU/Hws/HW1/gate_level/FLP_mul/Between/round1/timing.sdf, 988
module: FLP_mul, "instance: testbench.test_module"
  SDF Warning: The path from   b to mult_31.U2304.C2 doesn't have a simple 
  wire connection, delay will still be annotated.


Warning-[SDFCOM_SWC] Simple Wire Connection
/MasterClass/M143010027_ALU/Hws/HW1/gate_level/FLP_mul/Between/round1/timing.sdf, 990
module: FLP_mul, "instance: testbench.test_module"
  SDF Warning: The path from   b to mult_31.U2303.A2 doesn't have a simple 
  wire connection, delay will still be annotated.


Warning-[SDFCOM_SWC] Simple Wire Connection
/MasterClass/M143010027_ALU/Hws/HW1/gate_level/FLP_mul/Between/round1/timing.sdf, 992
module: FLP_mul, "instance: testbench.test_module"
  SDF Warning: The path from   b to mult_31.U2303.B2 doesn't have a simple 
  wire connection, delay will still be annotated.


Warning-[SDFCOM_SWC] Simple Wire Connection
/MasterClass/M143010027_ALU/Hws/HW1/gate_level/FLP_mul/Between/round1/timing.sdf, 994
module: FLP_mul, "instance: testbench.test_module"
  SDF Warning: The path from   b to mult_31.U2303.C2 doesn't have a simple 
  wire connection, delay will still be annotated.


Warning-[SDFCOM_SWC] Simple Wire Connection
/MasterClass/M143010027_ALU/Hws/HW1/gate_level/FLP_mul/Between/round1/timing.sdf, 996
module: FLP_mul, "instance: testbench.test_module"
  SDF Warning: The path from   b to mult_31.U2302.A2 doesn't have a simple 
  wire connection, delay will still be annotated.


Warning-[SDFCOM_SWC] Simple Wire Connection
/MasterClass/M143010027_ALU/Hws/HW1/gate_level/FLP_mul/Between/round1/timing.sdf, 998
module: FLP_mul, "instance: testbench.test_module"
  SDF Warning: The path from   b to mult_31.U2302.B2 doesn't have a simple 
  wire connection, delay will still be annotated.


Warning-[SDFCOM_SWC] Simple Wire Connection
/MasterClass/M143010027_ALU/Hws/HW1/gate_level/FLP_mul/Between/round1/timing.sdf, 1000
module: FLP_mul, "instance: testbench.test_module"
  SDF Warning: The path from   b to mult_31.U2302.C2 doesn't have a simple 
  wire connection, delay will still be annotated.


Warning-[SDFCOM_SWC] Simple Wire Connection
/MasterClass/M143010027_ALU/Hws/HW1/gate_level/FLP_mul/Between/round1/timing.sdf, 1002
module: FLP_mul, "instance: testbench.test_module"
  SDF Warning: The path from   b to mult_31.U2301.A2 doesn't have a simple 
  wire connection, delay will still be annotated.


Warning-[SDFCOM_SWC] Simple Wire Connection
/MasterClass/M143010027_ALU/Hws/HW1/gate_level/FLP_mul/Between/round1/timing.sdf, 1004
module: FLP_mul, "instance: testbench.test_module"
  SDF Warning: The path from   b to mult_31.U2301.B2 doesn't have a simple 
  wire connection, delay will still be annotated.


Warning-[SDFCOM_SWC] Simple Wire Connection
/MasterClass/M143010027_ALU/Hws/HW1/gate_level/FLP_mul/Between/round1/timing.sdf, 1006
module: FLP_mul, "instance: testbench.test_module"
  SDF Warning: The path from   b to mult_31.U2301.C2 doesn't have a simple 
  wire connection, delay will still be annotated.


Warning-[SDFCOM_SWC] Simple Wire Connection
/MasterClass/M143010027_ALU/Hws/HW1/gate_level/FLP_mul/Between/round1/timing.sdf, 1008
module: FLP_mul, "instance: testbench.test_module"
  SDF Warning: The path from   b to mult_31.U2300.A2 doesn't have a simple 
  wire connection, delay will still be annotated.


Warning-[SDFCOM_SWC] Simple Wire Connection
/MasterClass/M143010027_ALU/Hws/HW1/gate_level/FLP_mul/Between/round1/timing.sdf, 1010
module: FLP_mul, "instance: testbench.test_module"
  SDF Warning: The path from   b to mult_31.U2300.B2 doesn't have a simple 
  wire connection, delay will still be annotated.


Warning-[SDFCOM_SWC] Simple Wire Connection
/MasterClass/M143010027_ALU/Hws/HW1/gate_level/FLP_mul/Between/round1/timing.sdf, 1012
module: FLP_mul, "instance: testbench.test_module"
  SDF Warning: The path from   b to mult_31.U2300.C2 doesn't have a simple 
  wire connection, delay will still be annotated.


Warning-[SDFCOM_SWC] Simple Wire Connection
/MasterClass/M143010027_ALU/Hws/HW1/gate_level/FLP_mul/Between/round1/timing.sdf, 1014
module: FLP_mul, "instance: testbench.test_module"
  SDF Warning: The path from   b to mult_31.U2299.A2 doesn't have a simple 
  wire connection, delay will still be annotated.


Warning-[SDFCOM_SWC] Simple Wire Connection
/MasterClass/M143010027_ALU/Hws/HW1/gate_level/FLP_mul/Between/round1/timing.sdf, 1016
module: FLP_mul, "instance: testbench.test_module"
  SDF Warning: The path from   b to mult_31.U2299.B2 doesn't have a simple 
  wire connection, delay will still be annotated.


Warning-[SDFCOM_SWC] Simple Wire Connection
/MasterClass/M143010027_ALU/Hws/HW1/gate_level/FLP_mul/Between/round1/timing.sdf, 1018
module: FLP_mul, "instance: testbench.test_module"
  SDF Warning: The path from   b to mult_31.U2299.C2 doesn't have a simple 
  wire connection, delay will still be annotated.


Warning-[SDFCOM_SWC] Simple Wire Connection
/MasterClass/M143010027_ALU/Hws/HW1/gate_level/FLP_mul/Between/round1/timing.sdf, 1021
module: FLP_mul, "instance: testbench.test_module"
  SDF Warning: The path from   b to mult_31.U2297.I doesn't have a simple wire
  connection, delay will still be annotated.


Warning-[SDFCOM_SWC] Simple Wire Connection
/MasterClass/M143010027_ALU/Hws/HW1/gate_level/FLP_mul/Between/round1/timing.sdf, 1022
module: FLP_mul, "instance: testbench.test_module"
  SDF Warning: The path from   b to mult_31.U2296.A1 doesn't have a simple 
  wire connection, delay will still be annotated.


Warning-[SDFCOM_SWC] Simple Wire Connection
/MasterClass/M143010027_ALU/Hws/HW1/gate_level/FLP_mul/Between/round1/timing.sdf, 1023
module: FLP_mul, "instance: testbench.test_module"
  SDF Warning: The path from   b to mult_31.U2296.A2 doesn't have a simple 
  wire connection, delay will still be annotated.


Warning-[SDFCOM_SWC] Simple Wire Connection
/MasterClass/M143010027_ALU/Hws/HW1/gate_level/FLP_mul/Between/round1/timing.sdf, 1025
module: FLP_mul, "instance: testbench.test_module"
  SDF Warning: The path from   b to mult_31.U2295.A2 doesn't have a simple 
  wire connection, delay will still be annotated.


Warning-[SDFCOM_SWC] Simple Wire Connection
/MasterClass/M143010027_ALU/Hws/HW1/gate_level/FLP_mul/Between/round1/timing.sdf, 1028
module: FLP_mul, "instance: testbench.test_module"
  SDF Warning: The path from   b to mult_31.U2294.A2 doesn't have a simple 
  wire connection, delay will still be annotated.


Warning-[SDFCOM_SWC] Simple Wire Connection
/MasterClass/M143010027_ALU/Hws/HW1/gate_level/FLP_mul/Between/round1/timing.sdf, 1030
module: FLP_mul, "instance: testbench.test_module"
  SDF Warning: The path from   b to mult_31.U2294.B2 doesn't have a simple 
  wire connection, delay will still be annotated.


Warning-[SDFCOM_SWC] Simple Wire Connection
/MasterClass/M143010027_ALU/Hws/HW1/gate_level/FLP_mul/Between/round1/timing.sdf, 1032
module: FLP_mul, "instance: testbench.test_module"
  SDF Warning: The path from   b to mult_31.U2294.C2 doesn't have a simple 
  wire connection, delay will still be annotated.


Warning-[SDFCOM_SWC] Simple Wire Connection
/MasterClass/M143010027_ALU/Hws/HW1/gate_level/FLP_mul/Between/round1/timing.sdf, 1036
module: FLP_mul, "instance: testbench.test_module"
  SDF Warning: The path from   b to mult_31.U2292.A2 doesn't have a simple 
  wire connection, delay will still be annotated.


Warning-[SDFCOM_SWC] Simple Wire Connection
/MasterClass/M143010027_ALU/Hws/HW1/gate_level/FLP_mul/Between/round1/timing.sdf, 1038
module: FLP_mul, "instance: testbench.test_module"
  SDF Warning: The path from   b to mult_31.U2292.B2 doesn't have a simple 
  wire connection, delay will still be annotated.


Warning-[SDFCOM_SWC] Simple Wire Connection
/MasterClass/M143010027_ALU/Hws/HW1/gate_level/FLP_mul/Between/round1/timing.sdf, 1040
module: FLP_mul, "instance: testbench.test_module"
  SDF Warning: The path from   b to mult_31.U2292.C2 doesn't have a simple 
  wire connection, delay will still be annotated.


Warning-[SDFCOM_SWC] Simple Wire Connection
/MasterClass/M143010027_ALU/Hws/HW1/gate_level/FLP_mul/Between/round1/timing.sdf, 1042
module: FLP_mul, "instance: testbench.test_module"
  SDF Warning: The path from   a to mult_31.U2291.A2 doesn't have a simple 
  wire connection, delay will still be annotated.


Warning-[SDFCOM_SWC] Simple Wire Connection
/MasterClass/M143010027_ALU/Hws/HW1/gate_level/FLP_mul/Between/round1/timing.sdf, 1044
module: FLP_mul, "instance: testbench.test_module"
  SDF Warning: The path from   b to mult_31.U2290.A2 doesn't have a simple 
  wire connection, delay will still be annotated.


Warning-[SDFCOM_SWC] Simple Wire Connection
/MasterClass/M143010027_ALU/Hws/HW1/gate_level/FLP_mul/Between/round1/timing.sdf, 1049
module: FLP_mul, "instance: testbench.test_module"
  SDF Warning: The path from   b to mult_31.U2287.A1 doesn't have a simple 
  wire connection, delay will still be annotated.


Warning-[SDFCOM_SWC] Simple Wire Connection
/MasterClass/M143010027_ALU/Hws/HW1/gate_level/FLP_mul/Between/round1/timing.sdf, 1050
module: FLP_mul, "instance: testbench.test_module"
  SDF Warning: The path from   b to mult_31.U2287.A2 doesn't have a simple 
  wire connection, delay will still be annotated.


Warning-[SDFCOM_SWC] Simple Wire Connection
/MasterClass/M143010027_ALU/Hws/HW1/gate_level/FLP_mul/Between/round1/timing.sdf, 1052
module: FLP_mul, "instance: testbench.test_module"
  SDF Warning: The path from   b to mult_31.U2286.A2 doesn't have a simple 
  wire connection, delay will still be annotated.


Warning-[SDFCOM_SWC] Simple Wire Connection
/MasterClass/M143010027_ALU/Hws/HW1/gate_level/FLP_mul/Between/round1/timing.sdf, 1054
module: FLP_mul, "instance: testbench.test_module"
  SDF Warning: The path from   b to mult_31.U2286.B2 doesn't have a simple 
  wire connection, delay will still be annotated.


Warning-[SDFCOM_SWC] Simple Wire Connection
/MasterClass/M143010027_ALU/Hws/HW1/gate_level/FLP_mul/Between/round1/timing.sdf, 1056
module: FLP_mul, "instance: testbench.test_module"
  SDF Warning: The path from   b to mult_31.U2286.C2 doesn't have a simple 
  wire connection, delay will still be annotated.


Warning-[SDFCOM_SWC] Simple Wire Connection
/MasterClass/M143010027_ALU/Hws/HW1/gate_level/FLP_mul/Between/round1/timing.sdf, 1058
module: FLP_mul, "instance: testbench.test_module"
  SDF Warning: The path from   b to mult_31.U2285.A2 doesn't have a simple 
  wire connection, delay will still be annotated.


Warning-[SDFCOM_SWC] Simple Wire Connection
/MasterClass/M143010027_ALU/Hws/HW1/gate_level/FLP_mul/Between/round1/timing.sdf, 1060
module: FLP_mul, "instance: testbench.test_module"
  SDF Warning: The path from   b to mult_31.U2285.B2 doesn't have a simple 
  wire connection, delay will still be annotated.


Warning-[SDFCOM_SWC] Simple Wire Connection
/MasterClass/M143010027_ALU/Hws/HW1/gate_level/FLP_mul/Between/round1/timing.sdf, 1062
module: FLP_mul, "instance: testbench.test_module"
  SDF Warning: The path from   b to mult_31.U2285.C2 doesn't have a simple 
  wire connection, delay will still be annotated.


Warning-[SDFCOM_SWC] Simple Wire Connection
/MasterClass/M143010027_ALU/Hws/HW1/gate_level/FLP_mul/Between/round1/timing.sdf, 1064
module: FLP_mul, "instance: testbench.test_module"
  SDF Warning: The path from   b to mult_31.U2284.A2 doesn't have a simple 
  wire connection, delay will still be annotated.


Warning-[SDFCOM_SWC] Simple Wire Connection
/MasterClass/M143010027_ALU/Hws/HW1/gate_level/FLP_mul/Between/round1/timing.sdf, 1066
module: FLP_mul, "instance: testbench.test_module"
  SDF Warning: The path from   b to mult_31.U2284.B2 doesn't have a simple 
  wire connection, delay will still be annotated.


Warning-[SDFCOM_SWC] Simple Wire Connection
/MasterClass/M143010027_ALU/Hws/HW1/gate_level/FLP_mul/Between/round1/timing.sdf, 1068
module: FLP_mul, "instance: testbench.test_module"
  SDF Warning: The path from   b to mult_31.U2284.C2 doesn't have a simple 
  wire connection, delay will still be annotated.


Warning-[SDFCOM_SWC] Simple Wire Connection
/MasterClass/M143010027_ALU/Hws/HW1/gate_level/FLP_mul/Between/round1/timing.sdf, 1070
module: FLP_mul, "instance: testbench.test_module"
  SDF Warning: The path from   b to mult_31.U2283.A2 doesn't have a simple 
  wire connection, delay will still be annotated.


Warning-[SDFCOM_SWC] Simple Wire Connection
/MasterClass/M143010027_ALU/Hws/HW1/gate_level/FLP_mul/Between/round1/timing.sdf, 1072
module: FLP_mul, "instance: testbench.test_module"
  SDF Warning: The path from   b to mult_31.U2283.B2 doesn't have a simple 
  wire connection, delay will still be annotated.


Warning-[SDFCOM_SWC] Simple Wire Connection
/MasterClass/M143010027_ALU/Hws/HW1/gate_level/FLP_mul/Between/round1/timing.sdf, 1074
module: FLP_mul, "instance: testbench.test_module"
  SDF Warning: The path from   b to mult_31.U2283.C2 doesn't have a simple 
  wire connection, delay will still be annotated.


Warning-[SDFCOM_SWC] Simple Wire Connection
/MasterClass/M143010027_ALU/Hws/HW1/gate_level/FLP_mul/Between/round1/timing.sdf, 1081
module: FLP_mul, "instance: testbench.test_module"
  SDF Warning: The path from   b to mult_31.U2280.A2 doesn't have a simple 
  wire connection, delay will still be annotated.


Warning-[SDFCOM_SWC] Simple Wire Connection
/MasterClass/M143010027_ALU/Hws/HW1/gate_level/FLP_mul/Between/round1/timing.sdf, 1083
module: FLP_mul, "instance: testbench.test_module"
  SDF Warning: The path from   b to mult_31.U2280.B2 doesn't have a simple 
  wire connection, delay will still be annotated.


Warning-[SDFCOM_SWC] Simple Wire Connection
/MasterClass/M143010027_ALU/Hws/HW1/gate_level/FLP_mul/Between/round1/timing.sdf, 1085
module: FLP_mul, "instance: testbench.test_module"
  SDF Warning: The path from   b to mult_31.U2280.C2 doesn't have a simple 
  wire connection, delay will still be annotated.


Warning-[SDFCOM_SWC] Simple Wire Connection
/MasterClass/M143010027_ALU/Hws/HW1/gate_level/FLP_mul/Between/round1/timing.sdf, 1086
module: FLP_mul, "instance: testbench.test_module"
  SDF Warning: The path from   b to mult_31.U2279.A1 doesn't have a simple 
  wire connection, delay will still be annotated.


Warning-[SDFCOM_SWC] Simple Wire Connection
/MasterClass/M143010027_ALU/Hws/HW1/gate_level/FLP_mul/Between/round1/timing.sdf, 1087
module: FLP_mul, "instance: testbench.test_module"
  SDF Warning: The path from   b to mult_31.U2279.A2 doesn't have a simple 
  wire connection, delay will still be annotated.


Warning-[SDFCOM_SWC] Simple Wire Connection
/MasterClass/M143010027_ALU/Hws/HW1/gate_level/FLP_mul/Between/round1/timing.sdf, 1091
module: FLP_mul, "instance: testbench.test_module"
  SDF Warning: The path from   b to mult_31.U2277.A1 doesn't have a simple 
  wire connection, delay will still be annotated.


Warning-[SDFCOM_SWC] Simple Wire Connection
/MasterClass/M143010027_ALU/Hws/HW1/gate_level/FLP_mul/Between/round1/timing.sdf, 1092
module: FLP_mul, "instance: testbench.test_module"
  SDF Warning: The path from   b to mult_31.U2277.A2 doesn't have a simple 
  wire connection, delay will still be annotated.


Warning-[SDFCOM_SWC] Simple Wire Connection
/MasterClass/M143010027_ALU/Hws/HW1/gate_level/FLP_mul/Between/round1/timing.sdf, 1094
module: FLP_mul, "instance: testbench.test_module"
  SDF Warning: The path from   b to mult_31.U2276.A2 doesn't have a simple 
  wire connection, delay will still be annotated.


Warning-[SDFCOM_SWC] Simple Wire Connection
/MasterClass/M143010027_ALU/Hws/HW1/gate_level/FLP_mul/Between/round1/timing.sdf, 1096
module: FLP_mul, "instance: testbench.test_module"
  SDF Warning: The path from   b to mult_31.U2276.B2 doesn't have a simple 
  wire connection, delay will still be annotated.


Warning-[SDFCOM_SWC] Simple Wire Connection
/MasterClass/M143010027_ALU/Hws/HW1/gate_level/FLP_mul/Between/round1/timing.sdf, 1098
module: FLP_mul, "instance: testbench.test_module"
  SDF Warning: The path from   b to mult_31.U2276.C2 doesn't have a simple 
  wire connection, delay will still be annotated.


Warning-[SDFCOM_SWC] Simple Wire Connection
/MasterClass/M143010027_ALU/Hws/HW1/gate_level/FLP_mul/Between/round1/timing.sdf, 1100
module: FLP_mul, "instance: testbench.test_module"
  SDF Warning: The path from   b to mult_31.U2275.A2 doesn't have a simple 
  wire connection, delay will still be annotated.


Warning-[SDFCOM_SWC] Simple Wire Connection
/MasterClass/M143010027_ALU/Hws/HW1/gate_level/FLP_mul/Between/round1/timing.sdf, 1102
module: FLP_mul, "instance: testbench.test_module"
  SDF Warning: The path from   b to mult_31.U2275.B2 doesn't have a simple 
  wire connection, delay will still be annotated.


Warning-[SDFCOM_SWC] Simple Wire Connection
/MasterClass/M143010027_ALU/Hws/HW1/gate_level/FLP_mul/Between/round1/timing.sdf, 1104
module: FLP_mul, "instance: testbench.test_module"
  SDF Warning: The path from   b to mult_31.U2275.C2 doesn't have a simple 
  wire connection, delay will still be annotated.


Warning-[SDFCOM_SWC] Simple Wire Connection
/MasterClass/M143010027_ALU/Hws/HW1/gate_level/FLP_mul/Between/round1/timing.sdf, 1105
module: FLP_mul, "instance: testbench.test_module"
  SDF Warning: The path from   b to mult_31.U2274.A1 doesn't have a simple 
  wire connection, delay will still be annotated.


Warning-[SDFCOM_SWC] Simple Wire Connection
/MasterClass/M143010027_ALU/Hws/HW1/gate_level/FLP_mul/Between/round1/timing.sdf, 1106
module: FLP_mul, "instance: testbench.test_module"
  SDF Warning: The path from   b to mult_31.U2274.A2 doesn't have a simple 
  wire connection, delay will still be annotated.


Warning-[SDFCOM_SWC] Simple Wire Connection
/MasterClass/M143010027_ALU/Hws/HW1/gate_level/FLP_mul/Between/round1/timing.sdf, 1110
module: FLP_mul, "instance: testbench.test_module"
  SDF Warning: The path from   b to mult_31.U2272.A2 doesn't have a simple 
  wire connection, delay will still be annotated.


Warning-[SDFCOM_SWC] Simple Wire Connection
/MasterClass/M143010027_ALU/Hws/HW1/gate_level/FLP_mul/Between/round1/timing.sdf, 1112
module: FLP_mul, "instance: testbench.test_module"
  SDF Warning: The path from   b to mult_31.U2272.B2 doesn't have a simple 
  wire connection, delay will still be annotated.


Warning-[SDFCOM_SWC] Simple Wire Connection
/MasterClass/M143010027_ALU/Hws/HW1/gate_level/FLP_mul/Between/round1/timing.sdf, 1114
module: FLP_mul, "instance: testbench.test_module"
  SDF Warning: The path from   b to mult_31.U2272.C2 doesn't have a simple 
  wire connection, delay will still be annotated.


Warning-[SDFCOM_SWC] Simple Wire Connection
/MasterClass/M143010027_ALU/Hws/HW1/gate_level/FLP_mul/Between/round1/timing.sdf, 1116
module: FLP_mul, "instance: testbench.test_module"
  SDF Warning: The path from   b to mult_31.U2271.A2 doesn't have a simple 
  wire connection, delay will still be annotated.


Warning-[SDFCOM_SWC] Simple Wire Connection
/MasterClass/M143010027_ALU/Hws/HW1/gate_level/FLP_mul/Between/round1/timing.sdf, 1118
module: FLP_mul, "instance: testbench.test_module"
  SDF Warning: The path from   b to mult_31.U2271.B2 doesn't have a simple 
  wire connection, delay will still be annotated.


Warning-[SDFCOM_SWC] Simple Wire Connection
/MasterClass/M143010027_ALU/Hws/HW1/gate_level/FLP_mul/Between/round1/timing.sdf, 1120
module: FLP_mul, "instance: testbench.test_module"
  SDF Warning: The path from   b to mult_31.U2271.C2 doesn't have a simple 
  wire connection, delay will still be annotated.


Warning-[SDFCOM_SWC] Simple Wire Connection
/MasterClass/M143010027_ALU/Hws/HW1/gate_level/FLP_mul/Between/round1/timing.sdf, 1122
module: FLP_mul, "instance: testbench.test_module"
  SDF Warning: The path from   b to mult_31.U2270.A2 doesn't have a simple 
  wire connection, delay will still be annotated.


Warning-[SDFCOM_SWC] Simple Wire Connection
/MasterClass/M143010027_ALU/Hws/HW1/gate_level/FLP_mul/Between/round1/timing.sdf, 1124
module: FLP_mul, "instance: testbench.test_module"
  SDF Warning: The path from   b to mult_31.U2270.B2 doesn't have a simple 
  wire connection, delay will still be annotated.


Warning-[SDFCOM_SWC] Simple Wire Connection
/MasterClass/M143010027_ALU/Hws/HW1/gate_level/FLP_mul/Between/round1/timing.sdf, 1126
module: FLP_mul, "instance: testbench.test_module"
  SDF Warning: The path from   b to mult_31.U2270.C2 doesn't have a simple 
  wire connection, delay will still be annotated.


Warning-[SDFCOM_SWC] Simple Wire Connection
/MasterClass/M143010027_ALU/Hws/HW1/gate_level/FLP_mul/Between/round1/timing.sdf, 1127
module: FLP_mul, "instance: testbench.test_module"
  SDF Warning: The path from   b to mult_31.U2269.A1 doesn't have a simple 
  wire connection, delay will still be annotated.


Warning-[SDFCOM_SWC] Simple Wire Connection
/MasterClass/M143010027_ALU/Hws/HW1/gate_level/FLP_mul/Between/round1/timing.sdf, 1128
module: FLP_mul, "instance: testbench.test_module"
  SDF Warning: The path from   b to mult_31.U2269.A2 doesn't have a simple 
  wire connection, delay will still be annotated.


Warning-[SDFCOM_SWC] Simple Wire Connection
/MasterClass/M143010027_ALU/Hws/HW1/gate_level/FLP_mul/Between/round1/timing.sdf, 1130
module: FLP_mul, "instance: testbench.test_module"
  SDF Warning: The path from   a to mult_31.U2268.A2 doesn't have a simple 
  wire connection, delay will still be annotated.


Warning-[SDFCOM_SWC] Simple Wire Connection
/MasterClass/M143010027_ALU/Hws/HW1/gate_level/FLP_mul/Between/round1/timing.sdf, 1132
module: FLP_mul, "instance: testbench.test_module"
  SDF Warning: The path from   b to mult_31.U2267.A2 doesn't have a simple 
  wire connection, delay will still be annotated.


Warning-[SDFCOM_SWC] Simple Wire Connection
/MasterClass/M143010027_ALU/Hws/HW1/gate_level/FLP_mul/Between/round1/timing.sdf, 1134
module: FLP_mul, "instance: testbench.test_module"
  SDF Warning: The path from   b to mult_31.U2267.B2 doesn't have a simple 
  wire connection, delay will still be annotated.


Warning-[SDFCOM_SWC] Simple Wire Connection
/MasterClass/M143010027_ALU/Hws/HW1/gate_level/FLP_mul/Between/round1/timing.sdf, 1136
module: FLP_mul, "instance: testbench.test_module"
  SDF Warning: The path from   b to mult_31.U2267.C2 doesn't have a simple 
  wire connection, delay will still be annotated.


Warning-[SDFCOM_SWC] Simple Wire Connection
/MasterClass/M143010027_ALU/Hws/HW1/gate_level/FLP_mul/Between/round1/timing.sdf, 1138
module: FLP_mul, "instance: testbench.test_module"
  SDF Warning: The path from   a to mult_31.U2266.A2 doesn't have a simple 
  wire connection, delay will still be annotated.


Warning-[SDFCOM_SWC] Simple Wire Connection
/MasterClass/M143010027_ALU/Hws/HW1/gate_level/FLP_mul/Between/round1/timing.sdf, 1144
module: FLP_mul, "instance: testbench.test_module"
  SDF Warning: The path from   b to mult_31.U2263.A2 doesn't have a simple 
  wire connection, delay will still be annotated.


Warning-[SDFCOM_SWC] Simple Wire Connection
/MasterClass/M143010027_ALU/Hws/HW1/gate_level/FLP_mul/Between/round1/timing.sdf, 1146
module: FLP_mul, "instance: testbench.test_module"
  SDF Warning: The path from   b to mult_31.U2263.B2 doesn't have a simple 
  wire connection, delay will still be annotated.


Warning-[SDFCOM_SWC] Simple Wire Connection
/MasterClass/M143010027_ALU/Hws/HW1/gate_level/FLP_mul/Between/round1/timing.sdf, 1148
module: FLP_mul, "instance: testbench.test_module"
  SDF Warning: The path from   b to mult_31.U2263.C2 doesn't have a simple 
  wire connection, delay will still be annotated.


Warning-[SDFCOM_SWC] Simple Wire Connection
/MasterClass/M143010027_ALU/Hws/HW1/gate_level/FLP_mul/Between/round1/timing.sdf, 1150
module: FLP_mul, "instance: testbench.test_module"
  SDF Warning: The path from   b to mult_31.U2262.A2 doesn't have a simple 
  wire connection, delay will still be annotated.


Warning-[SDFCOM_SWC] Simple Wire Connection
/MasterClass/M143010027_ALU/Hws/HW1/gate_level/FLP_mul/Between/round1/timing.sdf, 1152
module: FLP_mul, "instance: testbench.test_module"
  SDF Warning: The path from   b to mult_31.U2262.B2 doesn't have a simple 
  wire connection, delay will still be annotated.


Warning-[SDFCOM_SWC] Simple Wire Connection
/MasterClass/M143010027_ALU/Hws/HW1/gate_level/FLP_mul/Between/round1/timing.sdf, 1154
module: FLP_mul, "instance: testbench.test_module"
  SDF Warning: The path from   b to mult_31.U2262.C2 doesn't have a simple 
  wire connection, delay will still be annotated.


Warning-[SDFCOM_SWC] Simple Wire Connection
/MasterClass/M143010027_ALU/Hws/HW1/gate_level/FLP_mul/Between/round1/timing.sdf, 1156
module: FLP_mul, "instance: testbench.test_module"
  SDF Warning: The path from   b to mult_31.U2261.A2 doesn't have a simple 
  wire connection, delay will still be annotated.


Warning-[SDFCOM_SWC] Simple Wire Connection
/MasterClass/M143010027_ALU/Hws/HW1/gate_level/FLP_mul/Between/round1/timing.sdf, 1158
module: FLP_mul, "instance: testbench.test_module"
  SDF Warning: The path from   b to mult_31.U2261.B2 doesn't have a simple 
  wire connection, delay will still be annotated.


Warning-[SDFCOM_SWC] Simple Wire Connection
/MasterClass/M143010027_ALU/Hws/HW1/gate_level/FLP_mul/Between/round1/timing.sdf, 1160
module: FLP_mul, "instance: testbench.test_module"
  SDF Warning: The path from   b to mult_31.U2261.C2 doesn't have a simple 
  wire connection, delay will still be annotated.


Warning-[SDFCOM_SWC] Simple Wire Connection
/MasterClass/M143010027_ALU/Hws/HW1/gate_level/FLP_mul/Between/round1/timing.sdf, 1162
module: FLP_mul, "instance: testbench.test_module"
  SDF Warning: The path from   b to mult_31.U2260.A2 doesn't have a simple 
  wire connection, delay will still be annotated.


Warning-[SDFCOM_SWC] Simple Wire Connection
/MasterClass/M143010027_ALU/Hws/HW1/gate_level/FLP_mul/Between/round1/timing.sdf, 1164
module: FLP_mul, "instance: testbench.test_module"
  SDF Warning: The path from   b to mult_31.U2260.B2 doesn't have a simple 
  wire connection, delay will still be annotated.


Warning-[SDFCOM_SWC] Simple Wire Connection
/MasterClass/M143010027_ALU/Hws/HW1/gate_level/FLP_mul/Between/round1/timing.sdf, 1166
module: FLP_mul, "instance: testbench.test_module"
  SDF Warning: The path from   b to mult_31.U2260.C2 doesn't have a simple 
  wire connection, delay will still be annotated.


Warning-[SDFCOM_SWC] Simple Wire Connection
/MasterClass/M143010027_ALU/Hws/HW1/gate_level/FLP_mul/Between/round1/timing.sdf, 1168
module: FLP_mul, "instance: testbench.test_module"
  SDF Warning: The path from   b to mult_31.U2259.A2 doesn't have a simple 
  wire connection, delay will still be annotated.


Warning-[SDFCOM_SWC] Simple Wire Connection
/MasterClass/M143010027_ALU/Hws/HW1/gate_level/FLP_mul/Between/round1/timing.sdf, 1170
module: FLP_mul, "instance: testbench.test_module"
  SDF Warning: The path from   b to mult_31.U2259.B2 doesn't have a simple 
  wire connection, delay will still be annotated.


Warning-[SDFCOM_SWC] Simple Wire Connection
/MasterClass/M143010027_ALU/Hws/HW1/gate_level/FLP_mul/Between/round1/timing.sdf, 1172
module: FLP_mul, "instance: testbench.test_module"
  SDF Warning: The path from   b to mult_31.U2259.C2 doesn't have a simple 
  wire connection, delay will still be annotated.


Warning-[SDFCOM_SWC] Simple Wire Connection
/MasterClass/M143010027_ALU/Hws/HW1/gate_level/FLP_mul/Between/round1/timing.sdf, 1174
module: FLP_mul, "instance: testbench.test_module"
  SDF Warning: The path from   b to mult_31.U2258.A2 doesn't have a simple 
  wire connection, delay will still be annotated.


Warning-[SDFCOM_SWC] Simple Wire Connection
/MasterClass/M143010027_ALU/Hws/HW1/gate_level/FLP_mul/Between/round1/timing.sdf, 1176
module: FLP_mul, "instance: testbench.test_module"
  SDF Warning: The path from   b to mult_31.U2258.B2 doesn't have a simple 
  wire connection, delay will still be annotated.


Warning-[SDFCOM_SWC] Simple Wire Connection
/MasterClass/M143010027_ALU/Hws/HW1/gate_level/FLP_mul/Between/round1/timing.sdf, 1178
module: FLP_mul, "instance: testbench.test_module"
  SDF Warning: The path from   b to mult_31.U2258.C2 doesn't have a simple 
  wire connection, delay will still be annotated.


Warning-[SDFCOM_SWC] Simple Wire Connection
/MasterClass/M143010027_ALU/Hws/HW1/gate_level/FLP_mul/Between/round1/timing.sdf, 1180
module: FLP_mul, "instance: testbench.test_module"
  SDF Warning: The path from   b to mult_31.U2257.A2 doesn't have a simple 
  wire connection, delay will still be annotated.


Warning-[SDFCOM_SWC] Simple Wire Connection
/MasterClass/M143010027_ALU/Hws/HW1/gate_level/FLP_mul/Between/round1/timing.sdf, 1182
module: FLP_mul, "instance: testbench.test_module"
  SDF Warning: The path from   b to mult_31.U2257.B2 doesn't have a simple 
  wire connection, delay will still be annotated.


Warning-[SDFCOM_SWC] Simple Wire Connection
/MasterClass/M143010027_ALU/Hws/HW1/gate_level/FLP_mul/Between/round1/timing.sdf, 1184
module: FLP_mul, "instance: testbench.test_module"
  SDF Warning: The path from   b to mult_31.U2257.C2 doesn't have a simple 
  wire connection, delay will still be annotated.


Warning-[SDFCOM_SWC] Simple Wire Connection
/MasterClass/M143010027_ALU/Hws/HW1/gate_level/FLP_mul/Between/round1/timing.sdf, 1186
module: FLP_mul, "instance: testbench.test_module"
  SDF Warning: The path from   b to mult_31.U2256.A2 doesn't have a simple 
  wire connection, delay will still be annotated.


Warning-[SDFCOM_SWC] Simple Wire Connection
/MasterClass/M143010027_ALU/Hws/HW1/gate_level/FLP_mul/Between/round1/timing.sdf, 1188
module: FLP_mul, "instance: testbench.test_module"
  SDF Warning: The path from   b to mult_31.U2256.B2 doesn't have a simple 
  wire connection, delay will still be annotated.


Warning-[SDFCOM_SWC] Simple Wire Connection
/MasterClass/M143010027_ALU/Hws/HW1/gate_level/FLP_mul/Between/round1/timing.sdf, 1190
module: FLP_mul, "instance: testbench.test_module"
  SDF Warning: The path from   b to mult_31.U2256.C2 doesn't have a simple 
  wire connection, delay will still be annotated.


Warning-[SDFCOM_SWC] Simple Wire Connection
/MasterClass/M143010027_ALU/Hws/HW1/gate_level/FLP_mul/Between/round1/timing.sdf, 1192
module: FLP_mul, "instance: testbench.test_module"
  SDF Warning: The path from   b to mult_31.U2255.A2 doesn't have a simple 
  wire connection, delay will still be annotated.


Warning-[SDFCOM_SWC] Simple Wire Connection
/MasterClass/M143010027_ALU/Hws/HW1/gate_level/FLP_mul/Between/round1/timing.sdf, 1194
module: FLP_mul, "instance: testbench.test_module"
  SDF Warning: The path from   b to mult_31.U2255.B2 doesn't have a simple 
  wire connection, delay will still be annotated.


Warning-[SDFCOM_SWC] Simple Wire Connection
/MasterClass/M143010027_ALU/Hws/HW1/gate_level/FLP_mul/Between/round1/timing.sdf, 1196
module: FLP_mul, "instance: testbench.test_module"
  SDF Warning: The path from   b to mult_31.U2255.C2 doesn't have a simple 
  wire connection, delay will still be annotated.


Warning-[SDFCOM_SWC] Simple Wire Connection
/MasterClass/M143010027_ALU/Hws/HW1/gate_level/FLP_mul/Between/round1/timing.sdf, 1198
module: FLP_mul, "instance: testbench.test_module"
  SDF Warning: The path from   b to mult_31.U2254.A2 doesn't have a simple 
  wire connection, delay will still be annotated.


Warning-[SDFCOM_SWC] Simple Wire Connection
/MasterClass/M143010027_ALU/Hws/HW1/gate_level/FLP_mul/Between/round1/timing.sdf, 1200
module: FLP_mul, "instance: testbench.test_module"
  SDF Warning: The path from   b to mult_31.U2254.B2 doesn't have a simple 
  wire connection, delay will still be annotated.


Warning-[SDFCOM_SWC] Simple Wire Connection
/MasterClass/M143010027_ALU/Hws/HW1/gate_level/FLP_mul/Between/round1/timing.sdf, 1202
module: FLP_mul, "instance: testbench.test_module"
  SDF Warning: The path from   b to mult_31.U2254.C2 doesn't have a simple 
  wire connection, delay will still be annotated.


Warning-[SDFCOM_SWC] Simple Wire Connection
/MasterClass/M143010027_ALU/Hws/HW1/gate_level/FLP_mul/Between/round1/timing.sdf, 1204
module: FLP_mul, "instance: testbench.test_module"
  SDF Warning: The path from   b to mult_31.U2253.A2 doesn't have a simple 
  wire connection, delay will still be annotated.


Warning-[SDFCOM_SWC] Simple Wire Connection
/MasterClass/M143010027_ALU/Hws/HW1/gate_level/FLP_mul/Between/round1/timing.sdf, 1206
module: FLP_mul, "instance: testbench.test_module"
  SDF Warning: The path from   b to mult_31.U2253.B2 doesn't have a simple 
  wire connection, delay will still be annotated.


Warning-[SDFCOM_SWC] Simple Wire Connection
/MasterClass/M143010027_ALU/Hws/HW1/gate_level/FLP_mul/Between/round1/timing.sdf, 1208
module: FLP_mul, "instance: testbench.test_module"
  SDF Warning: The path from   b to mult_31.U2253.C2 doesn't have a simple 
  wire connection, delay will still be annotated.


Warning-[SDFCOM_SWC] Simple Wire Connection
/MasterClass/M143010027_ALU/Hws/HW1/gate_level/FLP_mul/Between/round1/timing.sdf, 1210
module: FLP_mul, "instance: testbench.test_module"
  SDF Warning: The path from   b to mult_31.U2252.A2 doesn't have a simple 
  wire connection, delay will still be annotated.


Warning-[SDFCOM_SWC] Simple Wire Connection
/MasterClass/M143010027_ALU/Hws/HW1/gate_level/FLP_mul/Between/round1/timing.sdf, 1212
module: FLP_mul, "instance: testbench.test_module"
  SDF Warning: The path from   b to mult_31.U2252.B2 doesn't have a simple 
  wire connection, delay will still be annotated.


Warning-[SDFCOM_SWC] Simple Wire Connection
/MasterClass/M143010027_ALU/Hws/HW1/gate_level/FLP_mul/Between/round1/timing.sdf, 1214
module: FLP_mul, "instance: testbench.test_module"
  SDF Warning: The path from   b to mult_31.U2252.C2 doesn't have a simple 
  wire connection, delay will still be annotated.


Warning-[SDFCOM_SWC] Simple Wire Connection
/MasterClass/M143010027_ALU/Hws/HW1/gate_level/FLP_mul/Between/round1/timing.sdf, 1216
module: FLP_mul, "instance: testbench.test_module"
  SDF Warning: The path from   b to mult_31.U2251.A2 doesn't have a simple 
  wire connection, delay will still be annotated.


Warning-[SDFCOM_SWC] Simple Wire Connection
/MasterClass/M143010027_ALU/Hws/HW1/gate_level/FLP_mul/Between/round1/timing.sdf, 1218
module: FLP_mul, "instance: testbench.test_module"
  SDF Warning: The path from   b to mult_31.U2251.B2 doesn't have a simple 
  wire connection, delay will still be annotated.


Warning-[SDFCOM_SWC] Simple Wire Connection
/MasterClass/M143010027_ALU/Hws/HW1/gate_level/FLP_mul/Between/round1/timing.sdf, 1220
module: FLP_mul, "instance: testbench.test_module"
  SDF Warning: The path from   b to mult_31.U2251.C2 doesn't have a simple 
  wire connection, delay will still be annotated.


Warning-[SDFCOM_SWC] Simple Wire Connection
/MasterClass/M143010027_ALU/Hws/HW1/gate_level/FLP_mul/Between/round1/timing.sdf, 1222
module: FLP_mul, "instance: testbench.test_module"
  SDF Warning: The path from   b to mult_31.U2250.A2 doesn't have a simple 
  wire connection, delay will still be annotated.


Warning-[SDFCOM_SWC] Simple Wire Connection
/MasterClass/M143010027_ALU/Hws/HW1/gate_level/FLP_mul/Between/round1/timing.sdf, 1224
module: FLP_mul, "instance: testbench.test_module"
  SDF Warning: The path from   b to mult_31.U2250.B2 doesn't have a simple 
  wire connection, delay will still be annotated.


Warning-[SDFCOM_SWC] Simple Wire Connection
/MasterClass/M143010027_ALU/Hws/HW1/gate_level/FLP_mul/Between/round1/timing.sdf, 1226
module: FLP_mul, "instance: testbench.test_module"
  SDF Warning: The path from   b to mult_31.U2250.C2 doesn't have a simple 
  wire connection, delay will still be annotated.


Warning-[SDFCOM_SWC] Simple Wire Connection
/MasterClass/M143010027_ALU/Hws/HW1/gate_level/FLP_mul/Between/round1/timing.sdf, 1228
module: FLP_mul, "instance: testbench.test_module"
  SDF Warning: The path from   b to mult_31.U2249.A2 doesn't have a simple 
  wire connection, delay will still be annotated.


Warning-[SDFCOM_SWC] Simple Wire Connection
/MasterClass/M143010027_ALU/Hws/HW1/gate_level/FLP_mul/Between/round1/timing.sdf, 1230
module: FLP_mul, "instance: testbench.test_module"
  SDF Warning: The path from   b to mult_31.U2249.B2 doesn't have a simple 
  wire connection, delay will still be annotated.


Warning-[SDFCOM_SWC] Simple Wire Connection
/MasterClass/M143010027_ALU/Hws/HW1/gate_level/FLP_mul/Between/round1/timing.sdf, 1232
module: FLP_mul, "instance: testbench.test_module"
  SDF Warning: The path from   b to mult_31.U2249.C2 doesn't have a simple 
  wire connection, delay will still be annotated.


Warning-[SDFCOM_SWC] Simple Wire Connection
/MasterClass/M143010027_ALU/Hws/HW1/gate_level/FLP_mul/Between/round1/timing.sdf, 1238
module: FLP_mul, "instance: testbench.test_module"
  SDF Warning: The path from   b to mult_31.U2246.A2 doesn't have a simple 
  wire connection, delay will still be annotated.


Warning-[SDFCOM_SWC] Simple Wire Connection
/MasterClass/M143010027_ALU/Hws/HW1/gate_level/FLP_mul/Between/round1/timing.sdf, 1240
module: FLP_mul, "instance: testbench.test_module"
  SDF Warning: The path from   b to mult_31.U2246.B2 doesn't have a simple 
  wire connection, delay will still be annotated.


Warning-[SDFCOM_SWC] Simple Wire Connection
/MasterClass/M143010027_ALU/Hws/HW1/gate_level/FLP_mul/Between/round1/timing.sdf, 1242
module: FLP_mul, "instance: testbench.test_module"
  SDF Warning: The path from   b to mult_31.U2246.C2 doesn't have a simple 
  wire connection, delay will still be annotated.


Warning-[SDFCOM_SWC] Simple Wire Connection
/MasterClass/M143010027_ALU/Hws/HW1/gate_level/FLP_mul/Between/round1/timing.sdf, 1244
module: FLP_mul, "instance: testbench.test_module"
  SDF Warning: The path from   b to mult_31.U2245.A2 doesn't have a simple 
  wire connection, delay will still be annotated.


Warning-[SDFCOM_SWC] Simple Wire Connection
/MasterClass/M143010027_ALU/Hws/HW1/gate_level/FLP_mul/Between/round1/timing.sdf, 1246
module: FLP_mul, "instance: testbench.test_module"
  SDF Warning: The path from   b to mult_31.U2245.B2 doesn't have a simple 
  wire connection, delay will still be annotated.


Warning-[SDFCOM_SWC] Simple Wire Connection
/MasterClass/M143010027_ALU/Hws/HW1/gate_level/FLP_mul/Between/round1/timing.sdf, 1248
module: FLP_mul, "instance: testbench.test_module"
  SDF Warning: The path from   b to mult_31.U2245.C2 doesn't have a simple 
  wire connection, delay will still be annotated.


Warning-[SDFCOM_SWC] Simple Wire Connection
/MasterClass/M143010027_ALU/Hws/HW1/gate_level/FLP_mul/Between/round1/timing.sdf, 1254
module: FLP_mul, "instance: testbench.test_module"
  SDF Warning: The path from   b to mult_31.U2242.A2 doesn't have a simple 
  wire connection, delay will still be annotated.


Warning-[SDFCOM_SWC] Simple Wire Connection
/MasterClass/M143010027_ALU/Hws/HW1/gate_level/FLP_mul/Between/round1/timing.sdf, 1256
module: FLP_mul, "instance: testbench.test_module"
  SDF Warning: The path from   b to mult_31.U2242.B2 doesn't have a simple 
  wire connection, delay will still be annotated.


Warning-[SDFCOM_SWC] Simple Wire Connection
/MasterClass/M143010027_ALU/Hws/HW1/gate_level/FLP_mul/Between/round1/timing.sdf, 1258
module: FLP_mul, "instance: testbench.test_module"
  SDF Warning: The path from   b to mult_31.U2242.C2 doesn't have a simple 
  wire connection, delay will still be annotated.


Warning-[SDFCOM_SWC] Simple Wire Connection
/MasterClass/M143010027_ALU/Hws/HW1/gate_level/FLP_mul/Between/round1/timing.sdf, 1260
module: FLP_mul, "instance: testbench.test_module"
  SDF Warning: The path from   b to mult_31.U2241.A2 doesn't have a simple 
  wire connection, delay will still be annotated.


Warning-[SDFCOM_SWC] Simple Wire Connection
/MasterClass/M143010027_ALU/Hws/HW1/gate_level/FLP_mul/Between/round1/timing.sdf, 1262
module: FLP_mul, "instance: testbench.test_module"
  SDF Warning: The path from   b to mult_31.U2241.B2 doesn't have a simple 
  wire connection, delay will still be annotated.


Warning-[SDFCOM_SWC] Simple Wire Connection
/MasterClass/M143010027_ALU/Hws/HW1/gate_level/FLP_mul/Between/round1/timing.sdf, 1264
module: FLP_mul, "instance: testbench.test_module"
  SDF Warning: The path from   b to mult_31.U2241.C2 doesn't have a simple 
  wire connection, delay will still be annotated.


Warning-[SDFCOM_SWC] Simple Wire Connection
/MasterClass/M143010027_ALU/Hws/HW1/gate_level/FLP_mul/Between/round1/timing.sdf, 1266
module: FLP_mul, "instance: testbench.test_module"
  SDF Warning: The path from   b to mult_31.U2240.A2 doesn't have a simple 
  wire connection, delay will still be annotated.


Warning-[SDFCOM_SWC] Simple Wire Connection
/MasterClass/M143010027_ALU/Hws/HW1/gate_level/FLP_mul/Between/round1/timing.sdf, 1268
module: FLP_mul, "instance: testbench.test_module"
  SDF Warning: The path from   b to mult_31.U2240.B2 doesn't have a simple 
  wire connection, delay will still be annotated.


Warning-[SDFCOM_SWC] Simple Wire Connection
/MasterClass/M143010027_ALU/Hws/HW1/gate_level/FLP_mul/Between/round1/timing.sdf, 1270
module: FLP_mul, "instance: testbench.test_module"
  SDF Warning: The path from   b to mult_31.U2240.C2 doesn't have a simple 
  wire connection, delay will still be annotated.


Warning-[SDFCOM_SWC] Simple Wire Connection
/MasterClass/M143010027_ALU/Hws/HW1/gate_level/FLP_mul/Between/round1/timing.sdf, 1272
module: FLP_mul, "instance: testbench.test_module"
  SDF Warning: The path from   b to mult_31.U2239.A2 doesn't have a simple 
  wire connection, delay will still be annotated.


Warning-[SDFCOM_SWC] Simple Wire Connection
/MasterClass/M143010027_ALU/Hws/HW1/gate_level/FLP_mul/Between/round1/timing.sdf, 1274
module: FLP_mul, "instance: testbench.test_module"
  SDF Warning: The path from   b to mult_31.U2239.B2 doesn't have a simple 
  wire connection, delay will still be annotated.


Warning-[SDFCOM_SWC] Simple Wire Connection
/MasterClass/M143010027_ALU/Hws/HW1/gate_level/FLP_mul/Between/round1/timing.sdf, 1276
module: FLP_mul, "instance: testbench.test_module"
  SDF Warning: The path from   b to mult_31.U2239.C2 doesn't have a simple 
  wire connection, delay will still be annotated.


Warning-[SDFCOM_SWC] Simple Wire Connection
/MasterClass/M143010027_ALU/Hws/HW1/gate_level/FLP_mul/Between/round1/timing.sdf, 1278
module: FLP_mul, "instance: testbench.test_module"
  SDF Warning: The path from   b to mult_31.U2238.A2 doesn't have a simple 
  wire connection, delay will still be annotated.


Warning-[SDFCOM_SWC] Simple Wire Connection
/MasterClass/M143010027_ALU/Hws/HW1/gate_level/FLP_mul/Between/round1/timing.sdf, 1280
module: FLP_mul, "instance: testbench.test_module"
  SDF Warning: The path from   b to mult_31.U2238.B2 doesn't have a simple 
  wire connection, delay will still be annotated.


Warning-[SDFCOM_SWC] Simple Wire Connection
/MasterClass/M143010027_ALU/Hws/HW1/gate_level/FLP_mul/Between/round1/timing.sdf, 1282
module: FLP_mul, "instance: testbench.test_module"
  SDF Warning: The path from   b to mult_31.U2238.C2 doesn't have a simple 
  wire connection, delay will still be annotated.


Warning-[SDFCOM_SWC] Simple Wire Connection
/MasterClass/M143010027_ALU/Hws/HW1/gate_level/FLP_mul/Between/round1/timing.sdf, 1284
module: FLP_mul, "instance: testbench.test_module"
  SDF Warning: The path from   b to mult_31.U2237.A2 doesn't have a simple 
  wire connection, delay will still be annotated.


Warning-[SDFCOM_SWC] Simple Wire Connection
/MasterClass/M143010027_ALU/Hws/HW1/gate_level/FLP_mul/Between/round1/timing.sdf, 1286
module: FLP_mul, "instance: testbench.test_module"
  SDF Warning: The path from   b to mult_31.U2237.B2 doesn't have a simple 
  wire connection, delay will still be annotated.


Warning-[SDFCOM_SWC] Simple Wire Connection
/MasterClass/M143010027_ALU/Hws/HW1/gate_level/FLP_mul/Between/round1/timing.sdf, 1288
module: FLP_mul, "instance: testbench.test_module"
  SDF Warning: The path from   b to mult_31.U2237.C2 doesn't have a simple 
  wire connection, delay will still be annotated.


Warning-[SDFCOM_SWC] Simple Wire Connection
/MasterClass/M143010027_ALU/Hws/HW1/gate_level/FLP_mul/Between/round1/timing.sdf, 1293
module: FLP_mul, "instance: testbench.test_module"
  SDF Warning: The path from   b to mult_31.U2235.A2 doesn't have a simple 
  wire connection, delay will still be annotated.


Warning-[SDFCOM_SWC] Simple Wire Connection
/MasterClass/M143010027_ALU/Hws/HW1/gate_level/FLP_mul/Between/round1/timing.sdf, 1295
module: FLP_mul, "instance: testbench.test_module"
  SDF Warning: The path from   b to mult_31.U2235.B2 doesn't have a simple 
  wire connection, delay will still be annotated.


Warning-[SDFCOM_SWC] Simple Wire Connection
/MasterClass/M143010027_ALU/Hws/HW1/gate_level/FLP_mul/Between/round1/timing.sdf, 1297
module: FLP_mul, "instance: testbench.test_module"
  SDF Warning: The path from   b to mult_31.U2235.C2 doesn't have a simple 
  wire connection, delay will still be annotated.


Warning-[SDFCOM_SWC] Simple Wire Connection
/MasterClass/M143010027_ALU/Hws/HW1/gate_level/FLP_mul/Between/round1/timing.sdf, 1299
module: FLP_mul, "instance: testbench.test_module"
  SDF Warning: The path from   b to mult_31.U2234.A2 doesn't have a simple 
  wire connection, delay will still be annotated.


Warning-[SDFCOM_SWC] Simple Wire Connection
/MasterClass/M143010027_ALU/Hws/HW1/gate_level/FLP_mul/Between/round1/timing.sdf, 1301
module: FLP_mul, "instance: testbench.test_module"
  SDF Warning: The path from   b to mult_31.U2234.B2 doesn't have a simple 
  wire connection, delay will still be annotated.


Warning-[SDFCOM_SWC] Simple Wire Connection
/MasterClass/M143010027_ALU/Hws/HW1/gate_level/FLP_mul/Between/round1/timing.sdf, 1303
module: FLP_mul, "instance: testbench.test_module"
  SDF Warning: The path from   b to mult_31.U2234.C2 doesn't have a simple 
  wire connection, delay will still be annotated.


Warning-[SDFCOM_SWC] Simple Wire Connection
/MasterClass/M143010027_ALU/Hws/HW1/gate_level/FLP_mul/Between/round1/timing.sdf, 1305
module: FLP_mul, "instance: testbench.test_module"
  SDF Warning: The path from   b to mult_31.U2233.A2 doesn't have a simple 
  wire connection, delay will still be annotated.


Warning-[SDFCOM_SWC] Simple Wire Connection
/MasterClass/M143010027_ALU/Hws/HW1/gate_level/FLP_mul/Between/round1/timing.sdf, 1307
module: FLP_mul, "instance: testbench.test_module"
  SDF Warning: The path from   b to mult_31.U2233.B2 doesn't have a simple 
  wire connection, delay will still be annotated.


Warning-[SDFCOM_SWC] Simple Wire Connection
/MasterClass/M143010027_ALU/Hws/HW1/gate_level/FLP_mul/Between/round1/timing.sdf, 1309
module: FLP_mul, "instance: testbench.test_module"
  SDF Warning: The path from   b to mult_31.U2233.C2 doesn't have a simple 
  wire connection, delay will still be annotated.


Warning-[SDFCOM_SWC] Simple Wire Connection
/MasterClass/M143010027_ALU/Hws/HW1/gate_level/FLP_mul/Between/round1/timing.sdf, 1311
module: FLP_mul, "instance: testbench.test_module"
  SDF Warning: The path from   b to mult_31.U2232.A2 doesn't have a simple 
  wire connection, delay will still be annotated.


Warning-[SDFCOM_SWC] Simple Wire Connection
/MasterClass/M143010027_ALU/Hws/HW1/gate_level/FLP_mul/Between/round1/timing.sdf, 1313
module: FLP_mul, "instance: testbench.test_module"
  SDF Warning: The path from   b to mult_31.U2232.B2 doesn't have a simple 
  wire connection, delay will still be annotated.


Warning-[SDFCOM_SWC] Simple Wire Connection
/MasterClass/M143010027_ALU/Hws/HW1/gate_level/FLP_mul/Between/round1/timing.sdf, 1315
module: FLP_mul, "instance: testbench.test_module"
  SDF Warning: The path from   b to mult_31.U2232.C2 doesn't have a simple 
  wire connection, delay will still be annotated.


Warning-[SDFCOM_SWC] Simple Wire Connection
/MasterClass/M143010027_ALU/Hws/HW1/gate_level/FLP_mul/Between/round1/timing.sdf, 1320
module: FLP_mul, "instance: testbench.test_module"
  SDF Warning: The path from   b to mult_31.U2230.A2 doesn't have a simple 
  wire connection, delay will still be annotated.


Warning-[SDFCOM_SWC] Simple Wire Connection
/MasterClass/M143010027_ALU/Hws/HW1/gate_level/FLP_mul/Between/round1/timing.sdf, 1322
module: FLP_mul, "instance: testbench.test_module"
  SDF Warning: The path from   b to mult_31.U2230.B2 doesn't have a simple 
  wire connection, delay will still be annotated.


Warning-[SDFCOM_SWC] Simple Wire Connection
/MasterClass/M143010027_ALU/Hws/HW1/gate_level/FLP_mul/Between/round1/timing.sdf, 1324
module: FLP_mul, "instance: testbench.test_module"
  SDF Warning: The path from   b to mult_31.U2230.C2 doesn't have a simple 
  wire connection, delay will still be annotated.


Warning-[SDFCOM_SWC] Simple Wire Connection
/MasterClass/M143010027_ALU/Hws/HW1/gate_level/FLP_mul/Between/round1/timing.sdf, 1326
module: FLP_mul, "instance: testbench.test_module"
  SDF Warning: The path from   b to mult_31.U2229.A2 doesn't have a simple 
  wire connection, delay will still be annotated.


Warning-[SDFCOM_SWC] Simple Wire Connection
/MasterClass/M143010027_ALU/Hws/HW1/gate_level/FLP_mul/Between/round1/timing.sdf, 1328
module: FLP_mul, "instance: testbench.test_module"
  SDF Warning: The path from   b to mult_31.U2229.B2 doesn't have a simple 
  wire connection, delay will still be annotated.


Warning-[SDFCOM_SWC] Simple Wire Connection
/MasterClass/M143010027_ALU/Hws/HW1/gate_level/FLP_mul/Between/round1/timing.sdf, 1330
module: FLP_mul, "instance: testbench.test_module"
  SDF Warning: The path from   b to mult_31.U2229.C2 doesn't have a simple 
  wire connection, delay will still be annotated.


Warning-[SDFCOM_SWC] Simple Wire Connection
/MasterClass/M143010027_ALU/Hws/HW1/gate_level/FLP_mul/Between/round1/timing.sdf, 1336
module: FLP_mul, "instance: testbench.test_module"
  SDF Warning: The path from   b to mult_31.U2226.A2 doesn't have a simple 
  wire connection, delay will still be annotated.


Warning-[SDFCOM_SWC] Simple Wire Connection
/MasterClass/M143010027_ALU/Hws/HW1/gate_level/FLP_mul/Between/round1/timing.sdf, 1341
module: FLP_mul, "instance: testbench.test_module"
  SDF Warning: The path from   b to mult_31.U2224.A2 doesn't have a simple 
  wire connection, delay will still be annotated.


Warning-[SDFCOM_SWC] Simple Wire Connection
/MasterClass/M143010027_ALU/Hws/HW1/gate_level/FLP_mul/Between/round1/timing.sdf, 1343
module: FLP_mul, "instance: testbench.test_module"
  SDF Warning: The path from   b to mult_31.U2224.B2 doesn't have a simple 
  wire connection, delay will still be annotated.


Warning-[SDFCOM_SWC] Simple Wire Connection
/MasterClass/M143010027_ALU/Hws/HW1/gate_level/FLP_mul/Between/round1/timing.sdf, 1345
module: FLP_mul, "instance: testbench.test_module"
  SDF Warning: The path from   b to mult_31.U2223.A2 doesn't have a simple 
  wire connection, delay will still be annotated.


Warning-[SDFCOM_SWC] Simple Wire Connection
/MasterClass/M143010027_ALU/Hws/HW1/gate_level/FLP_mul/Between/round1/timing.sdf, 1347
module: FLP_mul, "instance: testbench.test_module"
  SDF Warning: The path from   b to mult_31.U2223.B2 doesn't have a simple 
  wire connection, delay will still be annotated.


Warning-[SDFCOM_SWC] Simple Wire Connection
/MasterClass/M143010027_ALU/Hws/HW1/gate_level/FLP_mul/Between/round1/timing.sdf, 1349
module: FLP_mul, "instance: testbench.test_module"
  SDF Warning: The path from   b to mult_31.U2223.C2 doesn't have a simple 
  wire connection, delay will still be annotated.


Warning-[SDFCOM_SWC] Simple Wire Connection
/MasterClass/M143010027_ALU/Hws/HW1/gate_level/FLP_mul/Between/round1/timing.sdf, 1351
module: FLP_mul, "instance: testbench.test_module"
  SDF Warning: The path from   b to mult_31.U2222.A2 doesn't have a simple 
  wire connection, delay will still be annotated.


Warning-[SDFCOM_SWC] Simple Wire Connection
/MasterClass/M143010027_ALU/Hws/HW1/gate_level/FLP_mul/Between/round1/timing.sdf, 1353
module: FLP_mul, "instance: testbench.test_module"
  SDF Warning: The path from   b to mult_31.U2222.B2 doesn't have a simple 
  wire connection, delay will still be annotated.


Warning-[SDFCOM_SWC] Simple Wire Connection
/MasterClass/M143010027_ALU/Hws/HW1/gate_level/FLP_mul/Between/round1/timing.sdf, 1355
module: FLP_mul, "instance: testbench.test_module"
  SDF Warning: The path from   b to mult_31.U2222.C2 doesn't have a simple 
  wire connection, delay will still be annotated.


Warning-[SDFCOM_SWC] Simple Wire Connection
/MasterClass/M143010027_ALU/Hws/HW1/gate_level/FLP_mul/Between/round1/timing.sdf, 1357
module: FLP_mul, "instance: testbench.test_module"
  SDF Warning: The path from   b to mult_31.U2221.A2 doesn't have a simple 
  wire connection, delay will still be annotated.


Warning-[SDFCOM_SWC] Simple Wire Connection
/MasterClass/M143010027_ALU/Hws/HW1/gate_level/FLP_mul/Between/round1/timing.sdf, 1359
module: FLP_mul, "instance: testbench.test_module"
  SDF Warning: The path from   b to mult_31.U2221.B2 doesn't have a simple 
  wire connection, delay will still be annotated.


Warning-[SDFCOM_SWC] Simple Wire Connection
/MasterClass/M143010027_ALU/Hws/HW1/gate_level/FLP_mul/Between/round1/timing.sdf, 1361
module: FLP_mul, "instance: testbench.test_module"
  SDF Warning: The path from   b to mult_31.U2221.C2 doesn't have a simple 
  wire connection, delay will still be annotated.


Warning-[SDFCOM_SWC] Simple Wire Connection
/MasterClass/M143010027_ALU/Hws/HW1/gate_level/FLP_mul/Between/round1/timing.sdf, 1365
module: FLP_mul, "instance: testbench.test_module"
  SDF Warning: The path from   b to mult_31.U2219.A2 doesn't have a simple 
  wire connection, delay will still be annotated.


Warning-[SDFCOM_SWC] Simple Wire Connection
/MasterClass/M143010027_ALU/Hws/HW1/gate_level/FLP_mul/Between/round1/timing.sdf, 1367
module: FLP_mul, "instance: testbench.test_module"
  SDF Warning: The path from   b to mult_31.U2219.B2 doesn't have a simple 
  wire connection, delay will still be annotated.


Warning-[SDFCOM_SWC] Simple Wire Connection
/MasterClass/M143010027_ALU/Hws/HW1/gate_level/FLP_mul/Between/round1/timing.sdf, 1369
module: FLP_mul, "instance: testbench.test_module"
  SDF Warning: The path from   b to mult_31.U2219.C2 doesn't have a simple 
  wire connection, delay will still be annotated.


Warning-[SDFCOM_SWC] Simple Wire Connection
/MasterClass/M143010027_ALU/Hws/HW1/gate_level/FLP_mul/Between/round1/timing.sdf, 1371
module: FLP_mul, "instance: testbench.test_module"
  SDF Warning: The path from   b to mult_31.U2218.A2 doesn't have a simple 
  wire connection, delay will still be annotated.


Warning-[SDFCOM_SWC] Simple Wire Connection
/MasterClass/M143010027_ALU/Hws/HW1/gate_level/FLP_mul/Between/round1/timing.sdf, 1373
module: FLP_mul, "instance: testbench.test_module"
  SDF Warning: The path from   b to mult_31.U2218.B2 doesn't have a simple 
  wire connection, delay will still be annotated.


Warning-[SDFCOM_SWC] Simple Wire Connection
/MasterClass/M143010027_ALU/Hws/HW1/gate_level/FLP_mul/Between/round1/timing.sdf, 1375
module: FLP_mul, "instance: testbench.test_module"
  SDF Warning: The path from   b to mult_31.U2218.C2 doesn't have a simple 
  wire connection, delay will still be annotated.


Warning-[SDFCOM_SWC] Simple Wire Connection
/MasterClass/M143010027_ALU/Hws/HW1/gate_level/FLP_mul/Between/round1/timing.sdf, 1377
module: FLP_mul, "instance: testbench.test_module"
  SDF Warning: The path from   b to mult_31.U2217.A2 doesn't have a simple 
  wire connection, delay will still be annotated.


Warning-[SDFCOM_SWC] Simple Wire Connection
/MasterClass/M143010027_ALU/Hws/HW1/gate_level/FLP_mul/Between/round1/timing.sdf, 1379
module: FLP_mul, "instance: testbench.test_module"
  SDF Warning: The path from   b to mult_31.U2217.B2 doesn't have a simple 
  wire connection, delay will still be annotated.


Warning-[SDFCOM_SWC] Simple Wire Connection
/MasterClass/M143010027_ALU/Hws/HW1/gate_level/FLP_mul/Between/round1/timing.sdf, 1381
module: FLP_mul, "instance: testbench.test_module"
  SDF Warning: The path from   b to mult_31.U2217.C2 doesn't have a simple 
  wire connection, delay will still be annotated.


Warning-[SDFCOM_SWC] Simple Wire Connection
/MasterClass/M143010027_ALU/Hws/HW1/gate_level/FLP_mul/Between/round1/timing.sdf, 1383
module: FLP_mul, "instance: testbench.test_module"
  SDF Warning: The path from   b to mult_31.U2216.A2 doesn't have a simple 
  wire connection, delay will still be annotated.


Warning-[SDFCOM_SWC] Simple Wire Connection
/MasterClass/M143010027_ALU/Hws/HW1/gate_level/FLP_mul/Between/round1/timing.sdf, 1385
module: FLP_mul, "instance: testbench.test_module"
  SDF Warning: The path from   b to mult_31.U2216.B2 doesn't have a simple 
  wire connection, delay will still be annotated.


Warning-[SDFCOM_SWC] Simple Wire Connection
/MasterClass/M143010027_ALU/Hws/HW1/gate_level/FLP_mul/Between/round1/timing.sdf, 1387
module: FLP_mul, "instance: testbench.test_module"
  SDF Warning: The path from   b to mult_31.U2216.C2 doesn't have a simple 
  wire connection, delay will still be annotated.


Warning-[SDFCOM_SWC] Simple Wire Connection
/MasterClass/M143010027_ALU/Hws/HW1/gate_level/FLP_mul/Between/round1/timing.sdf, 1389
module: FLP_mul, "instance: testbench.test_module"
  SDF Warning: The path from   a to mult_31.U2215.A2 doesn't have a simple 
  wire connection, delay will still be annotated.


Warning-[SDFCOM_SWC] Simple Wire Connection
/MasterClass/M143010027_ALU/Hws/HW1/gate_level/FLP_mul/Between/round1/timing.sdf, 1391
module: FLP_mul, "instance: testbench.test_module"
  SDF Warning: The path from   b to mult_31.U2214.A2 doesn't have a simple 
  wire connection, delay will still be annotated.


Warning-[SDFCOM_SWC] Simple Wire Connection
/MasterClass/M143010027_ALU/Hws/HW1/gate_level/FLP_mul/Between/round1/timing.sdf, 1393
module: FLP_mul, "instance: testbench.test_module"
  SDF Warning: The path from   b to mult_31.U2214.B2 doesn't have a simple 
  wire connection, delay will still be annotated.


Warning-[SDFCOM_SWC] Simple Wire Connection
/MasterClass/M143010027_ALU/Hws/HW1/gate_level/FLP_mul/Between/round1/timing.sdf, 1395
module: FLP_mul, "instance: testbench.test_module"
  SDF Warning: The path from   b to mult_31.U2214.C2 doesn't have a simple 
  wire connection, delay will still be annotated.


Warning-[SDFCOM_SWC] Simple Wire Connection
/MasterClass/M143010027_ALU/Hws/HW1/gate_level/FLP_mul/Between/round1/timing.sdf, 1397
module: FLP_mul, "instance: testbench.test_module"
  SDF Warning: The path from   a to mult_31.U2213.A2 doesn't have a simple 
  wire connection, delay will still be annotated.


Warning-[SDFCOM_SWC] Simple Wire Connection
/MasterClass/M143010027_ALU/Hws/HW1/gate_level/FLP_mul/Between/round1/timing.sdf, 1399
module: FLP_mul, "instance: testbench.test_module"
  SDF Warning: The path from   b to mult_31.U2212.A2 doesn't have a simple 
  wire connection, delay will still be annotated.


Warning-[SDFCOM_SWC] Simple Wire Connection
/MasterClass/M143010027_ALU/Hws/HW1/gate_level/FLP_mul/Between/round1/timing.sdf, 1401
module: FLP_mul, "instance: testbench.test_module"
  SDF Warning: The path from   b to mult_31.U2212.B2 doesn't have a simple 
  wire connection, delay will still be annotated.


Warning-[SDFCOM_SWC] Simple Wire Connection
/MasterClass/M143010027_ALU/Hws/HW1/gate_level/FLP_mul/Between/round1/timing.sdf, 1403
module: FLP_mul, "instance: testbench.test_module"
  SDF Warning: The path from   b to mult_31.U2212.C2 doesn't have a simple 
  wire connection, delay will still be annotated.


Warning-[SDFCOM_SWC] Simple Wire Connection
/MasterClass/M143010027_ALU/Hws/HW1/gate_level/FLP_mul/Between/round1/timing.sdf, 1405
module: FLP_mul, "instance: testbench.test_module"
  SDF Warning: The path from   a to mult_31.U2211.A2 doesn't have a simple 
  wire connection, delay will still be annotated.


Warning-[SDFCOM_SWC] Simple Wire Connection
/MasterClass/M143010027_ALU/Hws/HW1/gate_level/FLP_mul/Between/round1/timing.sdf, 1409
module: FLP_mul, "instance: testbench.test_module"
  SDF Warning: The path from   b to mult_31.U2209.A2 doesn't have a simple 
  wire connection, delay will still be annotated.


Warning-[SDFCOM_SWC] Simple Wire Connection
/MasterClass/M143010027_ALU/Hws/HW1/gate_level/FLP_mul/Between/round1/timing.sdf, 1411
module: FLP_mul, "instance: testbench.test_module"
  SDF Warning: The path from   b to mult_31.U2209.B2 doesn't have a simple 
  wire connection, delay will still be annotated.


Warning-[SDFCOM_SWC] Simple Wire Connection
/MasterClass/M143010027_ALU/Hws/HW1/gate_level/FLP_mul/Between/round1/timing.sdf, 1413
module: FLP_mul, "instance: testbench.test_module"
  SDF Warning: The path from   b to mult_31.U2209.C2 doesn't have a simple 
  wire connection, delay will still be annotated.


Warning-[SDFCOM_SWC] Simple Wire Connection
/MasterClass/M143010027_ALU/Hws/HW1/gate_level/FLP_mul/Between/round1/timing.sdf, 1415
module: FLP_mul, "instance: testbench.test_module"
  SDF Warning: The path from   b to mult_31.U2208.A2 doesn't have a simple 
  wire connection, delay will still be annotated.


Warning-[SDFCOM_SWC] Simple Wire Connection
/MasterClass/M143010027_ALU/Hws/HW1/gate_level/FLP_mul/Between/round1/timing.sdf, 1417
module: FLP_mul, "instance: testbench.test_module"
  SDF Warning: The path from   b to mult_31.U2208.B2 doesn't have a simple 
  wire connection, delay will still be annotated.


Warning-[SDFCOM_SWC] Simple Wire Connection
/MasterClass/M143010027_ALU/Hws/HW1/gate_level/FLP_mul/Between/round1/timing.sdf, 1419
module: FLP_mul, "instance: testbench.test_module"
  SDF Warning: The path from   b to mult_31.U2208.C2 doesn't have a simple 
  wire connection, delay will still be annotated.


Warning-[SDFCOM_SWC] Simple Wire Connection
/MasterClass/M143010027_ALU/Hws/HW1/gate_level/FLP_mul/Between/round1/timing.sdf, 1421
module: FLP_mul, "instance: testbench.test_module"
  SDF Warning: The path from   b to mult_31.U2207.A2 doesn't have a simple 
  wire connection, delay will still be annotated.


Warning-[SDFCOM_SWC] Simple Wire Connection
/MasterClass/M143010027_ALU/Hws/HW1/gate_level/FLP_mul/Between/round1/timing.sdf, 1423
module: FLP_mul, "instance: testbench.test_module"
  SDF Warning: The path from   b to mult_31.U2207.B2 doesn't have a simple 
  wire connection, delay will still be annotated.


Warning-[SDFCOM_SWC] Simple Wire Connection
/MasterClass/M143010027_ALU/Hws/HW1/gate_level/FLP_mul/Between/round1/timing.sdf, 1425
module: FLP_mul, "instance: testbench.test_module"
  SDF Warning: The path from   b to mult_31.U2207.C2 doesn't have a simple 
  wire connection, delay will still be annotated.


Warning-[SDFCOM_SWC] Simple Wire Connection
/MasterClass/M143010027_ALU/Hws/HW1/gate_level/FLP_mul/Between/round1/timing.sdf, 1427
module: FLP_mul, "instance: testbench.test_module"
  SDF Warning: The path from   a to mult_31.U2206.A2 doesn't have a simple 
  wire connection, delay will still be annotated.


Warning-[SDFCOM_SWC] Simple Wire Connection
/MasterClass/M143010027_ALU/Hws/HW1/gate_level/FLP_mul/Between/round1/timing.sdf, 1429
module: FLP_mul, "instance: testbench.test_module"
  SDF Warning: The path from   b to mult_31.U2205.A2 doesn't have a simple 
  wire connection, delay will still be annotated.


Warning-[SDFCOM_SWC] Simple Wire Connection
/MasterClass/M143010027_ALU/Hws/HW1/gate_level/FLP_mul/Between/round1/timing.sdf, 1431
module: FLP_mul, "instance: testbench.test_module"
  SDF Warning: The path from   b to mult_31.U2205.B2 doesn't have a simple 
  wire connection, delay will still be annotated.


Warning-[SDFCOM_SWC] Simple Wire Connection
/MasterClass/M143010027_ALU/Hws/HW1/gate_level/FLP_mul/Between/round1/timing.sdf, 1433
module: FLP_mul, "instance: testbench.test_module"
  SDF Warning: The path from   b to mult_31.U2205.C2 doesn't have a simple 
  wire connection, delay will still be annotated.


Warning-[SDFCOM_SWC] Simple Wire Connection
/MasterClass/M143010027_ALU/Hws/HW1/gate_level/FLP_mul/Between/round1/timing.sdf, 1435
module: FLP_mul, "instance: testbench.test_module"
  SDF Warning: The path from   a to mult_31.U2204.A2 doesn't have a simple 
  wire connection, delay will still be annotated.


Warning-[SDFCOM_SWC] Simple Wire Connection
/MasterClass/M143010027_ALU/Hws/HW1/gate_level/FLP_mul/Between/round1/timing.sdf, 1439
module: FLP_mul, "instance: testbench.test_module"
  SDF Warning: The path from   b to mult_31.U2202.A2 doesn't have a simple 
  wire connection, delay will still be annotated.


Warning-[SDFCOM_SWC] Simple Wire Connection
/MasterClass/M143010027_ALU/Hws/HW1/gate_level/FLP_mul/Between/round1/timing.sdf, 1441
module: FLP_mul, "instance: testbench.test_module"
  SDF Warning: The path from   b to mult_31.U2202.B2 doesn't have a simple 
  wire connection, delay will still be annotated.


Warning-[SDFCOM_SWC] Simple Wire Connection
/MasterClass/M143010027_ALU/Hws/HW1/gate_level/FLP_mul/Between/round1/timing.sdf, 1443
module: FLP_mul, "instance: testbench.test_module"
  SDF Warning: The path from   b to mult_31.U2202.C2 doesn't have a simple 
  wire connection, delay will still be annotated.


Warning-[SDFCOM_SWC] Simple Wire Connection
/MasterClass/M143010027_ALU/Hws/HW1/gate_level/FLP_mul/Between/round1/timing.sdf, 1445
module: FLP_mul, "instance: testbench.test_module"
  SDF Warning: The path from   b to mult_31.U2201.A2 doesn't have a simple 
  wire connection, delay will still be annotated.


Warning-[SDFCOM_SWC] Simple Wire Connection
/MasterClass/M143010027_ALU/Hws/HW1/gate_level/FLP_mul/Between/round1/timing.sdf, 1447
module: FLP_mul, "instance: testbench.test_module"
  SDF Warning: The path from   b to mult_31.U2201.B2 doesn't have a simple 
  wire connection, delay will still be annotated.


Warning-[SDFCOM_SWC] Simple Wire Connection
/MasterClass/M143010027_ALU/Hws/HW1/gate_level/FLP_mul/Between/round1/timing.sdf, 1449
module: FLP_mul, "instance: testbench.test_module"
  SDF Warning: The path from   b to mult_31.U2201.C2 doesn't have a simple 
  wire connection, delay will still be annotated.


Warning-[SDFCOM_SWC] Simple Wire Connection
/MasterClass/M143010027_ALU/Hws/HW1/gate_level/FLP_mul/Between/round1/timing.sdf, 1454
module: FLP_mul, "instance: testbench.test_module"
  SDF Warning: The path from   b to mult_31.U2199.A2 doesn't have a simple 
  wire connection, delay will still be annotated.


Warning-[SDFCOM_SWC] Simple Wire Connection
/MasterClass/M143010027_ALU/Hws/HW1/gate_level/FLP_mul/Between/round1/timing.sdf, 1456
module: FLP_mul, "instance: testbench.test_module"
  SDF Warning: The path from   b to mult_31.U2199.B2 doesn't have a simple 
  wire connection, delay will still be annotated.


Warning-[SDFCOM_SWC] Simple Wire Connection
/MasterClass/M143010027_ALU/Hws/HW1/gate_level/FLP_mul/Between/round1/timing.sdf, 1458
module: FLP_mul, "instance: testbench.test_module"
  SDF Warning: The path from   b to mult_31.U2199.C2 doesn't have a simple 
  wire connection, delay will still be annotated.


Warning-[SDFCOM_SWC] Simple Wire Connection
/MasterClass/M143010027_ALU/Hws/HW1/gate_level/FLP_mul/Between/round1/timing.sdf, 1460
module: FLP_mul, "instance: testbench.test_module"
  SDF Warning: The path from   b to mult_31.U2198.A2 doesn't have a simple 
  wire connection, delay will still be annotated.


Warning-[SDFCOM_SWC] Simple Wire Connection
/MasterClass/M143010027_ALU/Hws/HW1/gate_level/FLP_mul/Between/round1/timing.sdf, 1462
module: FLP_mul, "instance: testbench.test_module"
  SDF Warning: The path from   b to mult_31.U2198.B2 doesn't have a simple 
  wire connection, delay will still be annotated.


Warning-[SDFCOM_SWC] Simple Wire Connection
/MasterClass/M143010027_ALU/Hws/HW1/gate_level/FLP_mul/Between/round1/timing.sdf, 1464
module: FLP_mul, "instance: testbench.test_module"
  SDF Warning: The path from   b to mult_31.U2198.C2 doesn't have a simple 
  wire connection, delay will still be annotated.


Warning-[SDFCOM_SWC] Simple Wire Connection
/MasterClass/M143010027_ALU/Hws/HW1/gate_level/FLP_mul/Between/round1/timing.sdf, 1466
module: FLP_mul, "instance: testbench.test_module"
  SDF Warning: The path from   a to mult_31.U2197.A2 doesn't have a simple 
  wire connection, delay will still be annotated.


Warning-[SDFCOM_SWC] Simple Wire Connection
/MasterClass/M143010027_ALU/Hws/HW1/gate_level/FLP_mul/Between/round1/timing.sdf, 1468
module: FLP_mul, "instance: testbench.test_module"
  SDF Warning: The path from   b to mult_31.U2196.A2 doesn't have a simple 
  wire connection, delay will still be annotated.


Warning-[SDFCOM_SWC] Simple Wire Connection
/MasterClass/M143010027_ALU/Hws/HW1/gate_level/FLP_mul/Between/round1/timing.sdf, 1470
module: FLP_mul, "instance: testbench.test_module"
  SDF Warning: The path from   b to mult_31.U2196.B2 doesn't have a simple 
  wire connection, delay will still be annotated.


Warning-[SDFCOM_SWC] Simple Wire Connection
/MasterClass/M143010027_ALU/Hws/HW1/gate_level/FLP_mul/Between/round1/timing.sdf, 1472
module: FLP_mul, "instance: testbench.test_module"
  SDF Warning: The path from   b to mult_31.U2196.C2 doesn't have a simple 
  wire connection, delay will still be annotated.


Warning-[SDFCOM_SWC] Simple Wire Connection
/MasterClass/M143010027_ALU/Hws/HW1/gate_level/FLP_mul/Between/round1/timing.sdf, 1474
module: FLP_mul, "instance: testbench.test_module"
  SDF Warning: The path from   a to mult_31.U2195.A2 doesn't have a simple 
  wire connection, delay will still be annotated.


Warning-[SDFCOM_SWC] Simple Wire Connection
/MasterClass/M143010027_ALU/Hws/HW1/gate_level/FLP_mul/Between/round1/timing.sdf, 1476
module: FLP_mul, "instance: testbench.test_module"
  SDF Warning: The path from   b to mult_31.U2194.A2 doesn't have a simple 
  wire connection, delay will still be annotated.


Warning-[SDFCOM_SWC] Simple Wire Connection
/MasterClass/M143010027_ALU/Hws/HW1/gate_level/FLP_mul/Between/round1/timing.sdf, 1478
module: FLP_mul, "instance: testbench.test_module"
  SDF Warning: The path from   b to mult_31.U2194.B2 doesn't have a simple 
  wire connection, delay will still be annotated.


Warning-[SDFCOM_SWC] Simple Wire Connection
/MasterClass/M143010027_ALU/Hws/HW1/gate_level/FLP_mul/Between/round1/timing.sdf, 1480
module: FLP_mul, "instance: testbench.test_module"
  SDF Warning: The path from   b to mult_31.U2194.C2 doesn't have a simple 
  wire connection, delay will still be annotated.


Warning-[SDFCOM_SWC] Simple Wire Connection
/MasterClass/M143010027_ALU/Hws/HW1/gate_level/FLP_mul/Between/round1/timing.sdf, 1482
module: FLP_mul, "instance: testbench.test_module"
  SDF Warning: The path from   b to mult_31.U2193.A2 doesn't have a simple 
  wire connection, delay will still be annotated.


Warning-[SDFCOM_SWC] Simple Wire Connection
/MasterClass/M143010027_ALU/Hws/HW1/gate_level/FLP_mul/Between/round1/timing.sdf, 1484
module: FLP_mul, "instance: testbench.test_module"
  SDF Warning: The path from   b to mult_31.U2193.B2 doesn't have a simple 
  wire connection, delay will still be annotated.


Warning-[SDFCOM_SWC] Simple Wire Connection
/MasterClass/M143010027_ALU/Hws/HW1/gate_level/FLP_mul/Between/round1/timing.sdf, 1486
module: FLP_mul, "instance: testbench.test_module"
  SDF Warning: The path from   b to mult_31.U2193.C2 doesn't have a simple 
  wire connection, delay will still be annotated.


Warning-[SDFCOM_SWC] Simple Wire Connection
/MasterClass/M143010027_ALU/Hws/HW1/gate_level/FLP_mul/Between/round1/timing.sdf, 1488
module: FLP_mul, "instance: testbench.test_module"
  SDF Warning: The path from   b to mult_31.U2192.A2 doesn't have a simple 
  wire connection, delay will still be annotated.


Warning-[SDFCOM_SWC] Simple Wire Connection
/MasterClass/M143010027_ALU/Hws/HW1/gate_level/FLP_mul/Between/round1/timing.sdf, 1490
module: FLP_mul, "instance: testbench.test_module"
  SDF Warning: The path from   b to mult_31.U2192.B2 doesn't have a simple 
  wire connection, delay will still be annotated.


Warning-[SDFCOM_SWC] Simple Wire Connection
/MasterClass/M143010027_ALU/Hws/HW1/gate_level/FLP_mul/Between/round1/timing.sdf, 1492
module: FLP_mul, "instance: testbench.test_module"
  SDF Warning: The path from   b to mult_31.U2192.C2 doesn't have a simple 
  wire connection, delay will still be annotated.


Warning-[SDFCOM_SWC] Simple Wire Connection
/MasterClass/M143010027_ALU/Hws/HW1/gate_level/FLP_mul/Between/round1/timing.sdf, 1496
module: FLP_mul, "instance: testbench.test_module"
  SDF Warning: The path from   b to mult_31.U2190.A2 doesn't have a simple 
  wire connection, delay will still be annotated.


Warning-[SDFCOM_SWC] Simple Wire Connection
/MasterClass/M143010027_ALU/Hws/HW1/gate_level/FLP_mul/Between/round1/timing.sdf, 1498
module: FLP_mul, "instance: testbench.test_module"
  SDF Warning: The path from   b to mult_31.U2190.B2 doesn't have a simple 
  wire connection, delay will still be annotated.


Warning-[SDFCOM_SWC] Simple Wire Connection
/MasterClass/M143010027_ALU/Hws/HW1/gate_level/FLP_mul/Between/round1/timing.sdf, 1500
module: FLP_mul, "instance: testbench.test_module"
  SDF Warning: The path from   b to mult_31.U2190.C2 doesn't have a simple 
  wire connection, delay will still be annotated.


Warning-[SDFCOM_SWC] Simple Wire Connection
/MasterClass/M143010027_ALU/Hws/HW1/gate_level/FLP_mul/Between/round1/timing.sdf, 1502
module: FLP_mul, "instance: testbench.test_module"
  SDF Warning: The path from   b to mult_31.U2189.A2 doesn't have a simple 
  wire connection, delay will still be annotated.


Warning-[SDFCOM_SWC] Simple Wire Connection
/MasterClass/M143010027_ALU/Hws/HW1/gate_level/FLP_mul/Between/round1/timing.sdf, 1504
module: FLP_mul, "instance: testbench.test_module"
  SDF Warning: The path from   b to mult_31.U2189.B2 doesn't have a simple 
  wire connection, delay will still be annotated.


Warning-[SDFCOM_SWC] Simple Wire Connection
/MasterClass/M143010027_ALU/Hws/HW1/gate_level/FLP_mul/Between/round1/timing.sdf, 1506
module: FLP_mul, "instance: testbench.test_module"
  SDF Warning: The path from   b to mult_31.U2189.C2 doesn't have a simple 
  wire connection, delay will still be annotated.


Warning-[SDFCOM_SWC] Simple Wire Connection
/MasterClass/M143010027_ALU/Hws/HW1/gate_level/FLP_mul/Between/round1/timing.sdf, 1508
module: FLP_mul, "instance: testbench.test_module"
  SDF Warning: The path from   b to mult_31.U2188.A2 doesn't have a simple 
  wire connection, delay will still be annotated.


Warning-[SDFCOM_SWC] Simple Wire Connection
/MasterClass/M143010027_ALU/Hws/HW1/gate_level/FLP_mul/Between/round1/timing.sdf, 1510
module: FLP_mul, "instance: testbench.test_module"
  SDF Warning: The path from   b to mult_31.U2188.B2 doesn't have a simple 
  wire connection, delay will still be annotated.


Warning-[SDFCOM_SWC] Simple Wire Connection
/MasterClass/M143010027_ALU/Hws/HW1/gate_level/FLP_mul/Between/round1/timing.sdf, 1512
module: FLP_mul, "instance: testbench.test_module"
  SDF Warning: The path from   b to mult_31.U2188.C2 doesn't have a simple 
  wire connection, delay will still be annotated.


Warning-[SDFCOM_SWC] Simple Wire Connection
/MasterClass/M143010027_ALU/Hws/HW1/gate_level/FLP_mul/Between/round1/timing.sdf, 1517
module: FLP_mul, "instance: testbench.test_module"
  SDF Warning: The path from   b to mult_31.U2186.A2 doesn't have a simple 
  wire connection, delay will still be annotated.


Warning-[SDFCOM_SWC] Simple Wire Connection
/MasterClass/M143010027_ALU/Hws/HW1/gate_level/FLP_mul/Between/round1/timing.sdf, 1519
module: FLP_mul, "instance: testbench.test_module"
  SDF Warning: The path from   b to mult_31.U2186.B2 doesn't have a simple 
  wire connection, delay will still be annotated.


Warning-[SDFCOM_SWC] Simple Wire Connection
/MasterClass/M143010027_ALU/Hws/HW1/gate_level/FLP_mul/Between/round1/timing.sdf, 1521
module: FLP_mul, "instance: testbench.test_module"
  SDF Warning: The path from   b to mult_31.U2186.C2 doesn't have a simple 
  wire connection, delay will still be annotated.


Warning-[SDFCOM_SWC] Simple Wire Connection
/MasterClass/M143010027_ALU/Hws/HW1/gate_level/FLP_mul/Between/round1/timing.sdf, 1523
module: FLP_mul, "instance: testbench.test_module"
  SDF Warning: The path from   b to mult_31.U2185.A2 doesn't have a simple 
  wire connection, delay will still be annotated.


Warning-[SDFCOM_SWC] Simple Wire Connection
/MasterClass/M143010027_ALU/Hws/HW1/gate_level/FLP_mul/Between/round1/timing.sdf, 1525
module: FLP_mul, "instance: testbench.test_module"
  SDF Warning: The path from   b to mult_31.U2185.B2 doesn't have a simple 
  wire connection, delay will still be annotated.


Warning-[SDFCOM_SWC] Simple Wire Connection
/MasterClass/M143010027_ALU/Hws/HW1/gate_level/FLP_mul/Between/round1/timing.sdf, 1527
module: FLP_mul, "instance: testbench.test_module"
  SDF Warning: The path from   b to mult_31.U2185.C2 doesn't have a simple 
  wire connection, delay will still be annotated.


Warning-[SDFCOM_SWC] Simple Wire Connection
/MasterClass/M143010027_ALU/Hws/HW1/gate_level/FLP_mul/Between/round1/timing.sdf, 1529
module: FLP_mul, "instance: testbench.test_module"
  SDF Warning: The path from   a to mult_31.U2184.A2 doesn't have a simple 
  wire connection, delay will still be annotated.


Warning-[SDFCOM_SWC] Simple Wire Connection
/MasterClass/M143010027_ALU/Hws/HW1/gate_level/FLP_mul/Between/round1/timing.sdf, 1531
module: FLP_mul, "instance: testbench.test_module"
  SDF Warning: The path from   b to mult_31.U2183.A2 doesn't have a simple 
  wire connection, delay will still be annotated.


Warning-[SDFCOM_SWC] Simple Wire Connection
/MasterClass/M143010027_ALU/Hws/HW1/gate_level/FLP_mul/Between/round1/timing.sdf, 1533
module: FLP_mul, "instance: testbench.test_module"
  SDF Warning: The path from   b to mult_31.U2183.B2 doesn't have a simple 
  wire connection, delay will still be annotated.


Warning-[SDFCOM_SWC] Simple Wire Connection
/MasterClass/M143010027_ALU/Hws/HW1/gate_level/FLP_mul/Between/round1/timing.sdf, 1535
module: FLP_mul, "instance: testbench.test_module"
  SDF Warning: The path from   b to mult_31.U2183.C2 doesn't have a simple 
  wire connection, delay will still be annotated.


Warning-[SDFCOM_SWC] Simple Wire Connection
/MasterClass/M143010027_ALU/Hws/HW1/gate_level/FLP_mul/Between/round1/timing.sdf, 1537
module: FLP_mul, "instance: testbench.test_module"
  SDF Warning: The path from   a to mult_31.U2182.A2 doesn't have a simple 
  wire connection, delay will still be annotated.


Warning-[SDFCOM_SWC] Simple Wire Connection
/MasterClass/M143010027_ALU/Hws/HW1/gate_level/FLP_mul/Between/round1/timing.sdf, 1539
module: FLP_mul, "instance: testbench.test_module"
  SDF Warning: The path from   b to mult_31.U2181.A2 doesn't have a simple 
  wire connection, delay will still be annotated.


Warning-[SDFCOM_SWC] Simple Wire Connection
/MasterClass/M143010027_ALU/Hws/HW1/gate_level/FLP_mul/Between/round1/timing.sdf, 1541
module: FLP_mul, "instance: testbench.test_module"
  SDF Warning: The path from   b to mult_31.U2181.B2 doesn't have a simple 
  wire connection, delay will still be annotated.


Warning-[SDFCOM_SWC] Simple Wire Connection
/MasterClass/M143010027_ALU/Hws/HW1/gate_level/FLP_mul/Between/round1/timing.sdf, 1543
module: FLP_mul, "instance: testbench.test_module"
  SDF Warning: The path from   b to mult_31.U2181.C2 doesn't have a simple 
  wire connection, delay will still be annotated.


Warning-[SDFCOM_SWC] Simple Wire Connection
/MasterClass/M143010027_ALU/Hws/HW1/gate_level/FLP_mul/Between/round1/timing.sdf, 1545
module: FLP_mul, "instance: testbench.test_module"
  SDF Warning: The path from   a to mult_31.U2180.A2 doesn't have a simple 
  wire connection, delay will still be annotated.


Warning-[SDFCOM_SWC] Simple Wire Connection
/MasterClass/M143010027_ALU/Hws/HW1/gate_level/FLP_mul/Between/round1/timing.sdf, 1548
module: FLP_mul, "instance: testbench.test_module"
  SDF Warning: The path from   b to mult_31.U2178.A1 doesn't have a simple 
  wire connection, delay will still be annotated.


Warning-[SDFCOM_SWC] Simple Wire Connection
/MasterClass/M143010027_ALU/Hws/HW1/gate_level/FLP_mul/Between/round1/timing.sdf, 1549
module: FLP_mul, "instance: testbench.test_module"
  SDF Warning: The path from   b to mult_31.U2178.A2 doesn't have a simple 
  wire connection, delay will still be annotated.


Warning-[SDFCOM_SWC] Simple Wire Connection
/MasterClass/M143010027_ALU/Hws/HW1/gate_level/FLP_mul/Between/round1/timing.sdf, 1551
module: FLP_mul, "instance: testbench.test_module"
  SDF Warning: The path from   b to mult_31.U2177.A2 doesn't have a simple 
  wire connection, delay will still be annotated.


Warning-[SDFCOM_SWC] Simple Wire Connection
/MasterClass/M143010027_ALU/Hws/HW1/gate_level/FLP_mul/Between/round1/timing.sdf, 1553
module: FLP_mul, "instance: testbench.test_module"
  SDF Warning: The path from   b to mult_31.U2177.B2 doesn't have a simple 
  wire connection, delay will still be annotated.


Warning-[SDFCOM_SWC] Simple Wire Connection
/MasterClass/M143010027_ALU/Hws/HW1/gate_level/FLP_mul/Between/round1/timing.sdf, 1555
module: FLP_mul, "instance: testbench.test_module"
  SDF Warning: The path from   b to mult_31.U2177.C2 doesn't have a simple 
  wire connection, delay will still be annotated.


Warning-[SDFCOM_SWC] Simple Wire Connection
/MasterClass/M143010027_ALU/Hws/HW1/gate_level/FLP_mul/Between/round1/timing.sdf, 1557
module: FLP_mul, "instance: testbench.test_module"
  SDF Warning: The path from   b to mult_31.U2176.A2 doesn't have a simple 
  wire connection, delay will still be annotated.


Warning-[SDFCOM_SWC] Simple Wire Connection
/MasterClass/M143010027_ALU/Hws/HW1/gate_level/FLP_mul/Between/round1/timing.sdf, 1559
module: FLP_mul, "instance: testbench.test_module"
  SDF Warning: The path from   b to mult_31.U2176.B2 doesn't have a simple 
  wire connection, delay will still be annotated.


Warning-[SDFCOM_SWC] Simple Wire Connection
/MasterClass/M143010027_ALU/Hws/HW1/gate_level/FLP_mul/Between/round1/timing.sdf, 1561
module: FLP_mul, "instance: testbench.test_module"
  SDF Warning: The path from   b to mult_31.U2176.C2 doesn't have a simple 
  wire connection, delay will still be annotated.


Warning-[SDFCOM_SWC] Simple Wire Connection
/MasterClass/M143010027_ALU/Hws/HW1/gate_level/FLP_mul/Between/round1/timing.sdf, 1563
module: FLP_mul, "instance: testbench.test_module"
  SDF Warning: The path from   b to mult_31.U2175.A2 doesn't have a simple 
  wire connection, delay will still be annotated.


Warning-[SDFCOM_SWC] Simple Wire Connection
/MasterClass/M143010027_ALU/Hws/HW1/gate_level/FLP_mul/Between/round1/timing.sdf, 1565
module: FLP_mul, "instance: testbench.test_module"
  SDF Warning: The path from   b to mult_31.U2175.B2 doesn't have a simple 
  wire connection, delay will still be annotated.


Warning-[SDFCOM_SWC] Simple Wire Connection
/MasterClass/M143010027_ALU/Hws/HW1/gate_level/FLP_mul/Between/round1/timing.sdf, 1567
module: FLP_mul, "instance: testbench.test_module"
  SDF Warning: The path from   b to mult_31.U2175.C2 doesn't have a simple 
  wire connection, delay will still be annotated.


Warning-[SDFCOM_SWC] Simple Wire Connection
/MasterClass/M143010027_ALU/Hws/HW1/gate_level/FLP_mul/Between/round1/timing.sdf, 1569
module: FLP_mul, "instance: testbench.test_module"
  SDF Warning: The path from   b to mult_31.U2174.A2 doesn't have a simple 
  wire connection, delay will still be annotated.


Warning-[SDFCOM_SWC] Simple Wire Connection
/MasterClass/M143010027_ALU/Hws/HW1/gate_level/FLP_mul/Between/round1/timing.sdf, 1571
module: FLP_mul, "instance: testbench.test_module"
  SDF Warning: The path from   b to mult_31.U2174.B2 doesn't have a simple 
  wire connection, delay will still be annotated.


Warning-[SDFCOM_SWC] Simple Wire Connection
/MasterClass/M143010027_ALU/Hws/HW1/gate_level/FLP_mul/Between/round1/timing.sdf, 1573
module: FLP_mul, "instance: testbench.test_module"
  SDF Warning: The path from   b to mult_31.U2174.C2 doesn't have a simple 
  wire connection, delay will still be annotated.


Warning-[SDFCOM_SWC] Simple Wire Connection
/MasterClass/M143010027_ALU/Hws/HW1/gate_level/FLP_mul/Between/round1/timing.sdf, 1577
module: FLP_mul, "instance: testbench.test_module"
  SDF Warning: The path from   b to mult_31.U2172.A2 doesn't have a simple 
  wire connection, delay will still be annotated.


Warning-[SDFCOM_SWC] Simple Wire Connection
/MasterClass/M143010027_ALU/Hws/HW1/gate_level/FLP_mul/Between/round1/timing.sdf, 1579
module: FLP_mul, "instance: testbench.test_module"
  SDF Warning: The path from   b to mult_31.U2172.B2 doesn't have a simple 
  wire connection, delay will still be annotated.


Warning-[SDFCOM_SWC] Simple Wire Connection
/MasterClass/M143010027_ALU/Hws/HW1/gate_level/FLP_mul/Between/round1/timing.sdf, 1581
module: FLP_mul, "instance: testbench.test_module"
  SDF Warning: The path from   b to mult_31.U2172.C2 doesn't have a simple 
  wire connection, delay will still be annotated.


Warning-[SDFCOM_SWC] Simple Wire Connection
/MasterClass/M143010027_ALU/Hws/HW1/gate_level/FLP_mul/Between/round1/timing.sdf, 1582
module: FLP_mul, "instance: testbench.test_module"
  SDF Warning: The path from   b to mult_31.U2171.A1 doesn't have a simple 
  wire connection, delay will still be annotated.


Warning-[SDFCOM_SWC] Simple Wire Connection
/MasterClass/M143010027_ALU/Hws/HW1/gate_level/FLP_mul/Between/round1/timing.sdf, 1583
module: FLP_mul, "instance: testbench.test_module"
  SDF Warning: The path from   b to mult_31.U2171.A2 doesn't have a simple 
  wire connection, delay will still be annotated.


Warning-[SDFCOM_SWC] Simple Wire Connection
/MasterClass/M143010027_ALU/Hws/HW1/gate_level/FLP_mul/Between/round1/timing.sdf, 1584
module: FLP_mul, "instance: testbench.test_module"
  SDF Warning: The path from   b to mult_31.U2170.A1 doesn't have a simple 
  wire connection, delay will still be annotated.


Warning-[SDFCOM_SWC] Simple Wire Connection
/MasterClass/M143010027_ALU/Hws/HW1/gate_level/FLP_mul/Between/round1/timing.sdf, 1585
module: FLP_mul, "instance: testbench.test_module"
  SDF Warning: The path from   b to mult_31.U2170.A2 doesn't have a simple 
  wire connection, delay will still be annotated.


Warning-[SDFCOM_SWC] Simple Wire Connection
/MasterClass/M143010027_ALU/Hws/HW1/gate_level/FLP_mul/Between/round1/timing.sdf, 1587
module: FLP_mul, "instance: testbench.test_module"
  SDF Warning: The path from   b to mult_31.U2169.A2 doesn't have a simple 
  wire connection, delay will still be annotated.


Warning-[SDFCOM_SWC] Simple Wire Connection
/MasterClass/M143010027_ALU/Hws/HW1/gate_level/FLP_mul/Between/round1/timing.sdf, 1589
module: FLP_mul, "instance: testbench.test_module"
  SDF Warning: The path from   b to mult_31.U2169.B2 doesn't have a simple 
  wire connection, delay will still be annotated.


Warning-[SDFCOM_SWC] Simple Wire Connection
/MasterClass/M143010027_ALU/Hws/HW1/gate_level/FLP_mul/Between/round1/timing.sdf, 1591
module: FLP_mul, "instance: testbench.test_module"
  SDF Warning: The path from   b to mult_31.U2169.C2 doesn't have a simple 
  wire connection, delay will still be annotated.


Warning-[SDFCOM_SWC] Simple Wire Connection
/MasterClass/M143010027_ALU/Hws/HW1/gate_level/FLP_mul/Between/round1/timing.sdf, 1592
module: FLP_mul, "instance: testbench.test_module"
  SDF Warning: The path from   b to mult_31.U2168.A1 doesn't have a simple 
  wire connection, delay will still be annotated.


Warning-[SDFCOM_SWC] Simple Wire Connection
/MasterClass/M143010027_ALU/Hws/HW1/gate_level/FLP_mul/Between/round1/timing.sdf, 1593
module: FLP_mul, "instance: testbench.test_module"
  SDF Warning: The path from   b to mult_31.U2168.A2 doesn't have a simple 
  wire connection, delay will still be annotated.


Warning-[SDFCOM_SWC] Simple Wire Connection
/MasterClass/M143010027_ALU/Hws/HW1/gate_level/FLP_mul/Between/round1/timing.sdf, 1595
module: FLP_mul, "instance: testbench.test_module"
  SDF Warning: The path from   b to mult_31.U2167.A2 doesn't have a simple 
  wire connection, delay will still be annotated.


Warning-[SDFCOM_SWC] Simple Wire Connection
/MasterClass/M143010027_ALU/Hws/HW1/gate_level/FLP_mul/Between/round1/timing.sdf, 1597
module: FLP_mul, "instance: testbench.test_module"
  SDF Warning: The path from   b to mult_31.U2167.B2 doesn't have a simple 
  wire connection, delay will still be annotated.


Warning-[SDFCOM_SWC] Simple Wire Connection
/MasterClass/M143010027_ALU/Hws/HW1/gate_level/FLP_mul/Between/round1/timing.sdf, 1599
module: FLP_mul, "instance: testbench.test_module"
  SDF Warning: The path from   b to mult_31.U2167.C2 doesn't have a simple 
  wire connection, delay will still be annotated.


Warning-[SDFCOM_SWC] Simple Wire Connection
/MasterClass/M143010027_ALU/Hws/HW1/gate_level/FLP_mul/Between/round1/timing.sdf, 1600
module: FLP_mul, "instance: testbench.test_module"
  SDF Warning: The path from   b to mult_31.U2166.A1 doesn't have a simple 
  wire connection, delay will still be annotated.


Warning-[SDFCOM_SWC] Simple Wire Connection
/MasterClass/M143010027_ALU/Hws/HW1/gate_level/FLP_mul/Between/round1/timing.sdf, 1601
module: FLP_mul, "instance: testbench.test_module"
  SDF Warning: The path from   b to mult_31.U2166.A2 doesn't have a simple 
  wire connection, delay will still be annotated.


Warning-[SDFCOM_SWC] Simple Wire Connection
/MasterClass/M143010027_ALU/Hws/HW1/gate_level/FLP_mul/Between/round1/timing.sdf, 1603
module: FLP_mul, "instance: testbench.test_module"
  SDF Warning: The path from   b to mult_31.U2165.A2 doesn't have a simple 
  wire connection, delay will still be annotated.


Warning-[SDFCOM_SWC] Simple Wire Connection
/MasterClass/M143010027_ALU/Hws/HW1/gate_level/FLP_mul/Between/round1/timing.sdf, 1605
module: FLP_mul, "instance: testbench.test_module"
  SDF Warning: The path from   b to mult_31.U2165.B2 doesn't have a simple 
  wire connection, delay will still be annotated.


Warning-[SDFCOM_SWC] Simple Wire Connection
/MasterClass/M143010027_ALU/Hws/HW1/gate_level/FLP_mul/Between/round1/timing.sdf, 1607
module: FLP_mul, "instance: testbench.test_module"
  SDF Warning: The path from   b to mult_31.U2165.C2 doesn't have a simple 
  wire connection, delay will still be annotated.


Warning-[SDFCOM_SWC] Simple Wire Connection
/MasterClass/M143010027_ALU/Hws/HW1/gate_level/FLP_mul/Between/round1/timing.sdf, 1612
module: FLP_mul, "instance: testbench.test_module"
  SDF Warning: The path from   b to mult_31.U2163.A2 doesn't have a simple 
  wire connection, delay will still be annotated.


Warning-[SDFCOM_SWC] Simple Wire Connection
/MasterClass/M143010027_ALU/Hws/HW1/gate_level/FLP_mul/Between/round1/timing.sdf, 1614
module: FLP_mul, "instance: testbench.test_module"
  SDF Warning: The path from   b to mult_31.U2163.B2 doesn't have a simple 
  wire connection, delay will still be annotated.


Warning-[SDFCOM_SWC] Simple Wire Connection
/MasterClass/M143010027_ALU/Hws/HW1/gate_level/FLP_mul/Between/round1/timing.sdf, 1616
module: FLP_mul, "instance: testbench.test_module"
  SDF Warning: The path from   b to mult_31.U2163.C2 doesn't have a simple 
  wire connection, delay will still be annotated.


Warning-[SDFCOM_SWC] Simple Wire Connection
/MasterClass/M143010027_ALU/Hws/HW1/gate_level/FLP_mul/Between/round1/timing.sdf, 1618
module: FLP_mul, "instance: testbench.test_module"
  SDF Warning: The path from   b to mult_31.U2162.A2 doesn't have a simple 
  wire connection, delay will still be annotated.


Warning-[SDFCOM_SWC] Simple Wire Connection
/MasterClass/M143010027_ALU/Hws/HW1/gate_level/FLP_mul/Between/round1/timing.sdf, 1620
module: FLP_mul, "instance: testbench.test_module"
  SDF Warning: The path from   b to mult_31.U2162.B2 doesn't have a simple 
  wire connection, delay will still be annotated.


Warning-[SDFCOM_SWC] Simple Wire Connection
/MasterClass/M143010027_ALU/Hws/HW1/gate_level/FLP_mul/Between/round1/timing.sdf, 1622
module: FLP_mul, "instance: testbench.test_module"
  SDF Warning: The path from   b to mult_31.U2162.C2 doesn't have a simple 
  wire connection, delay will still be annotated.


Warning-[SDFCOM_SWC] Simple Wire Connection
/MasterClass/M143010027_ALU/Hws/HW1/gate_level/FLP_mul/Between/round1/timing.sdf, 1624
module: FLP_mul, "instance: testbench.test_module"
  SDF Warning: The path from   a to mult_31.U2161.A2 doesn't have a simple 
  wire connection, delay will still be annotated.


Warning-[SDFCOM_SWC] Simple Wire Connection
/MasterClass/M143010027_ALU/Hws/HW1/gate_level/FLP_mul/Between/round1/timing.sdf, 1625
module: FLP_mul, "instance: testbench.test_module"
  SDF Warning: The path from   b to mult_31.U2160.A1 doesn't have a simple 
  wire connection, delay will still be annotated.


Warning-[SDFCOM_SWC] Simple Wire Connection
/MasterClass/M143010027_ALU/Hws/HW1/gate_level/FLP_mul/Between/round1/timing.sdf, 1626
module: FLP_mul, "instance: testbench.test_module"
  SDF Warning: The path from   b to mult_31.U2160.A2 doesn't have a simple 
  wire connection, delay will still be annotated.


Warning-[SDFCOM_SWC] Simple Wire Connection
/MasterClass/M143010027_ALU/Hws/HW1/gate_level/FLP_mul/Between/round1/timing.sdf, 1627
module: FLP_mul, "instance: testbench.test_module"
  SDF Warning: The path from   b to mult_31.U2159.A1 doesn't have a simple 
  wire connection, delay will still be annotated.


Warning-[SDFCOM_SWC] Simple Wire Connection
/MasterClass/M143010027_ALU/Hws/HW1/gate_level/FLP_mul/Between/round1/timing.sdf, 1628
module: FLP_mul, "instance: testbench.test_module"
  SDF Warning: The path from   b to mult_31.U2159.A2 doesn't have a simple 
  wire connection, delay will still be annotated.


Warning-[SDFCOM_SWC] Simple Wire Connection
/MasterClass/M143010027_ALU/Hws/HW1/gate_level/FLP_mul/Between/round1/timing.sdf, 1630
module: FLP_mul, "instance: testbench.test_module"
  SDF Warning: The path from   b to mult_31.U2158.A2 doesn't have a simple 
  wire connection, delay will still be annotated.


Warning-[SDFCOM_SWC] Simple Wire Connection
/MasterClass/M143010027_ALU/Hws/HW1/gate_level/FLP_mul/Between/round1/timing.sdf, 1632
module: FLP_mul, "instance: testbench.test_module"
  SDF Warning: The path from   b to mult_31.U2158.B2 doesn't have a simple 
  wire connection, delay will still be annotated.


Warning-[SDFCOM_SWC] Simple Wire Connection
/MasterClass/M143010027_ALU/Hws/HW1/gate_level/FLP_mul/Between/round1/timing.sdf, 1634
module: FLP_mul, "instance: testbench.test_module"
  SDF Warning: The path from   b to mult_31.U2158.C2 doesn't have a simple 
  wire connection, delay will still be annotated.


Warning-[SDFCOM_SWC] Simple Wire Connection
/MasterClass/M143010027_ALU/Hws/HW1/gate_level/FLP_mul/Between/round1/timing.sdf, 1636
module: FLP_mul, "instance: testbench.test_module"
  SDF Warning: The path from   b to mult_31.U2157.A2 doesn't have a simple 
  wire connection, delay will still be annotated.


Warning-[SDFCOM_SWC] Simple Wire Connection
/MasterClass/M143010027_ALU/Hws/HW1/gate_level/FLP_mul/Between/round1/timing.sdf, 1638
module: FLP_mul, "instance: testbench.test_module"
  SDF Warning: The path from   b to mult_31.U2157.B2 doesn't have a simple 
  wire connection, delay will still be annotated.


Warning-[SDFCOM_SWC] Simple Wire Connection
/MasterClass/M143010027_ALU/Hws/HW1/gate_level/FLP_mul/Between/round1/timing.sdf, 1640
module: FLP_mul, "instance: testbench.test_module"
  SDF Warning: The path from   b to mult_31.U2157.C2 doesn't have a simple 
  wire connection, delay will still be annotated.


Warning-[SDFCOM_SWC] Simple Wire Connection
/MasterClass/M143010027_ALU/Hws/HW1/gate_level/FLP_mul/Between/round1/timing.sdf, 1642
module: FLP_mul, "instance: testbench.test_module"
  SDF Warning: The path from   b to mult_31.U2156.A2 doesn't have a simple 
  wire connection, delay will still be annotated.


Warning-[SDFCOM_SWC] Simple Wire Connection
/MasterClass/M143010027_ALU/Hws/HW1/gate_level/FLP_mul/Between/round1/timing.sdf, 1644
module: FLP_mul, "instance: testbench.test_module"
  SDF Warning: The path from   b to mult_31.U2156.B2 doesn't have a simple 
  wire connection, delay will still be annotated.


Warning-[SDFCOM_SWC] Simple Wire Connection
/MasterClass/M143010027_ALU/Hws/HW1/gate_level/FLP_mul/Between/round1/timing.sdf, 1646
module: FLP_mul, "instance: testbench.test_module"
  SDF Warning: The path from   b to mult_31.U2156.C2 doesn't have a simple 
  wire connection, delay will still be annotated.


Warning-[SDFCOM_SWC] Simple Wire Connection
/MasterClass/M143010027_ALU/Hws/HW1/gate_level/FLP_mul/Between/round1/timing.sdf, 1648
module: FLP_mul, "instance: testbench.test_module"
  SDF Warning: The path from   b to mult_31.U2155.A2 doesn't have a simple 
  wire connection, delay will still be annotated.


Warning-[SDFCOM_SWC] Simple Wire Connection
/MasterClass/M143010027_ALU/Hws/HW1/gate_level/FLP_mul/Between/round1/timing.sdf, 1650
module: FLP_mul, "instance: testbench.test_module"
  SDF Warning: The path from   b to mult_31.U2155.B2 doesn't have a simple 
  wire connection, delay will still be annotated.


Warning-[SDFCOM_SWC] Simple Wire Connection
/MasterClass/M143010027_ALU/Hws/HW1/gate_level/FLP_mul/Between/round1/timing.sdf, 1652
module: FLP_mul, "instance: testbench.test_module"
  SDF Warning: The path from   b to mult_31.U2155.C2 doesn't have a simple 
  wire connection, delay will still be annotated.


Warning-[SDFCOM_SWC] Simple Wire Connection
/MasterClass/M143010027_ALU/Hws/HW1/gate_level/FLP_mul/Between/round1/timing.sdf, 1653
module: FLP_mul, "instance: testbench.test_module"
  SDF Warning: The path from   b to mult_31.U2154.A1 doesn't have a simple 
  wire connection, delay will still be annotated.


Warning-[SDFCOM_SWC] Simple Wire Connection
/MasterClass/M143010027_ALU/Hws/HW1/gate_level/FLP_mul/Between/round1/timing.sdf, 1654
module: FLP_mul, "instance: testbench.test_module"
  SDF Warning: The path from   b to mult_31.U2154.A2 doesn't have a simple 
  wire connection, delay will still be annotated.


Warning-[SDFCOM_SWC] Simple Wire Connection
/MasterClass/M143010027_ALU/Hws/HW1/gate_level/FLP_mul/Between/round1/timing.sdf, 1656
module: FLP_mul, "instance: testbench.test_module"
  SDF Warning: The path from   b to mult_31.U2153.A2 doesn't have a simple 
  wire connection, delay will still be annotated.


Warning-[SDFCOM_SWC] Simple Wire Connection
/MasterClass/M143010027_ALU/Hws/HW1/gate_level/FLP_mul/Between/round1/timing.sdf, 1658
module: FLP_mul, "instance: testbench.test_module"
  SDF Warning: The path from   b to mult_31.U2153.B2 doesn't have a simple 
  wire connection, delay will still be annotated.


Warning-[SDFCOM_SWC] Simple Wire Connection
/MasterClass/M143010027_ALU/Hws/HW1/gate_level/FLP_mul/Between/round1/timing.sdf, 1660
module: FLP_mul, "instance: testbench.test_module"
  SDF Warning: The path from   b to mult_31.U2153.C2 doesn't have a simple 
  wire connection, delay will still be annotated.


Warning-[SDFCOM_SWC] Simple Wire Connection
/MasterClass/M143010027_ALU/Hws/HW1/gate_level/FLP_mul/Between/round1/timing.sdf, 1662
module: FLP_mul, "instance: testbench.test_module"
  SDF Warning: The path from   a to mult_31.U2152.A2 doesn't have a simple 
  wire connection, delay will still be annotated.


Warning-[SDFCOM_SWC] Simple Wire Connection
/MasterClass/M143010027_ALU/Hws/HW1/gate_level/FLP_mul/Between/round1/timing.sdf, 1664
module: FLP_mul, "instance: testbench.test_module"
  SDF Warning: The path from   b to mult_31.U2151.A2 doesn't have a simple 
  wire connection, delay will still be annotated.


Warning-[SDFCOM_SWC] Simple Wire Connection
/MasterClass/M143010027_ALU/Hws/HW1/gate_level/FLP_mul/Between/round1/timing.sdf, 1666
module: FLP_mul, "instance: testbench.test_module"
  SDF Warning: The path from   b to mult_31.U2151.B2 doesn't have a simple 
  wire connection, delay will still be annotated.


Warning-[SDFCOM_SWC] Simple Wire Connection
/MasterClass/M143010027_ALU/Hws/HW1/gate_level/FLP_mul/Between/round1/timing.sdf, 1668
module: FLP_mul, "instance: testbench.test_module"
  SDF Warning: The path from   b to mult_31.U2151.C2 doesn't have a simple 
  wire connection, delay will still be annotated.


Warning-[SDFCOM_SWC] Simple Wire Connection
/MasterClass/M143010027_ALU/Hws/HW1/gate_level/FLP_mul/Between/round1/timing.sdf, 1670
module: FLP_mul, "instance: testbench.test_module"
  SDF Warning: The path from   a to mult_31.U2150.A2 doesn't have a simple 
  wire connection, delay will still be annotated.


Warning-[SDFCOM_SWC] Simple Wire Connection
/MasterClass/M143010027_ALU/Hws/HW1/gate_level/FLP_mul/Between/round1/timing.sdf, 1672
module: FLP_mul, "instance: testbench.test_module"
  SDF Warning: The path from   b to mult_31.U2149.A2 doesn't have a simple 
  wire connection, delay will still be annotated.


Warning-[SDFCOM_SWC] Simple Wire Connection
/MasterClass/M143010027_ALU/Hws/HW1/gate_level/FLP_mul/Between/round1/timing.sdf, 1674
module: FLP_mul, "instance: testbench.test_module"
  SDF Warning: The path from   b to mult_31.U2149.B2 doesn't have a simple 
  wire connection, delay will still be annotated.


Warning-[SDFCOM_SWC] Simple Wire Connection
/MasterClass/M143010027_ALU/Hws/HW1/gate_level/FLP_mul/Between/round1/timing.sdf, 1676
module: FLP_mul, "instance: testbench.test_module"
  SDF Warning: The path from   b to mult_31.U2149.C2 doesn't have a simple 
  wire connection, delay will still be annotated.


Warning-[SDFCOM_SWC] Simple Wire Connection
/MasterClass/M143010027_ALU/Hws/HW1/gate_level/FLP_mul/Between/round1/timing.sdf, 1677
module: FLP_mul, "instance: testbench.test_module"
  SDF Warning: The path from   b to mult_31.U2148.A1 doesn't have a simple 
  wire connection, delay will still be annotated.


Warning-[SDFCOM_SWC] Simple Wire Connection
/MasterClass/M143010027_ALU/Hws/HW1/gate_level/FLP_mul/Between/round1/timing.sdf, 1678
module: FLP_mul, "instance: testbench.test_module"
  SDF Warning: The path from   b to mult_31.U2148.A2 doesn't have a simple 
  wire connection, delay will still be annotated.


Warning-[SDFCOM_SWC] Simple Wire Connection
/MasterClass/M143010027_ALU/Hws/HW1/gate_level/FLP_mul/Between/round1/timing.sdf, 1683
module: FLP_mul, "instance: testbench.test_module"
  SDF Warning: The path from   b to mult_31.U2146.A2 doesn't have a simple 
  wire connection, delay will still be annotated.


Warning-[SDFCOM_SWC] Simple Wire Connection
/MasterClass/M143010027_ALU/Hws/HW1/gate_level/FLP_mul/Between/round1/timing.sdf, 1685
module: FLP_mul, "instance: testbench.test_module"
  SDF Warning: The path from   b to mult_31.U2146.B2 doesn't have a simple 
  wire connection, delay will still be annotated.


Warning-[SDFCOM_SWC] Simple Wire Connection
/MasterClass/M143010027_ALU/Hws/HW1/gate_level/FLP_mul/Between/round1/timing.sdf, 1687
module: FLP_mul, "instance: testbench.test_module"
  SDF Warning: The path from   b to mult_31.U2146.C2 doesn't have a simple 
  wire connection, delay will still be annotated.


Warning-[SDFCOM_SWC] Simple Wire Connection
/MasterClass/M143010027_ALU/Hws/HW1/gate_level/FLP_mul/Between/round1/timing.sdf, 1689
module: FLP_mul, "instance: testbench.test_module"
  SDF Warning: The path from   a to mult_31.U2145.A2 doesn't have a simple 
  wire connection, delay will still be annotated.


Warning-[SDFCOM_SWC] Simple Wire Connection
/MasterClass/M143010027_ALU/Hws/HW1/gate_level/FLP_mul/Between/round1/timing.sdf, 1691
module: FLP_mul, "instance: testbench.test_module"
  SDF Warning: The path from   a to mult_31.U2144.A2 doesn't have a simple 
  wire connection, delay will still be annotated.


Warning-[SDFCOM_SWC] Simple Wire Connection
/MasterClass/M143010027_ALU/Hws/HW1/gate_level/FLP_mul/Between/round1/timing.sdf, 1693
module: FLP_mul, "instance: testbench.test_module"
  SDF Warning: The path from   b to mult_31.U2143.A2 doesn't have a simple 
  wire connection, delay will still be annotated.


Warning-[SDFCOM_SWC] Simple Wire Connection
/MasterClass/M143010027_ALU/Hws/HW1/gate_level/FLP_mul/Between/round1/timing.sdf, 1695
module: FLP_mul, "instance: testbench.test_module"
  SDF Warning: The path from   b to mult_31.U2143.B2 doesn't have a simple 
  wire connection, delay will still be annotated.


Warning-[SDFCOM_SWC] Simple Wire Connection
/MasterClass/M143010027_ALU/Hws/HW1/gate_level/FLP_mul/Between/round1/timing.sdf, 1697
module: FLP_mul, "instance: testbench.test_module"
  SDF Warning: The path from   b to mult_31.U2143.C2 doesn't have a simple 
  wire connection, delay will still be annotated.


Warning-[SDFCOM_SWC] Simple Wire Connection
/MasterClass/M143010027_ALU/Hws/HW1/gate_level/FLP_mul/Between/round1/timing.sdf, 1699
module: FLP_mul, "instance: testbench.test_module"
  SDF Warning: The path from   a to mult_31.U2142.A2 doesn't have a simple 
  wire connection, delay will still be annotated.


Warning-[SDFCOM_SWC] Simple Wire Connection
/MasterClass/M143010027_ALU/Hws/HW1/gate_level/FLP_mul/Between/round1/timing.sdf, 1703
module: FLP_mul, "instance: testbench.test_module"
  SDF Warning: The path from   b to mult_31.U2140.A2 doesn't have a simple 
  wire connection, delay will still be annotated.


Warning-[SDFCOM_SWC] Simple Wire Connection
/MasterClass/M143010027_ALU/Hws/HW1/gate_level/FLP_mul/Between/round1/timing.sdf, 1705
module: FLP_mul, "instance: testbench.test_module"
  SDF Warning: The path from   b to mult_31.U2140.B2 doesn't have a simple 
  wire connection, delay will still be annotated.


Warning-[SDFCOM_SWC] Simple Wire Connection
/MasterClass/M143010027_ALU/Hws/HW1/gate_level/FLP_mul/Between/round1/timing.sdf, 1707
module: FLP_mul, "instance: testbench.test_module"
  SDF Warning: The path from   b to mult_31.U2140.C2 doesn't have a simple 
  wire connection, delay will still be annotated.


Warning-[SDFCOM_SWC] Simple Wire Connection
/MasterClass/M143010027_ALU/Hws/HW1/gate_level/FLP_mul/Between/round1/timing.sdf, 1709
module: FLP_mul, "instance: testbench.test_module"
  SDF Warning: The path from   b to mult_31.U2139.A2 doesn't have a simple 
  wire connection, delay will still be annotated.


Warning-[SDFCOM_SWC] Simple Wire Connection
/MasterClass/M143010027_ALU/Hws/HW1/gate_level/FLP_mul/Between/round1/timing.sdf, 1711
module: FLP_mul, "instance: testbench.test_module"
  SDF Warning: The path from   b to mult_31.U2139.B2 doesn't have a simple 
  wire connection, delay will still be annotated.


Warning-[SDFCOM_SWC] Simple Wire Connection
/MasterClass/M143010027_ALU/Hws/HW1/gate_level/FLP_mul/Between/round1/timing.sdf, 1713
module: FLP_mul, "instance: testbench.test_module"
  SDF Warning: The path from   b to mult_31.U2139.C2 doesn't have a simple 
  wire connection, delay will still be annotated.


Warning-[SDFCOM_SWC] Simple Wire Connection
/MasterClass/M143010027_ALU/Hws/HW1/gate_level/FLP_mul/Between/round1/timing.sdf, 1715
module: FLP_mul, "instance: testbench.test_module"
  SDF Warning: The path from   a to mult_31.U2138.A2 doesn't have a simple 
  wire connection, delay will still be annotated.


Warning-[SDFCOM_SWC] Simple Wire Connection
/MasterClass/M143010027_ALU/Hws/HW1/gate_level/FLP_mul/Between/round1/timing.sdf, 1717
module: FLP_mul, "instance: testbench.test_module"
  SDF Warning: The path from   a to mult_31.U2137.A2 doesn't have a simple 
  wire connection, delay will still be annotated.


Warning-[SDFCOM_SWC] Simple Wire Connection
/MasterClass/M143010027_ALU/Hws/HW1/gate_level/FLP_mul/Between/round1/timing.sdf, 1719
module: FLP_mul, "instance: testbench.test_module"
  SDF Warning: The path from   b to mult_31.U2136.A2 doesn't have a simple 
  wire connection, delay will still be annotated.


Warning-[SDFCOM_SWC] Simple Wire Connection
/MasterClass/M143010027_ALU/Hws/HW1/gate_level/FLP_mul/Between/round1/timing.sdf, 1721
module: FLP_mul, "instance: testbench.test_module"
  SDF Warning: The path from   b to mult_31.U2136.B2 doesn't have a simple 
  wire connection, delay will still be annotated.


Warning-[SDFCOM_SWC] Simple Wire Connection
/MasterClass/M143010027_ALU/Hws/HW1/gate_level/FLP_mul/Between/round1/timing.sdf, 1723
module: FLP_mul, "instance: testbench.test_module"
  SDF Warning: The path from   b to mult_31.U2136.C2 doesn't have a simple 
  wire connection, delay will still be annotated.


Warning-[SDFCOM_SWC] Simple Wire Connection
/MasterClass/M143010027_ALU/Hws/HW1/gate_level/FLP_mul/Between/round1/timing.sdf, 1725
module: FLP_mul, "instance: testbench.test_module"
  SDF Warning: The path from   a to mult_31.U2135.A2 doesn't have a simple 
  wire connection, delay will still be annotated.


Warning-[SDFCOM_SWC] Simple Wire Connection
/MasterClass/M143010027_ALU/Hws/HW1/gate_level/FLP_mul/Between/round1/timing.sdf, 1728
module: FLP_mul, "instance: testbench.test_module"
  SDF Warning: The path from   b to mult_31.U2133.A1 doesn't have a simple 
  wire connection, delay will still be annotated.


Warning-[SDFCOM_SWC] Simple Wire Connection
/MasterClass/M143010027_ALU/Hws/HW1/gate_level/FLP_mul/Between/round1/timing.sdf, 1729
module: FLP_mul, "instance: testbench.test_module"
  SDF Warning: The path from   b to mult_31.U2133.A2 doesn't have a simple 
  wire connection, delay will still be annotated.


Warning-[SDFCOM_SWC] Simple Wire Connection
/MasterClass/M143010027_ALU/Hws/HW1/gate_level/FLP_mul/Between/round1/timing.sdf, 1730
module: FLP_mul, "instance: testbench.test_module"
  SDF Warning: The path from   b to mult_31.U2132.A1 doesn't have a simple 
  wire connection, delay will still be annotated.


Warning-[SDFCOM_SWC] Simple Wire Connection
/MasterClass/M143010027_ALU/Hws/HW1/gate_level/FLP_mul/Between/round1/timing.sdf, 1731
module: FLP_mul, "instance: testbench.test_module"
  SDF Warning: The path from   b to mult_31.U2132.A2 doesn't have a simple 
  wire connection, delay will still be annotated.


Warning-[SDFCOM_SWC] Simple Wire Connection
/MasterClass/M143010027_ALU/Hws/HW1/gate_level/FLP_mul/Between/round1/timing.sdf, 1733
module: FLP_mul, "instance: testbench.test_module"
  SDF Warning: The path from   b to mult_31.U2131.A2 doesn't have a simple 
  wire connection, delay will still be annotated.


Warning-[SDFCOM_SWC] Simple Wire Connection
/MasterClass/M143010027_ALU/Hws/HW1/gate_level/FLP_mul/Between/round1/timing.sdf, 1735
module: FLP_mul, "instance: testbench.test_module"
  SDF Warning: The path from   b to mult_31.U2131.B2 doesn't have a simple 
  wire connection, delay will still be annotated.


Warning-[SDFCOM_SWC] Simple Wire Connection
/MasterClass/M143010027_ALU/Hws/HW1/gate_level/FLP_mul/Between/round1/timing.sdf, 1737
module: FLP_mul, "instance: testbench.test_module"
  SDF Warning: The path from   b to mult_31.U2131.C2 doesn't have a simple 
  wire connection, delay will still be annotated.


Warning-[SDFCOM_SWC] Simple Wire Connection
/MasterClass/M143010027_ALU/Hws/HW1/gate_level/FLP_mul/Between/round1/timing.sdf, 1739
module: FLP_mul, "instance: testbench.test_module"
  SDF Warning: The path from   b to mult_31.U2130.A2 doesn't have a simple 
  wire connection, delay will still be annotated.


Warning-[SDFCOM_SWC] Simple Wire Connection
/MasterClass/M143010027_ALU/Hws/HW1/gate_level/FLP_mul/Between/round1/timing.sdf, 1741
module: FLP_mul, "instance: testbench.test_module"
  SDF Warning: The path from   b to mult_31.U2130.B2 doesn't have a simple 
  wire connection, delay will still be annotated.


Warning-[SDFCOM_SWC] Simple Wire Connection
/MasterClass/M143010027_ALU/Hws/HW1/gate_level/FLP_mul/Between/round1/timing.sdf, 1743
module: FLP_mul, "instance: testbench.test_module"
  SDF Warning: The path from   b to mult_31.U2130.C2 doesn't have a simple 
  wire connection, delay will still be annotated.


Warning-[SDFCOM_SWC] Simple Wire Connection
/MasterClass/M143010027_ALU/Hws/HW1/gate_level/FLP_mul/Between/round1/timing.sdf, 1744
module: FLP_mul, "instance: testbench.test_module"
  SDF Warning: The path from   b to mult_31.U2129.A1 doesn't have a simple 
  wire connection, delay will still be annotated.


Warning-[SDFCOM_SWC] Simple Wire Connection
/MasterClass/M143010027_ALU/Hws/HW1/gate_level/FLP_mul/Between/round1/timing.sdf, 1745
module: FLP_mul, "instance: testbench.test_module"
  SDF Warning: The path from   b to mult_31.U2129.A2 doesn't have a simple 
  wire connection, delay will still be annotated.


Warning-[SDFCOM_SWC] Simple Wire Connection
/MasterClass/M143010027_ALU/Hws/HW1/gate_level/FLP_mul/Between/round1/timing.sdf, 1747
module: FLP_mul, "instance: testbench.test_module"
  SDF Warning: The path from   b to mult_31.U2128.A2 doesn't have a simple 
  wire connection, delay will still be annotated.


Warning-[SDFCOM_SWC] Simple Wire Connection
/MasterClass/M143010027_ALU/Hws/HW1/gate_level/FLP_mul/Between/round1/timing.sdf, 1749
module: FLP_mul, "instance: testbench.test_module"
  SDF Warning: The path from   b to mult_31.U2128.B2 doesn't have a simple 
  wire connection, delay will still be annotated.


Warning-[SDFCOM_SWC] Simple Wire Connection
/MasterClass/M143010027_ALU/Hws/HW1/gate_level/FLP_mul/Between/round1/timing.sdf, 1751
module: FLP_mul, "instance: testbench.test_module"
  SDF Warning: The path from   b to mult_31.U2128.C2 doesn't have a simple 
  wire connection, delay will still be annotated.


Warning-[SDFCOM_SWC] Simple Wire Connection
/MasterClass/M143010027_ALU/Hws/HW1/gate_level/FLP_mul/Between/round1/timing.sdf, 1753
module: FLP_mul, "instance: testbench.test_module"
  SDF Warning: The path from   b to mult_31.U2127.A2 doesn't have a simple 
  wire connection, delay will still be annotated.


Warning-[SDFCOM_SWC] Simple Wire Connection
/MasterClass/M143010027_ALU/Hws/HW1/gate_level/FLP_mul/Between/round1/timing.sdf, 1755
module: FLP_mul, "instance: testbench.test_module"
  SDF Warning: The path from   b to mult_31.U2127.B2 doesn't have a simple 
  wire connection, delay will still be annotated.


Warning-[SDFCOM_SWC] Simple Wire Connection
/MasterClass/M143010027_ALU/Hws/HW1/gate_level/FLP_mul/Between/round1/timing.sdf, 1757
module: FLP_mul, "instance: testbench.test_module"
  SDF Warning: The path from   b to mult_31.U2127.C2 doesn't have a simple 
  wire connection, delay will still be annotated.


Warning-[SDFCOM_SWC] Simple Wire Connection
/MasterClass/M143010027_ALU/Hws/HW1/gate_level/FLP_mul/Between/round1/timing.sdf, 1758
module: FLP_mul, "instance: testbench.test_module"
  SDF Warning: The path from   b to mult_31.U2126.A1 doesn't have a simple 
  wire connection, delay will still be annotated.


Warning-[SDFCOM_SWC] Simple Wire Connection
/MasterClass/M143010027_ALU/Hws/HW1/gate_level/FLP_mul/Between/round1/timing.sdf, 1759
module: FLP_mul, "instance: testbench.test_module"
  SDF Warning: The path from   b to mult_31.U2126.A2 doesn't have a simple 
  wire connection, delay will still be annotated.


Warning-[SDFCOM_SWC] Simple Wire Connection
/MasterClass/M143010027_ALU/Hws/HW1/gate_level/FLP_mul/Between/round1/timing.sdf, 1761
module: FLP_mul, "instance: testbench.test_module"
  SDF Warning: The path from   b to mult_31.U2125.A2 doesn't have a simple 
  wire connection, delay will still be annotated.


Warning-[SDFCOM_SWC] Simple Wire Connection
/MasterClass/M143010027_ALU/Hws/HW1/gate_level/FLP_mul/Between/round1/timing.sdf, 1763
module: FLP_mul, "instance: testbench.test_module"
  SDF Warning: The path from   b to mult_31.U2125.B2 doesn't have a simple 
  wire connection, delay will still be annotated.


Warning-[SDFCOM_SWC] Simple Wire Connection
/MasterClass/M143010027_ALU/Hws/HW1/gate_level/FLP_mul/Between/round1/timing.sdf, 1765
module: FLP_mul, "instance: testbench.test_module"
  SDF Warning: The path from   b to mult_31.U2125.C2 doesn't have a simple 
  wire connection, delay will still be annotated.


Warning-[SDFCOM_SWC] Simple Wire Connection
/MasterClass/M143010027_ALU/Hws/HW1/gate_level/FLP_mul/Between/round1/timing.sdf, 1767
module: FLP_mul, "instance: testbench.test_module"
  SDF Warning: The path from   b to mult_31.U2124.A2 doesn't have a simple 
  wire connection, delay will still be annotated.


Warning-[SDFCOM_SWC] Simple Wire Connection
/MasterClass/M143010027_ALU/Hws/HW1/gate_level/FLP_mul/Between/round1/timing.sdf, 1769
module: FLP_mul, "instance: testbench.test_module"
  SDF Warning: The path from   b to mult_31.U2124.B2 doesn't have a simple 
  wire connection, delay will still be annotated.


Warning-[SDFCOM_SWC] Simple Wire Connection
/MasterClass/M143010027_ALU/Hws/HW1/gate_level/FLP_mul/Between/round1/timing.sdf, 1771
module: FLP_mul, "instance: testbench.test_module"
  SDF Warning: The path from   b to mult_31.U2124.C2 doesn't have a simple 
  wire connection, delay will still be annotated.


Warning-[SDFCOM_SWC] Simple Wire Connection
/MasterClass/M143010027_ALU/Hws/HW1/gate_level/FLP_mul/Between/round1/timing.sdf, 1773
module: FLP_mul, "instance: testbench.test_module"
  SDF Warning: The path from   b to mult_31.U2123.A2 doesn't have a simple 
  wire connection, delay will still be annotated.


Warning-[SDFCOM_SWC] Simple Wire Connection
/MasterClass/M143010027_ALU/Hws/HW1/gate_level/FLP_mul/Between/round1/timing.sdf, 1775
module: FLP_mul, "instance: testbench.test_module"
  SDF Warning: The path from   b to mult_31.U2123.B2 doesn't have a simple 
  wire connection, delay will still be annotated.


Warning-[SDFCOM_SWC] Simple Wire Connection
/MasterClass/M143010027_ALU/Hws/HW1/gate_level/FLP_mul/Between/round1/timing.sdf, 1777
module: FLP_mul, "instance: testbench.test_module"
  SDF Warning: The path from   b to mult_31.U2123.C2 doesn't have a simple 
  wire connection, delay will still be annotated.


Warning-[SDFCOM_SWC] Simple Wire Connection
/MasterClass/M143010027_ALU/Hws/HW1/gate_level/FLP_mul/Between/round1/timing.sdf, 1779
module: FLP_mul, "instance: testbench.test_module"
  SDF Warning: The path from   b to mult_31.U2122.A2 doesn't have a simple 
  wire connection, delay will still be annotated.


Warning-[SDFCOM_SWC] Simple Wire Connection
/MasterClass/M143010027_ALU/Hws/HW1/gate_level/FLP_mul/Between/round1/timing.sdf, 1781
module: FLP_mul, "instance: testbench.test_module"
  SDF Warning: The path from   b to mult_31.U2122.B2 doesn't have a simple 
  wire connection, delay will still be annotated.


Warning-[SDFCOM_SWC] Simple Wire Connection
/MasterClass/M143010027_ALU/Hws/HW1/gate_level/FLP_mul/Between/round1/timing.sdf, 1783
module: FLP_mul, "instance: testbench.test_module"
  SDF Warning: The path from   b to mult_31.U2122.C2 doesn't have a simple 
  wire connection, delay will still be annotated.


Warning-[SDFCOM_SWC] Simple Wire Connection
/MasterClass/M143010027_ALU/Hws/HW1/gate_level/FLP_mul/Between/round1/timing.sdf, 1785
module: FLP_mul, "instance: testbench.test_module"
  SDF Warning: The path from   b to mult_31.U2121.A2 doesn't have a simple 
  wire connection, delay will still be annotated.


Warning-[SDFCOM_SWC] Simple Wire Connection
/MasterClass/M143010027_ALU/Hws/HW1/gate_level/FLP_mul/Between/round1/timing.sdf, 1787
module: FLP_mul, "instance: testbench.test_module"
  SDF Warning: The path from   b to mult_31.U2121.B2 doesn't have a simple 
  wire connection, delay will still be annotated.


Warning-[SDFCOM_SWC] Simple Wire Connection
/MasterClass/M143010027_ALU/Hws/HW1/gate_level/FLP_mul/Between/round1/timing.sdf, 1789
module: FLP_mul, "instance: testbench.test_module"
  SDF Warning: The path from   b to mult_31.U2121.C2 doesn't have a simple 
  wire connection, delay will still be annotated.


Warning-[SDFCOM_SWC] Simple Wire Connection
/MasterClass/M143010027_ALU/Hws/HW1/gate_level/FLP_mul/Between/round1/timing.sdf, 1791
module: FLP_mul, "instance: testbench.test_module"
  SDF Warning: The path from   a to mult_31.U2120.A2 doesn't have a simple 
  wire connection, delay will still be annotated.


Warning-[SDFCOM_SWC] Simple Wire Connection
/MasterClass/M143010027_ALU/Hws/HW1/gate_level/FLP_mul/Between/round1/timing.sdf, 1793
module: FLP_mul, "instance: testbench.test_module"
  SDF Warning: The path from   b to mult_31.U2119.A2 doesn't have a simple 
  wire connection, delay will still be annotated.


Warning-[SDFCOM_SWC] Simple Wire Connection
/MasterClass/M143010027_ALU/Hws/HW1/gate_level/FLP_mul/Between/round1/timing.sdf, 1795
module: FLP_mul, "instance: testbench.test_module"
  SDF Warning: The path from   b to mult_31.U2119.B2 doesn't have a simple 
  wire connection, delay will still be annotated.


Warning-[SDFCOM_SWC] Simple Wire Connection
/MasterClass/M143010027_ALU/Hws/HW1/gate_level/FLP_mul/Between/round1/timing.sdf, 1797
module: FLP_mul, "instance: testbench.test_module"
  SDF Warning: The path from   b to mult_31.U2119.C2 doesn't have a simple 
  wire connection, delay will still be annotated.


Warning-[SDFCOM_SWC] Simple Wire Connection
/MasterClass/M143010027_ALU/Hws/HW1/gate_level/FLP_mul/Between/round1/timing.sdf, 1799
module: FLP_mul, "instance: testbench.test_module"
  SDF Warning: The path from   b to mult_31.U2118.A2 doesn't have a simple 
  wire connection, delay will still be annotated.


Warning-[SDFCOM_SWC] Simple Wire Connection
/MasterClass/M143010027_ALU/Hws/HW1/gate_level/FLP_mul/Between/round1/timing.sdf, 1801
module: FLP_mul, "instance: testbench.test_module"
  SDF Warning: The path from   b to mult_31.U2118.B2 doesn't have a simple 
  wire connection, delay will still be annotated.


Warning-[SDFCOM_SWC] Simple Wire Connection
/MasterClass/M143010027_ALU/Hws/HW1/gate_level/FLP_mul/Between/round1/timing.sdf, 1803
module: FLP_mul, "instance: testbench.test_module"
  SDF Warning: The path from   b to mult_31.U2118.C2 doesn't have a simple 
  wire connection, delay will still be annotated.


Warning-[SDFCOM_SWC] Simple Wire Connection
/MasterClass/M143010027_ALU/Hws/HW1/gate_level/FLP_mul/Between/round1/timing.sdf, 1805
module: FLP_mul, "instance: testbench.test_module"
  SDF Warning: The path from   b to mult_31.U2117.A2 doesn't have a simple 
  wire connection, delay will still be annotated.


Warning-[SDFCOM_SWC] Simple Wire Connection
/MasterClass/M143010027_ALU/Hws/HW1/gate_level/FLP_mul/Between/round1/timing.sdf, 1807
module: FLP_mul, "instance: testbench.test_module"
  SDF Warning: The path from   b to mult_31.U2117.B2 doesn't have a simple 
  wire connection, delay will still be annotated.


Warning-[SDFCOM_SWC] Simple Wire Connection
/MasterClass/M143010027_ALU/Hws/HW1/gate_level/FLP_mul/Between/round1/timing.sdf, 1809
module: FLP_mul, "instance: testbench.test_module"
  SDF Warning: The path from   b to mult_31.U2117.C2 doesn't have a simple 
  wire connection, delay will still be annotated.


Warning-[SDFCOM_SWC] Simple Wire Connection
/MasterClass/M143010027_ALU/Hws/HW1/gate_level/FLP_mul/Between/round1/timing.sdf, 1811
module: FLP_mul, "instance: testbench.test_module"
  SDF Warning: The path from   b to mult_31.U2116.A2 doesn't have a simple 
  wire connection, delay will still be annotated.


Warning-[SDFCOM_SWC] Simple Wire Connection
/MasterClass/M143010027_ALU/Hws/HW1/gate_level/FLP_mul/Between/round1/timing.sdf, 1813
module: FLP_mul, "instance: testbench.test_module"
  SDF Warning: The path from   b to mult_31.U2116.B2 doesn't have a simple 
  wire connection, delay will still be annotated.


Warning-[SDFCOM_SWC] Simple Wire Connection
/MasterClass/M143010027_ALU/Hws/HW1/gate_level/FLP_mul/Between/round1/timing.sdf, 1815
module: FLP_mul, "instance: testbench.test_module"
  SDF Warning: The path from   b to mult_31.U2116.C2 doesn't have a simple 
  wire connection, delay will still be annotated.


Warning-[SDFCOM_SWC] Simple Wire Connection
/MasterClass/M143010027_ALU/Hws/HW1/gate_level/FLP_mul/Between/round1/timing.sdf, 1817
module: FLP_mul, "instance: testbench.test_module"
  SDF Warning: The path from   b to mult_31.U2115.A2 doesn't have a simple 
  wire connection, delay will still be annotated.


Warning-[SDFCOM_SWC] Simple Wire Connection
/MasterClass/M143010027_ALU/Hws/HW1/gate_level/FLP_mul/Between/round1/timing.sdf, 1819
module: FLP_mul, "instance: testbench.test_module"
  SDF Warning: The path from   b to mult_31.U2115.B2 doesn't have a simple 
  wire connection, delay will still be annotated.


Warning-[SDFCOM_SWC] Simple Wire Connection
/MasterClass/M143010027_ALU/Hws/HW1/gate_level/FLP_mul/Between/round1/timing.sdf, 1821
module: FLP_mul, "instance: testbench.test_module"
  SDF Warning: The path from   b to mult_31.U2115.C2 doesn't have a simple 
  wire connection, delay will still be annotated.


Warning-[SDFCOM_SWC] Simple Wire Connection
/MasterClass/M143010027_ALU/Hws/HW1/gate_level/FLP_mul/Between/round1/timing.sdf, 1823
module: FLP_mul, "instance: testbench.test_module"
  SDF Warning: The path from   b to mult_31.U2114.A2 doesn't have a simple 
  wire connection, delay will still be annotated.


Warning-[SDFCOM_SWC] Simple Wire Connection
/MasterClass/M143010027_ALU/Hws/HW1/gate_level/FLP_mul/Between/round1/timing.sdf, 1825
module: FLP_mul, "instance: testbench.test_module"
  SDF Warning: The path from   b to mult_31.U2114.B2 doesn't have a simple 
  wire connection, delay will still be annotated.


Warning-[SDFCOM_SWC] Simple Wire Connection
/MasterClass/M143010027_ALU/Hws/HW1/gate_level/FLP_mul/Between/round1/timing.sdf, 1827
module: FLP_mul, "instance: testbench.test_module"
  SDF Warning: The path from   b to mult_31.U2114.C2 doesn't have a simple 
  wire connection, delay will still be annotated.


Warning-[SDFCOM_SWC] Simple Wire Connection
/MasterClass/M143010027_ALU/Hws/HW1/gate_level/FLP_mul/Between/round1/timing.sdf, 1829
module: FLP_mul, "instance: testbench.test_module"
  SDF Warning: The path from   b to mult_31.U2113.A2 doesn't have a simple 
  wire connection, delay will still be annotated.


Warning-[SDFCOM_SWC] Simple Wire Connection
/MasterClass/M143010027_ALU/Hws/HW1/gate_level/FLP_mul/Between/round1/timing.sdf, 1831
module: FLP_mul, "instance: testbench.test_module"
  SDF Warning: The path from   b to mult_31.U2113.B2 doesn't have a simple 
  wire connection, delay will still be annotated.


Warning-[SDFCOM_SWC] Simple Wire Connection
/MasterClass/M143010027_ALU/Hws/HW1/gate_level/FLP_mul/Between/round1/timing.sdf, 1833
module: FLP_mul, "instance: testbench.test_module"
  SDF Warning: The path from   b to mult_31.U2113.C2 doesn't have a simple 
  wire connection, delay will still be annotated.


Warning-[SDFCOM_SWC] Simple Wire Connection
/MasterClass/M143010027_ALU/Hws/HW1/gate_level/FLP_mul/Between/round1/timing.sdf, 1843
module: FLP_mul, "instance: testbench.test_module"
  SDF Warning: The path from   b to mult_31.U2108.A2 doesn't have a simple 
  wire connection, delay will still be annotated.


Warning-[SDFCOM_SWC] Simple Wire Connection
/MasterClass/M143010027_ALU/Hws/HW1/gate_level/FLP_mul/Between/round1/timing.sdf, 1853
module: FLP_mul, "instance: testbench.test_module"
  SDF Warning: The path from   a to mult_31.U2104.A2 doesn't have a simple 
  wire connection, delay will still be annotated.


Warning-[SDFCOM_SWC] Simple Wire Connection
/MasterClass/M143010027_ALU/Hws/HW1/gate_level/FLP_mul/Between/round1/timing.sdf, 1855
module: FLP_mul, "instance: testbench.test_module"
  SDF Warning: The path from   a to mult_31.U2103.A2 doesn't have a simple 
  wire connection, delay will still be annotated.


Warning-[SDFCOM_SWC] Simple Wire Connection
/MasterClass/M143010027_ALU/Hws/HW1/gate_level/FLP_mul/Between/round1/timing.sdf, 1857
module: FLP_mul, "instance: testbench.test_module"
  SDF Warning: The path from   a to mult_31.U2102.A2 doesn't have a simple 
  wire connection, delay will still be annotated.


Warning-[SDFCOM_SWC] Simple Wire Connection
/MasterClass/M143010027_ALU/Hws/HW1/gate_level/FLP_mul/Between/round1/timing.sdf, 1859
module: FLP_mul, "instance: testbench.test_module"
  SDF Warning: The path from   a to mult_31.U2101.A2 doesn't have a simple 
  wire connection, delay will still be annotated.


Warning-[SDFCOM_SWC] Simple Wire Connection
/MasterClass/M143010027_ALU/Hws/HW1/gate_level/FLP_mul/Between/round1/timing.sdf, 1861
module: FLP_mul, "instance: testbench.test_module"
  SDF Warning: The path from   b to mult_31.U2100.A2 doesn't have a simple 
  wire connection, delay will still be annotated.


Warning-[SDFCOM_SWC] Simple Wire Connection
/MasterClass/M143010027_ALU/Hws/HW1/gate_level/FLP_mul/Between/round1/timing.sdf, 1864
module: FLP_mul, "instance: testbench.test_module"
  SDF Warning: The path from   a to mult_31.U2099.A2 doesn't have a simple 
  wire connection, delay will still be annotated.


Warning-[SDFCOM_SWC] Simple Wire Connection
/MasterClass/M143010027_ALU/Hws/HW1/gate_level/FLP_mul/Between/round1/timing.sdf, 1866
module: FLP_mul, "instance: testbench.test_module"
  SDF Warning: The path from   a to mult_31.U2098.A2 doesn't have a simple 
  wire connection, delay will still be annotated.


Warning-[SDFCOM_SWC] Simple Wire Connection
/MasterClass/M143010027_ALU/Hws/HW1/gate_level/FLP_mul/Between/round1/timing.sdf, 1868
module: FLP_mul, "instance: testbench.test_module"
  SDF Warning: The path from   a to mult_31.U2097.A2 doesn't have a simple 
  wire connection, delay will still be annotated.


Warning-[SDFCOM_SWC] Simple Wire Connection
/MasterClass/M143010027_ALU/Hws/HW1/gate_level/FLP_mul/Between/round1/timing.sdf, 1870
module: FLP_mul, "instance: testbench.test_module"
  SDF Warning: The path from   a to mult_31.U2096.A2 doesn't have a simple 
  wire connection, delay will still be annotated.


Warning-[SDFCOM_SWC] Simple Wire Connection
/MasterClass/M143010027_ALU/Hws/HW1/gate_level/FLP_mul/Between/round1/timing.sdf, 1872
module: FLP_mul, "instance: testbench.test_module"
  SDF Warning: The path from   a to mult_31.U2095.A2 doesn't have a simple 
  wire connection, delay will still be annotated.


Warning-[SDFCOM_SWC] Simple Wire Connection
/MasterClass/M143010027_ALU/Hws/HW1/gate_level/FLP_mul/Between/round1/timing.sdf, 1874
module: FLP_mul, "instance: testbench.test_module"
  SDF Warning: The path from   a to mult_31.U2094.A2 doesn't have a simple 
  wire connection, delay will still be annotated.


Warning-[SDFCOM_SWC] Simple Wire Connection
/MasterClass/M143010027_ALU/Hws/HW1/gate_level/FLP_mul/Between/round1/timing.sdf, 1876
module: FLP_mul, "instance: testbench.test_module"
  SDF Warning: The path from   a to mult_31.U2093.A2 doesn't have a simple 
  wire connection, delay will still be annotated.


Warning-[SDFCOM_SWC] Simple Wire Connection
/MasterClass/M143010027_ALU/Hws/HW1/gate_level/FLP_mul/Between/round1/timing.sdf, 1878
module: FLP_mul, "instance: testbench.test_module"
  SDF Warning: The path from   a to mult_31.U2092.A2 doesn't have a simple 
  wire connection, delay will still be annotated.


Warning-[SDFCOM_SWC] Simple Wire Connection
/MasterClass/M143010027_ALU/Hws/HW1/gate_level/FLP_mul/Between/round1/timing.sdf, 1880
module: FLP_mul, "instance: testbench.test_module"
  SDF Warning: The path from   a to mult_31.U2091.A2 doesn't have a simple 
  wire connection, delay will still be annotated.


Warning-[SDFCOM_SWC] Simple Wire Connection
/MasterClass/M143010027_ALU/Hws/HW1/gate_level/FLP_mul/Between/round1/timing.sdf, 1882
module: FLP_mul, "instance: testbench.test_module"
  SDF Warning: The path from   a to mult_31.U2090.A2 doesn't have a simple 
  wire connection, delay will still be annotated.


Warning-[SDFCOM_SWC] Simple Wire Connection
/MasterClass/M143010027_ALU/Hws/HW1/gate_level/FLP_mul/Between/round1/timing.sdf, 1884
module: FLP_mul, "instance: testbench.test_module"
  SDF Warning: The path from   a to mult_31.U2089.A2 doesn't have a simple 
  wire connection, delay will still be annotated.


Warning-[SDFCOM_SWC] Simple Wire Connection
/MasterClass/M143010027_ALU/Hws/HW1/gate_level/FLP_mul/Between/round1/timing.sdf, 1886
module: FLP_mul, "instance: testbench.test_module"
  SDF Warning: The path from   a to mult_31.U2088.A2 doesn't have a simple 
  wire connection, delay will still be annotated.


Warning-[SDFCOM_SWC] Simple Wire Connection
/MasterClass/M143010027_ALU/Hws/HW1/gate_level/FLP_mul/Between/round1/timing.sdf, 1888
module: FLP_mul, "instance: testbench.test_module"
  SDF Warning: The path from   a to mult_31.U2087.A2 doesn't have a simple 
  wire connection, delay will still be annotated.


Warning-[SDFCOM_SWC] Simple Wire Connection
/MasterClass/M143010027_ALU/Hws/HW1/gate_level/FLP_mul/Between/round1/timing.sdf, 1890
module: FLP_mul, "instance: testbench.test_module"
  SDF Warning: The path from   a to mult_31.U2086.A2 doesn't have a simple 
  wire connection, delay will still be annotated.


Warning-[SDFCOM_SWC] Simple Wire Connection
/MasterClass/M143010027_ALU/Hws/HW1/gate_level/FLP_mul/Between/round1/timing.sdf, 1911
module: FLP_mul, "instance: testbench.test_module"
  SDF Warning: The path from   a to mult_31.U2066.A2 doesn't have a simple 
  wire connection, delay will still be annotated.


Warning-[SDFCOM_SWC] Simple Wire Connection
/MasterClass/M143010027_ALU/Hws/HW1/gate_level/FLP_mul/Between/round1/timing.sdf, 1913
module: FLP_mul, "instance: testbench.test_module"
  SDF Warning: The path from   a to mult_31.U2065.A2 doesn't have a simple 
  wire connection, delay will still be annotated.


Warning-[SDFCOM_SWC] Simple Wire Connection
/MasterClass/M143010027_ALU/Hws/HW1/gate_level/FLP_mul/Between/round1/timing.sdf, 1915
module: FLP_mul, "instance: testbench.test_module"
  SDF Warning: The path from   a to mult_31.U2064.A2 doesn't have a simple 
  wire connection, delay will still be annotated.


Warning-[SDFCOM_SWC] Simple Wire Connection
/MasterClass/M143010027_ALU/Hws/HW1/gate_level/FLP_mul/Between/round1/timing.sdf, 1917
module: FLP_mul, "instance: testbench.test_module"
  SDF Warning: The path from   a to mult_31.U2063.A2 doesn't have a simple 
  wire connection, delay will still be annotated.


Warning-[SDFCOM_SWC] Simple Wire Connection
/MasterClass/M143010027_ALU/Hws/HW1/gate_level/FLP_mul/Between/round1/timing.sdf, 1923
module: FLP_mul, "instance: testbench.test_module"
  SDF Warning: The path from   b to mult_31.U2058.A2 doesn't have a simple 
  wire connection, delay will still be annotated.


Warning-[SDFCOM_SWC] Simple Wire Connection
/MasterClass/M143010027_ALU/Hws/HW1/gate_level/FLP_mul/Between/round1/timing.sdf, 1926
module: FLP_mul, "instance: testbench.test_module"
  SDF Warning: The path from   a to mult_31.U2057.A2 doesn't have a simple 
  wire connection, delay will still be annotated.


Warning-[SDFCOM_SWC] Simple Wire Connection
/MasterClass/M143010027_ALU/Hws/HW1/gate_level/FLP_mul/Between/round1/timing.sdf, 1928
module: FLP_mul, "instance: testbench.test_module"
  SDF Warning: The path from   a to mult_31.U2056.A2 doesn't have a simple 
  wire connection, delay will still be annotated.


Warning-[SDFCOM_SWC] Simple Wire Connection
/MasterClass/M143010027_ALU/Hws/HW1/gate_level/FLP_mul/Between/round1/timing.sdf, 1930
module: FLP_mul, "instance: testbench.test_module"
  SDF Warning: The path from   a to mult_31.U2055.A2 doesn't have a simple 
  wire connection, delay will still be annotated.


Warning-[SDFCOM_SWC] Simple Wire Connection
/MasterClass/M143010027_ALU/Hws/HW1/gate_level/FLP_mul/Between/round1/timing.sdf, 1932
module: FLP_mul, "instance: testbench.test_module"
  SDF Warning: The path from   b to mult_31.U2054.A2 doesn't have a simple 
  wire connection, delay will still be annotated.


Warning-[SDFCOM_SWC] Simple Wire Connection
/MasterClass/M143010027_ALU/Hws/HW1/gate_level/FLP_mul/Between/round1/timing.sdf, 1936
module: FLP_mul, "instance: testbench.test_module"
  SDF Warning: The path from   a to mult_31.U2052.A2 doesn't have a simple 
  wire connection, delay will still be annotated.


Warning-[SDFCOM_SWC] Simple Wire Connection
/MasterClass/M143010027_ALU/Hws/HW1/gate_level/FLP_mul/Between/round1/timing.sdf, 1938
module: FLP_mul, "instance: testbench.test_module"
  SDF Warning: The path from   a to mult_31.U2051.A2 doesn't have a simple 
  wire connection, delay will still be annotated.


Warning-[SDFCOM_SWC] Simple Wire Connection
/MasterClass/M143010027_ALU/Hws/HW1/gate_level/FLP_mul/Between/round1/timing.sdf, 1946
module: FLP_mul, "instance: testbench.test_module"
  SDF Warning: The path from   a to mult_31.U2047.A2 doesn't have a simple 
  wire connection, delay will still be annotated.


Warning-[SDFCOM_SWC] Simple Wire Connection
/MasterClass/M143010027_ALU/Hws/HW1/gate_level/FLP_mul/Between/round1/timing.sdf, 1967
module: FLP_mul, "instance: testbench.test_module"
  SDF Warning: The path from   a to mult_31.U2035.A2 doesn't have a simple 
  wire connection, delay will still be annotated.


Warning-[SDFCOM_SWC] Simple Wire Connection
/MasterClass/M143010027_ALU/Hws/HW1/gate_level/FLP_mul/Between/round1/timing.sdf, 1969
module: FLP_mul, "instance: testbench.test_module"
  SDF Warning: The path from   a to mult_31.U2034.A2 doesn't have a simple 
  wire connection, delay will still be annotated.


Warning-[SDFCOM_SWC] Simple Wire Connection
/MasterClass/M143010027_ALU/Hws/HW1/gate_level/FLP_mul/Between/round1/timing.sdf, 1975
module: FLP_mul, "instance: testbench.test_module"
  SDF Warning: The path from   a to mult_31.U2031.A2 doesn't have a simple 
  wire connection, delay will still be annotated.


Warning-[SDFCOM_SWC] Simple Wire Connection
/MasterClass/M143010027_ALU/Hws/HW1/gate_level/FLP_mul/Between/round1/timing.sdf, 1977
module: FLP_mul, "instance: testbench.test_module"
  SDF Warning: The path from   a to mult_31.U2030.A2 doesn't have a simple 
  wire connection, delay will still be annotated.


Warning-[SDFCOM_SWC] Simple Wire Connection
/MasterClass/M143010027_ALU/Hws/HW1/gate_level/FLP_mul/Between/round1/timing.sdf, 1981
module: FLP_mul, "instance: testbench.test_module"
  SDF Warning: The path from   a to mult_31.U2028.A2 doesn't have a simple 
  wire connection, delay will still be annotated.


Warning-[SDFCOM_SWC] Simple Wire Connection
/MasterClass/M143010027_ALU/Hws/HW1/gate_level/FLP_mul/Between/round1/timing.sdf, 1988
module: FLP_mul, "instance: testbench.test_module"
  SDF Warning: The path from   a to mult_31.U2025.A2 doesn't have a simple 
  wire connection, delay will still be annotated.


Warning-[SDFCOM_SWC] Simple Wire Connection
/MasterClass/M143010027_ALU/Hws/HW1/gate_level/FLP_mul/Between/round1/timing.sdf, 1990
module: FLP_mul, "instance: testbench.test_module"
  SDF Warning: The path from   a to mult_31.U2024.A2 doesn't have a simple 
  wire connection, delay will still be annotated.


Warning-[SDFCOM_SWC] Simple Wire Connection
/MasterClass/M143010027_ALU/Hws/HW1/gate_level/FLP_mul/Between/round1/timing.sdf, 1995
module: FLP_mul, "instance: testbench.test_module"
  SDF Warning: The path from   a to mult_31.U2022.A2 doesn't have a simple 
  wire connection, delay will still be annotated.


Warning-[SDFCOM_SWC] Simple Wire Connection
/MasterClass/M143010027_ALU/Hws/HW1/gate_level/FLP_mul/Between/round1/timing.sdf, 1997
module: FLP_mul, "instance: testbench.test_module"
  SDF Warning: The path from   a to mult_31.U2021.A2 doesn't have a simple 
  wire connection, delay will still be annotated.


Warning-[SDFCOM_SWC] Simple Wire Connection
/MasterClass/M143010027_ALU/Hws/HW1/gate_level/FLP_mul/Between/round1/timing.sdf, 1999
module: FLP_mul, "instance: testbench.test_module"
  SDF Warning: The path from   a to mult_31.U2020.A2 doesn't have a simple 
  wire connection, delay will still be annotated.


Warning-[SDFCOM_SWC] Simple Wire Connection
/MasterClass/M143010027_ALU/Hws/HW1/gate_level/FLP_mul/Between/round1/timing.sdf, 2001
module: FLP_mul, "instance: testbench.test_module"
  SDF Warning: The path from   a to mult_31.U2019.A2 doesn't have a simple 
  wire connection, delay will still be annotated.


Warning-[SDFCOM_SWC] Simple Wire Connection
/MasterClass/M143010027_ALU/Hws/HW1/gate_level/FLP_mul/Between/round1/timing.sdf, 2005
module: FLP_mul, "instance: testbench.test_module"
  SDF Warning: The path from   a to mult_31.U2017.A2 doesn't have a simple 
  wire connection, delay will still be annotated.


Warning-[SDFCOM_SWC] Simple Wire Connection
/MasterClass/M143010027_ALU/Hws/HW1/gate_level/FLP_mul/Between/round1/timing.sdf, 2007
module: FLP_mul, "instance: testbench.test_module"
  SDF Warning: The path from   a to mult_31.U2016.A2 doesn't have a simple 
  wire connection, delay will still be annotated.


Warning-[SDFCOM_SWC] Simple Wire Connection
/MasterClass/M143010027_ALU/Hws/HW1/gate_level/FLP_mul/Between/round1/timing.sdf, 2009
module: FLP_mul, "instance: testbench.test_module"
  SDF Warning: The path from   a to mult_31.U2015.A2 doesn't have a simple 
  wire connection, delay will still be annotated.


Warning-[SDFCOM_SWC] Simple Wire Connection
/MasterClass/M143010027_ALU/Hws/HW1/gate_level/FLP_mul/Between/round1/timing.sdf, 2015
module: FLP_mul, "instance: testbench.test_module"
  SDF Warning: The path from   a to mult_31.U2012.A2 doesn't have a simple 
  wire connection, delay will still be annotated.


Warning-[SDFCOM_SWC] Simple Wire Connection
/MasterClass/M143010027_ALU/Hws/HW1/gate_level/FLP_mul/Between/round1/timing.sdf, 2019
module: FLP_mul, "instance: testbench.test_module"
  SDF Warning: The path from   a to mult_31.U2009.A2 doesn't have a simple 
  wire connection, delay will still be annotated.


Warning-[SDFCOM_SWC] Simple Wire Connection
/MasterClass/M143010027_ALU/Hws/HW1/gate_level/FLP_mul/Between/round1/timing.sdf, 2021
module: FLP_mul, "instance: testbench.test_module"
  SDF Warning: The path from   a to mult_31.U2008.A2 doesn't have a simple 
  wire connection, delay will still be annotated.


Warning-[SDFCOM_SWC] Simple Wire Connection
/MasterClass/M143010027_ALU/Hws/HW1/gate_level/FLP_mul/Between/round1/timing.sdf, 2024
module: FLP_mul, "instance: testbench.test_module"
  SDF Warning: The path from   a to mult_31.U2006.A2 doesn't have a simple 
  wire connection, delay will still be annotated.


Warning-[SDFCOM_SWC] Simple Wire Connection
/MasterClass/M143010027_ALU/Hws/HW1/gate_level/FLP_mul/Between/round1/timing.sdf, 2026
module: FLP_mul, "instance: testbench.test_module"
  SDF Warning: The path from   a to mult_31.U2005.A2 doesn't have a simple 
  wire connection, delay will still be annotated.


Warning-[SDFCOM_SWC] Simple Wire Connection
/MasterClass/M143010027_ALU/Hws/HW1/gate_level/FLP_mul/Between/round1/timing.sdf, 2032
module: FLP_mul, "instance: testbench.test_module"
  SDF Warning: The path from   a to mult_31.U2002.A2 doesn't have a simple 
  wire connection, delay will still be annotated.


Warning-[SDFCOM_SWC] Simple Wire Connection
/MasterClass/M143010027_ALU/Hws/HW1/gate_level/FLP_mul/Between/round1/timing.sdf, 2034
module: FLP_mul, "instance: testbench.test_module"
  SDF Warning: The path from   a to mult_31.U2001.A2 doesn't have a simple 
  wire connection, delay will still be annotated.


Warning-[SDFCOM_SWC] Simple Wire Connection
/MasterClass/M143010027_ALU/Hws/HW1/gate_level/FLP_mul/Between/round1/timing.sdf, 2036
module: FLP_mul, "instance: testbench.test_module"
  SDF Warning: The path from   a to mult_31.U2000.A2 doesn't have a simple 
  wire connection, delay will still be annotated.


Warning-[SDFCOM_SWC] Simple Wire Connection
/MasterClass/M143010027_ALU/Hws/HW1/gate_level/FLP_mul/Between/round1/timing.sdf, 2040
module: FLP_mul, "instance: testbench.test_module"
  SDF Warning: The path from   a to mult_31.U1998.A2 doesn't have a simple 
  wire connection, delay will still be annotated.


Warning-[SDFCOM_SWC] Simple Wire Connection
/MasterClass/M143010027_ALU/Hws/HW1/gate_level/FLP_mul/Between/round1/timing.sdf, 2042
module: FLP_mul, "instance: testbench.test_module"
  SDF Warning: The path from   a to mult_31.U1997.A2 doesn't have a simple 
  wire connection, delay will still be annotated.


Warning-[SDFCOM_SWC] Simple Wire Connection
/MasterClass/M143010027_ALU/Hws/HW1/gate_level/FLP_mul/Between/round1/timing.sdf, 2044
module: FLP_mul, "instance: testbench.test_module"
  SDF Warning: The path from   a to mult_31.U1996.A2 doesn't have a simple 
  wire connection, delay will still be annotated.


Warning-[SDFCOM_SWC] Simple Wire Connection
/MasterClass/M143010027_ALU/Hws/HW1/gate_level/FLP_mul/Between/round1/timing.sdf, 2046
module: FLP_mul, "instance: testbench.test_module"
  SDF Warning: The path from   a to mult_31.U1995.A2 doesn't have a simple 
  wire connection, delay will still be annotated.


Warning-[SDFCOM_SWC] Simple Wire Connection
/MasterClass/M143010027_ALU/Hws/HW1/gate_level/FLP_mul/Between/round1/timing.sdf, 2048
module: FLP_mul, "instance: testbench.test_module"
  SDF Warning: The path from   a to mult_31.U1994.A2 doesn't have a simple 
  wire connection, delay will still be annotated.


Warning-[SDFCOM_SWC] Simple Wire Connection
/MasterClass/M143010027_ALU/Hws/HW1/gate_level/FLP_mul/Between/round1/timing.sdf, 2050
module: FLP_mul, "instance: testbench.test_module"
  SDF Warning: The path from   a to mult_31.U1993.A2 doesn't have a simple 
  wire connection, delay will still be annotated.


Warning-[SDFCOM_SWC] Simple Wire Connection
/MasterClass/M143010027_ALU/Hws/HW1/gate_level/FLP_mul/Between/round1/timing.sdf, 2052
module: FLP_mul, "instance: testbench.test_module"
  SDF Warning: The path from   a to mult_31.U1992.A2 doesn't have a simple 
  wire connection, delay will still be annotated.


Warning-[SDFCOM_SWC] Simple Wire Connection
/MasterClass/M143010027_ALU/Hws/HW1/gate_level/FLP_mul/Between/round1/timing.sdf, 2054
module: FLP_mul, "instance: testbench.test_module"
  SDF Warning: The path from   a to mult_31.U1991.A2 doesn't have a simple 
  wire connection, delay will still be annotated.


Warning-[SDFCOM_SWC] Simple Wire Connection
/MasterClass/M143010027_ALU/Hws/HW1/gate_level/FLP_mul/Between/round1/timing.sdf, 2056
module: FLP_mul, "instance: testbench.test_module"
  SDF Warning: The path from   a to mult_31.U1990.A2 doesn't have a simple 
  wire connection, delay will still be annotated.


Warning-[SDFCOM_SWC] Simple Wire Connection
/MasterClass/M143010027_ALU/Hws/HW1/gate_level/FLP_mul/Between/round1/timing.sdf, 2059
module: FLP_mul, "instance: testbench.test_module"
  SDF Warning: The path from   a to mult_31.U1988.A2 doesn't have a simple 
  wire connection, delay will still be annotated.


Warning-[SDFCOM_SWC] Simple Wire Connection
/MasterClass/M143010027_ALU/Hws/HW1/gate_level/FLP_mul/Between/round1/timing.sdf, 2061
module: FLP_mul, "instance: testbench.test_module"
  SDF Warning: The path from   a to mult_31.U1987.A2 doesn't have a simple 
  wire connection, delay will still be annotated.


Warning-[SDFCOM_SWC] Simple Wire Connection
/MasterClass/M143010027_ALU/Hws/HW1/gate_level/FLP_mul/Between/round1/timing.sdf, 2067
module: FLP_mul, "instance: testbench.test_module"
  SDF Warning: The path from   a to mult_31.U1984.A2 doesn't have a simple 
  wire connection, delay will still be annotated.


Warning-[SDFCOM_SWC] Simple Wire Connection
/MasterClass/M143010027_ALU/Hws/HW1/gate_level/FLP_mul/Between/round1/timing.sdf, 2069
module: FLP_mul, "instance: testbench.test_module"
  SDF Warning: The path from   a to mult_31.U1983.A2 doesn't have a simple 
  wire connection, delay will still be annotated.


Warning-[SDFCOM_SWC] Simple Wire Connection
/MasterClass/M143010027_ALU/Hws/HW1/gate_level/FLP_mul/Between/round1/timing.sdf, 2073
module: FLP_mul, "instance: testbench.test_module"
  SDF Warning: The path from   a to mult_31.U1981.A2 doesn't have a simple 
  wire connection, delay will still be annotated.


Warning-[SDFCOM_SWC] Simple Wire Connection
/MasterClass/M143010027_ALU/Hws/HW1/gate_level/FLP_mul/Between/round1/timing.sdf, 2075
module: FLP_mul, "instance: testbench.test_module"
  SDF Warning: The path from   a to mult_31.U1980.A2 doesn't have a simple 
  wire connection, delay will still be annotated.


Warning-[SDFCOM_SWC] Simple Wire Connection
/MasterClass/M143010027_ALU/Hws/HW1/gate_level/FLP_mul/Between/round1/timing.sdf, 2077
module: FLP_mul, "instance: testbench.test_module"
  SDF Warning: The path from   a to mult_31.U1979.A2 doesn't have a simple 
  wire connection, delay will still be annotated.


Warning-[SDFCOM_SWC] Simple Wire Connection
/MasterClass/M143010027_ALU/Hws/HW1/gate_level/FLP_mul/Between/round1/timing.sdf, 2079
module: FLP_mul, "instance: testbench.test_module"
  SDF Warning: The path from   b to mult_31.U1978.A2 doesn't have a simple 
  wire connection, delay will still be annotated.


Warning-[SDFCOM_SWC] Simple Wire Connection
/MasterClass/M143010027_ALU/Hws/HW1/gate_level/FLP_mul/Between/round1/timing.sdf, 2082
module: FLP_mul, "instance: testbench.test_module"
  SDF Warning: The path from   a to mult_31.U1977.A2 doesn't have a simple 
  wire connection, delay will still be annotated.


Warning-[SDFCOM_SWC] Simple Wire Connection
/MasterClass/M143010027_ALU/Hws/HW1/gate_level/FLP_mul/Between/round1/timing.sdf, 2086
module: FLP_mul, "instance: testbench.test_module"
  SDF Warning: The path from   a to mult_31.U1975.A2 doesn't have a simple 
  wire connection, delay will still be annotated.


Warning-[SDFCOM_SWC] Simple Wire Connection
/MasterClass/M143010027_ALU/Hws/HW1/gate_level/FLP_mul/Between/round1/timing.sdf, 2088
module: FLP_mul, "instance: testbench.test_module"
  SDF Warning: The path from   a to mult_31.U1974.A2 doesn't have a simple 
  wire connection, delay will still be annotated.


Warning-[SDFCOM_SWC] Simple Wire Connection
/MasterClass/M143010027_ALU/Hws/HW1/gate_level/FLP_mul/Between/round1/timing.sdf, 2090
module: FLP_mul, "instance: testbench.test_module"
  SDF Warning: The path from   a to mult_31.U1973.A2 doesn't have a simple 
  wire connection, delay will still be annotated.


Warning-[SDFCOM_SWC] Simple Wire Connection
/MasterClass/M143010027_ALU/Hws/HW1/gate_level/FLP_mul/Between/round1/timing.sdf, 2092
module: FLP_mul, "instance: testbench.test_module"
  SDF Warning: The path from   a to mult_31.U1972.A2 doesn't have a simple 
  wire connection, delay will still be annotated.


Warning-[SDFCOM_SWC] Simple Wire Connection
/MasterClass/M143010027_ALU/Hws/HW1/gate_level/FLP_mul/Between/round1/timing.sdf, 2094
module: FLP_mul, "instance: testbench.test_module"
  SDF Warning: The path from   a to mult_31.U1971.A2 doesn't have a simple 
  wire connection, delay will still be annotated.


Warning-[SDFCOM_SWC] Simple Wire Connection
/MasterClass/M143010027_ALU/Hws/HW1/gate_level/FLP_mul/Between/round1/timing.sdf, 2096
module: FLP_mul, "instance: testbench.test_module"
  SDF Warning: The path from   a to mult_31.U1970.A2 doesn't have a simple 
  wire connection, delay will still be annotated.


Warning-[SDFCOM_SWC] Simple Wire Connection
/MasterClass/M143010027_ALU/Hws/HW1/gate_level/FLP_mul/Between/round1/timing.sdf, 2098
module: FLP_mul, "instance: testbench.test_module"
  SDF Warning: The path from   a to mult_31.U1969.A2 doesn't have a simple 
  wire connection, delay will still be annotated.


Warning-[SDFCOM_SWC] Simple Wire Connection
/MasterClass/M143010027_ALU/Hws/HW1/gate_level/FLP_mul/Between/round1/timing.sdf, 2100
module: FLP_mul, "instance: testbench.test_module"
  SDF Warning: The path from   a to mult_31.U1968.A2 doesn't have a simple 
  wire connection, delay will still be annotated.


Warning-[SDFCOM_SWC] Simple Wire Connection
/MasterClass/M143010027_ALU/Hws/HW1/gate_level/FLP_mul/Between/round1/timing.sdf, 2104
module: FLP_mul, "instance: testbench.test_module"
  SDF Warning: The path from   a to mult_31.U1966.A2 doesn't have a simple 
  wire connection, delay will still be annotated.


Warning-[SDFCOM_SWC] Simple Wire Connection
/MasterClass/M143010027_ALU/Hws/HW1/gate_level/FLP_mul/Between/round1/timing.sdf, 2106
module: FLP_mul, "instance: testbench.test_module"
  SDF Warning: The path from   a to mult_31.U1965.A2 doesn't have a simple 
  wire connection, delay will still be annotated.


Warning-[SDFCOM_SWC] Simple Wire Connection
/MasterClass/M143010027_ALU/Hws/HW1/gate_level/FLP_mul/Between/round1/timing.sdf, 2108
module: FLP_mul, "instance: testbench.test_module"
  SDF Warning: The path from   a to mult_31.U1964.A2 doesn't have a simple 
  wire connection, delay will still be annotated.


Warning-[SDFCOM_SWC] Simple Wire Connection
/MasterClass/M143010027_ALU/Hws/HW1/gate_level/FLP_mul/Between/round1/timing.sdf, 2110
module: FLP_mul, "instance: testbench.test_module"
  SDF Warning: The path from   a to mult_31.U1963.A2 doesn't have a simple 
  wire connection, delay will still be annotated.


Warning-[SDFCOM_SWC] Simple Wire Connection
/MasterClass/M143010027_ALU/Hws/HW1/gate_level/FLP_mul/Between/round1/timing.sdf, 2117
module: FLP_mul, "instance: testbench.test_module"
  SDF Warning: The path from   a to mult_31.U1960.A2 doesn't have a simple 
  wire connection, delay will still be annotated.


Warning-[SDFCOM_SWC] Simple Wire Connection
/MasterClass/M143010027_ALU/Hws/HW1/gate_level/FLP_mul/Between/round1/timing.sdf, 2124
module: FLP_mul, "instance: testbench.test_module"
  SDF Warning: The path from   a to mult_31.U1957.A2 doesn't have a simple 
  wire connection, delay will still be annotated.


Warning-[SDFCOM_SWC] Simple Wire Connection
/MasterClass/M143010027_ALU/Hws/HW1/gate_level/FLP_mul/Between/round1/timing.sdf, 2126
module: FLP_mul, "instance: testbench.test_module"
  SDF Warning: The path from   a to mult_31.U1956.A2 doesn't have a simple 
  wire connection, delay will still be annotated.


Warning-[SDFCOM_SWC] Simple Wire Connection
/MasterClass/M143010027_ALU/Hws/HW1/gate_level/FLP_mul/Between/round1/timing.sdf, 2132
module: FLP_mul, "instance: testbench.test_module"
  SDF Warning: The path from   a to mult_31.U1953.A2 doesn't have a simple 
  wire connection, delay will still be annotated.


Warning-[SDFCOM_SWC] Simple Wire Connection
/MasterClass/M143010027_ALU/Hws/HW1/gate_level/FLP_mul/Between/round1/timing.sdf, 2134
module: FLP_mul, "instance: testbench.test_module"
  SDF Warning: The path from   a to mult_31.U1952.A2 doesn't have a simple 
  wire connection, delay will still be annotated.


Warning-[SDFCOM_SWC] Simple Wire Connection
/MasterClass/M143010027_ALU/Hws/HW1/gate_level/FLP_mul/Between/round1/timing.sdf, 2136
module: FLP_mul, "instance: testbench.test_module"
  SDF Warning: The path from   a to mult_31.U1951.A2 doesn't have a simple 
  wire connection, delay will still be annotated.


Warning-[SDFCOM_SWC] Simple Wire Connection
/MasterClass/M143010027_ALU/Hws/HW1/gate_level/FLP_mul/Between/round1/timing.sdf, 2138
module: FLP_mul, "instance: testbench.test_module"
  SDF Warning: The path from   a to mult_31.U1950.A2 doesn't have a simple 
  wire connection, delay will still be annotated.


Warning-[SDFCOM_SWC] Simple Wire Connection
/MasterClass/M143010027_ALU/Hws/HW1/gate_level/FLP_mul/Between/round1/timing.sdf, 2142
module: FLP_mul, "instance: testbench.test_module"
  SDF Warning: The path from   a to mult_31.U1948.A2 doesn't have a simple 
  wire connection, delay will still be annotated.


Warning-[SDFCOM_SWC] Simple Wire Connection
/MasterClass/M143010027_ALU/Hws/HW1/gate_level/FLP_mul/Between/round1/timing.sdf, 2144
module: FLP_mul, "instance: testbench.test_module"
  SDF Warning: The path from   a to mult_31.U1947.A2 doesn't have a simple 
  wire connection, delay will still be annotated.


Warning-[SDFCOM_SWC] Simple Wire Connection
/MasterClass/M143010027_ALU/Hws/HW1/gate_level/FLP_mul/Between/round1/timing.sdf, 2146
module: FLP_mul, "instance: testbench.test_module"
  SDF Warning: The path from   a to mult_31.U1946.A2 doesn't have a simple 
  wire connection, delay will still be annotated.


Warning-[SDFCOM_SWC] Simple Wire Connection
/MasterClass/M143010027_ALU/Hws/HW1/gate_level/FLP_mul/Between/round1/timing.sdf, 2150
module: FLP_mul, "instance: testbench.test_module"
  SDF Warning: The path from   a to mult_31.U1944.A2 doesn't have a simple 
  wire connection, delay will still be annotated.


Warning-[SDFCOM_SWC] Simple Wire Connection
/MasterClass/M143010027_ALU/Hws/HW1/gate_level/FLP_mul/Between/round1/timing.sdf, 2152
module: FLP_mul, "instance: testbench.test_module"
  SDF Warning: The path from   a to mult_31.U1943.A2 doesn't have a simple 
  wire connection, delay will still be annotated.


Warning-[SDFCOM_SWC] Simple Wire Connection
/MasterClass/M143010027_ALU/Hws/HW1/gate_level/FLP_mul/Between/round1/timing.sdf, 2154
module: FLP_mul, "instance: testbench.test_module"
  SDF Warning: The path from   a to mult_31.U1942.A2 doesn't have a simple 
  wire connection, delay will still be annotated.


Warning-[SDFCOM_SWC] Simple Wire Connection
/MasterClass/M143010027_ALU/Hws/HW1/gate_level/FLP_mul/Between/round1/timing.sdf, 2156
module: FLP_mul, "instance: testbench.test_module"
  SDF Warning: The path from   a to mult_31.U1941.A2 doesn't have a simple 
  wire connection, delay will still be annotated.


Warning-[SDFCOM_SWC] Simple Wire Connection
/MasterClass/M143010027_ALU/Hws/HW1/gate_level/FLP_mul/Between/round1/timing.sdf, 2158
module: FLP_mul, "instance: testbench.test_module"
  SDF Warning: The path from   a to mult_31.U1940.A2 doesn't have a simple 
  wire connection, delay will still be annotated.


Warning-[SDFCOM_SWC] Simple Wire Connection
/MasterClass/M143010027_ALU/Hws/HW1/gate_level/FLP_mul/Between/round1/timing.sdf, 2160
module: FLP_mul, "instance: testbench.test_module"
  SDF Warning: The path from   a to mult_31.U1939.A2 doesn't have a simple 
  wire connection, delay will still be annotated.


Warning-[SDFCOM_SWC] Simple Wire Connection
/MasterClass/M143010027_ALU/Hws/HW1/gate_level/FLP_mul/Between/round1/timing.sdf, 2165
module: FLP_mul, "instance: testbench.test_module"
  SDF Warning: The path from   a to mult_31.U1936.A2 doesn't have a simple 
  wire connection, delay will still be annotated.


Warning-[SDFCOM_SWC] Simple Wire Connection
/MasterClass/M143010027_ALU/Hws/HW1/gate_level/FLP_mul/Between/round1/timing.sdf, 2167
module: FLP_mul, "instance: testbench.test_module"
  SDF Warning: The path from   a to mult_31.U1935.A2 doesn't have a simple 
  wire connection, delay will still be annotated.


Warning-[SDFCOM_SWC] Simple Wire Connection
/MasterClass/M143010027_ALU/Hws/HW1/gate_level/FLP_mul/Between/round1/timing.sdf, 2169
module: FLP_mul, "instance: testbench.test_module"
  SDF Warning: The path from   a to mult_31.U1934.A2 doesn't have a simple 
  wire connection, delay will still be annotated.


Warning-[SDFCOM_SWC] Simple Wire Connection
/MasterClass/M143010027_ALU/Hws/HW1/gate_level/FLP_mul/Between/round1/timing.sdf, 2171
module: FLP_mul, "instance: testbench.test_module"
  SDF Warning: The path from   a to mult_31.U1933.A2 doesn't have a simple 
  wire connection, delay will still be annotated.


Warning-[SDFCOM_SWC] Simple Wire Connection
/MasterClass/M143010027_ALU/Hws/HW1/gate_level/FLP_mul/Between/round1/timing.sdf, 2173
module: FLP_mul, "instance: testbench.test_module"
  SDF Warning: The path from   a to mult_31.U1932.A2 doesn't have a simple 
  wire connection, delay will still be annotated.


Warning-[SDFCOM_SWC] Simple Wire Connection
/MasterClass/M143010027_ALU/Hws/HW1/gate_level/FLP_mul/Between/round1/timing.sdf, 2177
module: FLP_mul, "instance: testbench.test_module"
  SDF Warning: The path from   a to mult_31.U1930.A2 doesn't have a simple 
  wire connection, delay will still be annotated.


Warning-[SDFCOM_SWC] Simple Wire Connection
/MasterClass/M143010027_ALU/Hws/HW1/gate_level/FLP_mul/Between/round1/timing.sdf, 2179
module: FLP_mul, "instance: testbench.test_module"
  SDF Warning: The path from   a to mult_31.U1929.A2 doesn't have a simple 
  wire connection, delay will still be annotated.


Warning-[SDFCOM_SWC] Simple Wire Connection
/MasterClass/M143010027_ALU/Hws/HW1/gate_level/FLP_mul/Between/round1/timing.sdf, 2181
module: FLP_mul, "instance: testbench.test_module"
  SDF Warning: The path from   a to mult_31.U1928.A2 doesn't have a simple 
  wire connection, delay will still be annotated.


Warning-[SDFCOM_SWC] Simple Wire Connection
/MasterClass/M143010027_ALU/Hws/HW1/gate_level/FLP_mul/Between/round1/timing.sdf, 2183
module: FLP_mul, "instance: testbench.test_module"
  SDF Warning: The path from   a to mult_31.U1927.A2 doesn't have a simple 
  wire connection, delay will still be annotated.


Warning-[SDFCOM_SWC] Simple Wire Connection
/MasterClass/M143010027_ALU/Hws/HW1/gate_level/FLP_mul/Between/round1/timing.sdf, 2185
module: FLP_mul, "instance: testbench.test_module"
  SDF Warning: The path from   a to mult_31.U1926.A2 doesn't have a simple 
  wire connection, delay will still be annotated.


Warning-[SDFCOM_SWC] Simple Wire Connection
/MasterClass/M143010027_ALU/Hws/HW1/gate_level/FLP_mul/Between/round1/timing.sdf, 2187
module: FLP_mul, "instance: testbench.test_module"
  SDF Warning: The path from   a to mult_31.U1925.A2 doesn't have a simple 
  wire connection, delay will still be annotated.


Warning-[SDFCOM_SWC] Simple Wire Connection
/MasterClass/M143010027_ALU/Hws/HW1/gate_level/FLP_mul/Between/round1/timing.sdf, 2189
module: FLP_mul, "instance: testbench.test_module"
  SDF Warning: The path from   a to mult_31.U1924.A2 doesn't have a simple 
  wire connection, delay will still be annotated.


Warning-[SDFCOM_SWC] Simple Wire Connection
/MasterClass/M143010027_ALU/Hws/HW1/gate_level/FLP_mul/Between/round1/timing.sdf, 2192
module: FLP_mul, "instance: testbench.test_module"
  SDF Warning: The path from   b to mult_31.U1922.A1 doesn't have a simple 
  wire connection, delay will still be annotated.


Warning-[SDFCOM_SWC] Simple Wire Connection
/MasterClass/M143010027_ALU/Hws/HW1/gate_level/FLP_mul/Between/round1/timing.sdf, 2193
module: FLP_mul, "instance: testbench.test_module"
  SDF Warning: The path from   b to mult_31.U1922.A2 doesn't have a simple 
  wire connection, delay will still be annotated.


Warning-[SDFCOM_SWC] Simple Wire Connection
/MasterClass/M143010027_ALU/Hws/HW1/gate_level/FLP_mul/Between/round1/timing.sdf, 2196
module: FLP_mul, "instance: testbench.test_module"
  SDF Warning: The path from   a to mult_31.U1920.A2 doesn't have a simple 
  wire connection, delay will still be annotated.


Warning-[SDFCOM_SWC] Simple Wire Connection
/MasterClass/M143010027_ALU/Hws/HW1/gate_level/FLP_mul/Between/round1/timing.sdf, 2198
module: FLP_mul, "instance: testbench.test_module"
  SDF Warning: The path from   a to mult_31.U1919.A2 doesn't have a simple 
  wire connection, delay will still be annotated.


Warning-[SDFCOM_SWC] Simple Wire Connection
/MasterClass/M143010027_ALU/Hws/HW1/gate_level/FLP_mul/Between/round1/timing.sdf, 2200
module: FLP_mul, "instance: testbench.test_module"
  SDF Warning: The path from   a to mult_31.U1918.A2 doesn't have a simple 
  wire connection, delay will still be annotated.


Warning-[SDFCOM_SWC] Simple Wire Connection
/MasterClass/M143010027_ALU/Hws/HW1/gate_level/FLP_mul/Between/round1/timing.sdf, 2204
module: FLP_mul, "instance: testbench.test_module"
  SDF Warning: The path from   a to mult_31.U1916.A2 doesn't have a simple 
  wire connection, delay will still be annotated.


Warning-[SDFCOM_SWC] Simple Wire Connection
/MasterClass/M143010027_ALU/Hws/HW1/gate_level/FLP_mul/Between/round1/timing.sdf, 2206
module: FLP_mul, "instance: testbench.test_module"
  SDF Warning: The path from   a to mult_31.U1915.A2 doesn't have a simple 
  wire connection, delay will still be annotated.


Warning-[SDFCOM_SWC] Simple Wire Connection
/MasterClass/M143010027_ALU/Hws/HW1/gate_level/FLP_mul/Between/round1/timing.sdf, 2216
module: FLP_mul, "instance: testbench.test_module"
  SDF Warning: The path from   a to mult_31.U1911.A2 doesn't have a simple 
  wire connection, delay will still be annotated.


Warning-[SDFCOM_SWC] Simple Wire Connection
/MasterClass/M143010027_ALU/Hws/HW1/gate_level/FLP_mul/Between/round1/timing.sdf, 2218
module: FLP_mul, "instance: testbench.test_module"
  SDF Warning: The path from   a to mult_31.U1910.A2 doesn't have a simple 
  wire connection, delay will still be annotated.


Warning-[SDFCOM_SWC] Simple Wire Connection
/MasterClass/M143010027_ALU/Hws/HW1/gate_level/FLP_mul/Between/round1/timing.sdf, 2220
module: FLP_mul, "instance: testbench.test_module"
  SDF Warning: The path from   a to mult_31.U1909.A2 doesn't have a simple 
  wire connection, delay will still be annotated.


Warning-[SDFCOM_SWC] Simple Wire Connection
/MasterClass/M143010027_ALU/Hws/HW1/gate_level/FLP_mul/Between/round1/timing.sdf, 2222
module: FLP_mul, "instance: testbench.test_module"
  SDF Warning: The path from   a to mult_31.U1908.A2 doesn't have a simple 
  wire connection, delay will still be annotated.


Warning-[SDFCOM_SWC] Simple Wire Connection
/MasterClass/M143010027_ALU/Hws/HW1/gate_level/FLP_mul/Between/round1/timing.sdf, 2224
module: FLP_mul, "instance: testbench.test_module"
  SDF Warning: The path from   a to mult_31.U1907.A2 doesn't have a simple 
  wire connection, delay will still be annotated.


Warning-[SDFCOM_SWC] Simple Wire Connection
/MasterClass/M143010027_ALU/Hws/HW1/gate_level/FLP_mul/Between/round1/timing.sdf, 2228
module: FLP_mul, "instance: testbench.test_module"
  SDF Warning: The path from   a to mult_31.U1905.A2 doesn't have a simple 
  wire connection, delay will still be annotated.


Warning-[SDFCOM_SWC] Simple Wire Connection
/MasterClass/M143010027_ALU/Hws/HW1/gate_level/FLP_mul/Between/round1/timing.sdf, 2230
module: FLP_mul, "instance: testbench.test_module"
  SDF Warning: The path from   a to mult_31.U1904.A2 doesn't have a simple 
  wire connection, delay will still be annotated.


Warning-[SDFCOM_SWC] Simple Wire Connection
/MasterClass/M143010027_ALU/Hws/HW1/gate_level/FLP_mul/Between/round1/timing.sdf, 2232
module: FLP_mul, "instance: testbench.test_module"
  SDF Warning: The path from   a to mult_31.U1903.A2 doesn't have a simple 
  wire connection, delay will still be annotated.


Warning-[SDFCOM_SWC] Simple Wire Connection
/MasterClass/M143010027_ALU/Hws/HW1/gate_level/FLP_mul/Between/round1/timing.sdf, 2234
module: FLP_mul, "instance: testbench.test_module"
  SDF Warning: The path from   a to mult_31.U1902.A2 doesn't have a simple 
  wire connection, delay will still be annotated.


Warning-[SDFCOM_SWC] Simple Wire Connection
/MasterClass/M143010027_ALU/Hws/HW1/gate_level/FLP_mul/Between/round1/timing.sdf, 2236
module: FLP_mul, "instance: testbench.test_module"
  SDF Warning: The path from   a to mult_31.U1901.A2 doesn't have a simple 
  wire connection, delay will still be annotated.


Warning-[SDFCOM_SWC] Simple Wire Connection
/MasterClass/M143010027_ALU/Hws/HW1/gate_level/FLP_mul/Between/round1/timing.sdf, 2238
module: FLP_mul, "instance: testbench.test_module"
  SDF Warning: The path from   a to mult_31.U1900.A2 doesn't have a simple 
  wire connection, delay will still be annotated.


Warning-[SDFCOM_SWC] Simple Wire Connection
/MasterClass/M143010027_ALU/Hws/HW1/gate_level/FLP_mul/Between/round1/timing.sdf, 2240
module: FLP_mul, "instance: testbench.test_module"
  SDF Warning: The path from   a to mult_31.U1899.A2 doesn't have a simple 
  wire connection, delay will still be annotated.


Warning-[SDFCOM_SWC] Simple Wire Connection
/MasterClass/M143010027_ALU/Hws/HW1/gate_level/FLP_mul/Between/round1/timing.sdf, 2242
module: FLP_mul, "instance: testbench.test_module"
  SDF Warning: The path from   a to mult_31.U1898.A2 doesn't have a simple 
  wire connection, delay will still be annotated.


Warning-[SDFCOM_SWC] Simple Wire Connection
/MasterClass/M143010027_ALU/Hws/HW1/gate_level/FLP_mul/Between/round1/timing.sdf, 2244
module: FLP_mul, "instance: testbench.test_module"
  SDF Warning: The path from   a to mult_31.U1897.A2 doesn't have a simple 
  wire connection, delay will still be annotated.


Warning-[SDFCOM_SWC] Simple Wire Connection
/MasterClass/M143010027_ALU/Hws/HW1/gate_level/FLP_mul/Between/round1/timing.sdf, 2246
module: FLP_mul, "instance: testbench.test_module"
  SDF Warning: The path from   a to mult_31.U1896.A2 doesn't have a simple 
  wire connection, delay will still be annotated.


Warning-[SDFCOM_SWC] Simple Wire Connection
/MasterClass/M143010027_ALU/Hws/HW1/gate_level/FLP_mul/Between/round1/timing.sdf, 2248
module: FLP_mul, "instance: testbench.test_module"
  SDF Warning: The path from   a to mult_31.U1895.A2 doesn't have a simple 
  wire connection, delay will still be annotated.


Warning-[SDFCOM_SWC] Simple Wire Connection
/MasterClass/M143010027_ALU/Hws/HW1/gate_level/FLP_mul/Between/round1/timing.sdf, 2250
module: FLP_mul, "instance: testbench.test_module"
  SDF Warning: The path from   a to mult_31.U1894.A2 doesn't have a simple 
  wire connection, delay will still be annotated.


Warning-[SDFCOM_SWC] Simple Wire Connection
/MasterClass/M143010027_ALU/Hws/HW1/gate_level/FLP_mul/Between/round1/timing.sdf, 2252
module: FLP_mul, "instance: testbench.test_module"
  SDF Warning: The path from   a to mult_31.U1893.A2 doesn't have a simple 
  wire connection, delay will still be annotated.


Warning-[SDFCOM_SWC] Simple Wire Connection
/MasterClass/M143010027_ALU/Hws/HW1/gate_level/FLP_mul/Between/round1/timing.sdf, 2257
module: FLP_mul, "instance: testbench.test_module"
  SDF Warning: The path from   a to mult_31.U1891.A2 doesn't have a simple 
  wire connection, delay will still be annotated.


Warning-[SDFCOM_SWC] Simple Wire Connection
/MasterClass/M143010027_ALU/Hws/HW1/gate_level/FLP_mul/Between/round1/timing.sdf, 2259
module: FLP_mul, "instance: testbench.test_module"
  SDF Warning: The path from   a to mult_31.U1890.A2 doesn't have a simple 
  wire connection, delay will still be annotated.


Warning-[SDFCOM_SWC] Simple Wire Connection
/MasterClass/M143010027_ALU/Hws/HW1/gate_level/FLP_mul/Between/round1/timing.sdf, 2261
module: FLP_mul, "instance: testbench.test_module"
  SDF Warning: The path from   a to mult_31.U1889.A2 doesn't have a simple 
  wire connection, delay will still be annotated.


Warning-[SDFCOM_SWC] Simple Wire Connection
/MasterClass/M143010027_ALU/Hws/HW1/gate_level/FLP_mul/Between/round1/timing.sdf, 2263
module: FLP_mul, "instance: testbench.test_module"
  SDF Warning: The path from   a to mult_31.U1888.A2 doesn't have a simple 
  wire connection, delay will still be annotated.


Warning-[SDFCOM_SWC] Simple Wire Connection
/MasterClass/M143010027_ALU/Hws/HW1/gate_level/FLP_mul/Between/round1/timing.sdf, 2265
module: FLP_mul, "instance: testbench.test_module"
  SDF Warning: The path from   a to mult_31.U1887.A2 doesn't have a simple 
  wire connection, delay will still be annotated.


Warning-[SDFCOM_SWC] Simple Wire Connection
/MasterClass/M143010027_ALU/Hws/HW1/gate_level/FLP_mul/Between/round1/timing.sdf, 2267
module: FLP_mul, "instance: testbench.test_module"
  SDF Warning: The path from   a to mult_31.U1886.A2 doesn't have a simple 
  wire connection, delay will still be annotated.


Warning-[SDFCOM_SWC] Simple Wire Connection
/MasterClass/M143010027_ALU/Hws/HW1/gate_level/FLP_mul/Between/round1/timing.sdf, 2272
module: FLP_mul, "instance: testbench.test_module"
  SDF Warning: The path from   a to mult_31.U1884.A2 doesn't have a simple 
  wire connection, delay will still be annotated.


Warning-[SDFCOM_SWC] Simple Wire Connection
/MasterClass/M143010027_ALU/Hws/HW1/gate_level/FLP_mul/Between/round1/timing.sdf, 2274
module: FLP_mul, "instance: testbench.test_module"
  SDF Warning: The path from   a to mult_31.U1883.A2 doesn't have a simple 
  wire connection, delay will still be annotated.


Warning-[SDFCOM_SWC] Simple Wire Connection
/MasterClass/M143010027_ALU/Hws/HW1/gate_level/FLP_mul/Between/round1/timing.sdf, 2279
module: FLP_mul, "instance: testbench.test_module"
  SDF Warning: The path from   a to mult_31.U1881.A2 doesn't have a simple 
  wire connection, delay will still be annotated.


Warning-[SDFCOM_SWC] Simple Wire Connection
/MasterClass/M143010027_ALU/Hws/HW1/gate_level/FLP_mul/Between/round1/timing.sdf, 2281
module: FLP_mul, "instance: testbench.test_module"
  SDF Warning: The path from   a to mult_31.U1880.A2 doesn't have a simple 
  wire connection, delay will still be annotated.


Warning-[SDFCOM_SWC] Simple Wire Connection
/MasterClass/M143010027_ALU/Hws/HW1/gate_level/FLP_mul/Between/round1/timing.sdf, 2283
module: FLP_mul, "instance: testbench.test_module"
  SDF Warning: The path from   a to mult_31.U1879.A2 doesn't have a simple 
  wire connection, delay will still be annotated.


Warning-[SDFCOM_SWC] Simple Wire Connection
/MasterClass/M143010027_ALU/Hws/HW1/gate_level/FLP_mul/Between/round1/timing.sdf, 2285
module: FLP_mul, "instance: testbench.test_module"
  SDF Warning: The path from   a to mult_31.U1878.A2 doesn't have a simple 
  wire connection, delay will still be annotated.


Warning-[SDFCOM_SWC] Simple Wire Connection
/MasterClass/M143010027_ALU/Hws/HW1/gate_level/FLP_mul/Between/round1/timing.sdf, 2287
module: FLP_mul, "instance: testbench.test_module"
  SDF Warning: The path from   a to mult_31.U1877.A2 doesn't have a simple 
  wire connection, delay will still be annotated.


Warning-[SDFCOM_SWC] Simple Wire Connection
/MasterClass/M143010027_ALU/Hws/HW1/gate_level/FLP_mul/Between/round1/timing.sdf, 2289
module: FLP_mul, "instance: testbench.test_module"
  SDF Warning: The path from   a to mult_31.U1876.A2 doesn't have a simple 
  wire connection, delay will still be annotated.


Warning-[SDFCOM_SWC] Simple Wire Connection
/MasterClass/M143010027_ALU/Hws/HW1/gate_level/FLP_mul/Between/round1/timing.sdf, 2294
module: FLP_mul, "instance: testbench.test_module"
  SDF Warning: The path from   a to mult_31.U1874.A2 doesn't have a simple 
  wire connection, delay will still be annotated.


Warning-[SDFCOM_SWC] Simple Wire Connection
/MasterClass/M143010027_ALU/Hws/HW1/gate_level/FLP_mul/Between/round1/timing.sdf, 2296
module: FLP_mul, "instance: testbench.test_module"
  SDF Warning: The path from   a to mult_31.U1873.A2 doesn't have a simple 
  wire connection, delay will still be annotated.


Warning-[SDFCOM_SWC] Simple Wire Connection
/MasterClass/M143010027_ALU/Hws/HW1/gate_level/FLP_mul/Between/round1/timing.sdf, 2298
module: FLP_mul, "instance: testbench.test_module"
  SDF Warning: The path from   a to mult_31.U1872.A2 doesn't have a simple 
  wire connection, delay will still be annotated.


Warning-[SDFCOM_SWC] Simple Wire Connection
/MasterClass/M143010027_ALU/Hws/HW1/gate_level/FLP_mul/Between/round1/timing.sdf, 2303
module: FLP_mul, "instance: testbench.test_module"
  SDF Warning: The path from   a to mult_31.U1870.A2 doesn't have a simple 
  wire connection, delay will still be annotated.


Warning-[SDFCOM_SWC] Simple Wire Connection
/MasterClass/M143010027_ALU/Hws/HW1/gate_level/FLP_mul/Between/round1/timing.sdf, 2305
module: FLP_mul, "instance: testbench.test_module"
  SDF Warning: The path from   a to mult_31.U1869.A2 doesn't have a simple 
  wire connection, delay will still be annotated.


Warning-[SDFCOM_SWC] Simple Wire Connection
/MasterClass/M143010027_ALU/Hws/HW1/gate_level/FLP_mul/Between/round1/timing.sdf, 2307
module: FLP_mul, "instance: testbench.test_module"
  SDF Warning: The path from   a to mult_31.U1868.A2 doesn't have a simple 
  wire connection, delay will still be annotated.


Warning-[SDFCOM_SWC] Simple Wire Connection
/MasterClass/M143010027_ALU/Hws/HW1/gate_level/FLP_mul/Between/round1/timing.sdf, 2608
module: FLP_mul, "instance: testbench.test_module"
  SDF Warning: The path from   a to mult_31.U1714.A2 doesn't have a simple 
  wire connection, delay will still be annotated.


Warning-[SDFCOM_SWC] Simple Wire Connection
/MasterClass/M143010027_ALU/Hws/HW1/gate_level/FLP_mul/Between/round1/timing.sdf, 2613
module: FLP_mul, "instance: testbench.test_module"
  SDF Warning: The path from   b to mult_31.U1712.A2 doesn't have a simple 
  wire connection, delay will still be annotated.


Warning-[SDFCOM_SWC] Simple Wire Connection
/MasterClass/M143010027_ALU/Hws/HW1/gate_level/FLP_mul/Between/round1/timing.sdf, 2615
module: FLP_mul, "instance: testbench.test_module"
  SDF Warning: The path from   b to mult_31.U1712.B2 doesn't have a simple 
  wire connection, delay will still be annotated.


Warning-[SDFCOM_SWC] Simple Wire Connection
/MasterClass/M143010027_ALU/Hws/HW1/gate_level/FLP_mul/Between/round1/timing.sdf, 2620
module: FLP_mul, "instance: testbench.test_module"
  SDF Warning: The path from   b to mult_31.U1710.A2 doesn't have a simple 
  wire connection, delay will still be annotated.


Warning-[SDFCOM_SWC] Simple Wire Connection
/MasterClass/M143010027_ALU/Hws/HW1/gate_level/FLP_mul/Between/round1/timing.sdf, 2628
module: FLP_mul, "instance: testbench.test_module"
  SDF Warning: The path from   b to mult_31.U1707.A2 doesn't have a simple 
  wire connection, delay will still be annotated.


Warning-[SDFCOM_SWC] Simple Wire Connection
/MasterClass/M143010027_ALU/Hws/HW1/gate_level/FLP_mul/Between/round1/timing.sdf, 2630
module: FLP_mul, "instance: testbench.test_module"
  SDF Warning: The path from   b to mult_31.U1707.B2 doesn't have a simple 
  wire connection, delay will still be annotated.


Warning-[SDFCOM_SWC] Simple Wire Connection
/MasterClass/M143010027_ALU/Hws/HW1/gate_level/FLP_mul/Between/round1/timing.sdf, 2632
module: FLP_mul, "instance: testbench.test_module"
  SDF Warning: The path from   b to mult_31.U1706.A2 doesn't have a simple 
  wire connection, delay will still be annotated.


Warning-[SDFCOM_SWC] Simple Wire Connection
/MasterClass/M143010027_ALU/Hws/HW1/gate_level/FLP_mul/Between/round1/timing.sdf, 2634
module: FLP_mul, "instance: testbench.test_module"
  SDF Warning: The path from   b to mult_31.U1706.B2 doesn't have a simple 
  wire connection, delay will still be annotated.


Warning-[SDFCOM_SWC] Simple Wire Connection
/MasterClass/M143010027_ALU/Hws/HW1/gate_level/FLP_mul/Between/round1/timing.sdf, 2636
module: FLP_mul, "instance: testbench.test_module"
  SDF Warning: The path from   b to mult_31.U1705.A2 doesn't have a simple 
  wire connection, delay will still be annotated.


Warning-[SDFCOM_SWC] Simple Wire Connection
/MasterClass/M143010027_ALU/Hws/HW1/gate_level/FLP_mul/Between/round1/timing.sdf, 2638
module: FLP_mul, "instance: testbench.test_module"
  SDF Warning: The path from   b to mult_31.U1704.A2 doesn't have a simple 
  wire connection, delay will still be annotated.


Warning-[SDFCOM_SWC] Simple Wire Connection
/MasterClass/M143010027_ALU/Hws/HW1/gate_level/FLP_mul/Between/round1/timing.sdf, 2640
module: FLP_mul, "instance: testbench.test_module"
  SDF Warning: The path from   b to mult_31.U1704.B2 doesn't have a simple 
  wire connection, delay will still be annotated.


Warning-[SDFCOM_SWC] Simple Wire Connection
/MasterClass/M143010027_ALU/Hws/HW1/gate_level/FLP_mul/Between/round1/timing.sdf, 2645
module: FLP_mul, "instance: testbench.test_module"
  SDF Warning: The path from   b to mult_31.U1702.A2 doesn't have a simple 
  wire connection, delay will still be annotated.


Warning-[SDFCOM_SWC] Simple Wire Connection
/MasterClass/M143010027_ALU/Hws/HW1/gate_level/FLP_mul/Between/round1/timing.sdf, 2652
module: FLP_mul, "instance: testbench.test_module"
  SDF Warning: The path from   b to mult_31.U1699.A2 doesn't have a simple 
  wire connection, delay will still be annotated.


Warning-[SDFCOM_SWC] Simple Wire Connection
/MasterClass/M143010027_ALU/Hws/HW1/gate_level/FLP_mul/Between/round1/timing.sdf, 2654
module: FLP_mul, "instance: testbench.test_module"
  SDF Warning: The path from   b to mult_31.U1699.B2 doesn't have a simple 
  wire connection, delay will still be annotated.


Warning-[SDFCOM_SWC] Simple Wire Connection
/MasterClass/M143010027_ALU/Hws/HW1/gate_level/FLP_mul/Between/round1/timing.sdf, 2656
module: FLP_mul, "instance: testbench.test_module"
  SDF Warning: The path from   b to mult_31.U1698.A2 doesn't have a simple 
  wire connection, delay will still be annotated.


Warning-[SDFCOM_SWC] Simple Wire Connection
/MasterClass/M143010027_ALU/Hws/HW1/gate_level/FLP_mul/Between/round1/timing.sdf, 2658
module: FLP_mul, "instance: testbench.test_module"
  SDF Warning: The path from   b to mult_31.U1697.A2 doesn't have a simple 
  wire connection, delay will still be annotated.


Warning-[SDFCOM_SWC] Simple Wire Connection
/MasterClass/M143010027_ALU/Hws/HW1/gate_level/FLP_mul/Between/round1/timing.sdf, 2660
module: FLP_mul, "instance: testbench.test_module"
  SDF Warning: The path from   b to mult_31.U1697.B2 doesn't have a simple 
  wire connection, delay will still be annotated.


Warning-[SDFCOM_SWC] Simple Wire Connection
/MasterClass/M143010027_ALU/Hws/HW1/gate_level/FLP_mul/Between/round1/timing.sdf, 2668
module: FLP_mul, "instance: testbench.test_module"
  SDF Warning: The path from   b to mult_31.U1693.A2 doesn't have a simple 
  wire connection, delay will still be annotated.


Warning-[SDFCOM_SWC] Simple Wire Connection
/MasterClass/M143010027_ALU/Hws/HW1/gate_level/FLP_mul/Between/round1/timing.sdf, 2674
module: FLP_mul, "instance: testbench.test_module"
  SDF Warning: The path from   b to mult_31.U1690.A2 doesn't have a simple 
  wire connection, delay will still be annotated.


Warning-[SDFCOM_SWC] Simple Wire Connection
/MasterClass/M143010027_ALU/Hws/HW1/gate_level/FLP_mul/Between/round1/timing.sdf, 2676
module: FLP_mul, "instance: testbench.test_module"
  SDF Warning: The path from   b to mult_31.U1689.A2 doesn't have a simple 
  wire connection, delay will still be annotated.


Warning-[SDFCOM_SWC] Simple Wire Connection
/MasterClass/M143010027_ALU/Hws/HW1/gate_level/FLP_mul/Between/round1/timing.sdf, 2688
module: FLP_mul, "instance: testbench.test_module"
  SDF Warning: The path from   a to mult_31.U1683.A2 doesn't have a simple 
  wire connection, delay will still be annotated.


Warning-[SDFCOM_SWC] Simple Wire Connection
/MasterClass/M143010027_ALU/Hws/HW1/gate_level/FLP_mul/Between/round1/timing.sdf, 2704
module: FLP_mul, "instance: testbench.test_module"
  SDF Warning: The path from   b to mult_31.U1674.A1 doesn't have a simple 
  wire connection, delay will still be annotated.


Warning-[SDFCOM_SWC] Simple Wire Connection
/MasterClass/M143010027_ALU/Hws/HW1/gate_level/FLP_mul/Between/round1/timing.sdf, 2705
module: FLP_mul, "instance: testbench.test_module"
  SDF Warning: The path from   b to mult_31.U1674.A2 doesn't have a simple 
  wire connection, delay will still be annotated.


Warning-[SDFCOM_SWC] Simple Wire Connection
/MasterClass/M143010027_ALU/Hws/HW1/gate_level/FLP_mul/Between/round1/timing.sdf, 2706
module: FLP_mul, "instance: testbench.test_module"
  SDF Warning: The path from   b to mult_31.U1667.A1 doesn't have a simple 
  wire connection, delay will still be annotated.


Warning-[SDFCOM_SWC] Simple Wire Connection
/MasterClass/M143010027_ALU/Hws/HW1/gate_level/FLP_mul/Between/round1/timing.sdf, 2707
module: FLP_mul, "instance: testbench.test_module"
  SDF Warning: The path from   b to mult_31.U1667.A2 doesn't have a simple 
  wire connection, delay will still be annotated.


Warning-[SDFCOM_SWC] Simple Wire Connection
/MasterClass/M143010027_ALU/Hws/HW1/gate_level/FLP_mul/Between/round1/timing.sdf, 2713
module: FLP_mul, "instance: testbench.test_module"
  SDF Warning: The path from   b to mult_31.U1661.A1 doesn't have a simple 
  wire connection, delay will still be annotated.


Warning-[SDFCOM_SWC] Simple Wire Connection
/MasterClass/M143010027_ALU/Hws/HW1/gate_level/FLP_mul/Between/round1/timing.sdf, 2714
module: FLP_mul, "instance: testbench.test_module"
  SDF Warning: The path from   b to mult_31.U1661.A2 doesn't have a simple 
  wire connection, delay will still be annotated.


Warning-[SDFCOM_SWC] Simple Wire Connection
/MasterClass/M143010027_ALU/Hws/HW1/gate_level/FLP_mul/Between/round1/timing.sdf, 2720
module: FLP_mul, "instance: testbench.test_module"
  SDF Warning: The path from   b to mult_31.U1652.A1 doesn't have a simple 
  wire connection, delay will still be annotated.


Warning-[SDFCOM_SWC] Simple Wire Connection
/MasterClass/M143010027_ALU/Hws/HW1/gate_level/FLP_mul/Between/round1/timing.sdf, 2721
module: FLP_mul, "instance: testbench.test_module"
  SDF Warning: The path from   b to mult_31.U1652.A2 doesn't have a simple 
  wire connection, delay will still be annotated.


Warning-[SDFCOM_SWC] Simple Wire Connection
/MasterClass/M143010027_ALU/Hws/HW1/gate_level/FLP_mul/Between/round1/timing.sdf, 2724
module: FLP_mul, "instance: testbench.test_module"
  SDF Warning: The path from   b to mult_31.U1644.A1 doesn't have a simple 
  wire connection, delay will still be annotated.


Warning-[SDFCOM_SWC] Simple Wire Connection
/MasterClass/M143010027_ALU/Hws/HW1/gate_level/FLP_mul/Between/round1/timing.sdf, 2725
module: FLP_mul, "instance: testbench.test_module"
  SDF Warning: The path from   b to mult_31.U1644.A2 doesn't have a simple 
  wire connection, delay will still be annotated.


Warning-[SDFCOM_SWC] Simple Wire Connection
/MasterClass/M143010027_ALU/Hws/HW1/gate_level/FLP_mul/Between/round1/timing.sdf, 2731
module: FLP_mul, "instance: testbench.test_module"
  SDF Warning: The path from   b to mult_31.U1636.A1 doesn't have a simple 
  wire connection, delay will still be annotated.


Warning-[SDFCOM_SWC] Simple Wire Connection
/MasterClass/M143010027_ALU/Hws/HW1/gate_level/FLP_mul/Between/round1/timing.sdf, 2732
module: FLP_mul, "instance: testbench.test_module"
  SDF Warning: The path from   b to mult_31.U1636.A2 doesn't have a simple 
  wire connection, delay will still be annotated.


Warning-[SDFCOM_SWC] Simple Wire Connection
/MasterClass/M143010027_ALU/Hws/HW1/gate_level/FLP_mul/Between/round1/timing.sdf, 2738
module: FLP_mul, "instance: testbench.test_module"
  SDF Warning: The path from   b to mult_31.U1630.A1 doesn't have a simple 
  wire connection, delay will still be annotated.


Warning-[SDFCOM_SWC] Simple Wire Connection
/MasterClass/M143010027_ALU/Hws/HW1/gate_level/FLP_mul/Between/round1/timing.sdf, 2739
module: FLP_mul, "instance: testbench.test_module"
  SDF Warning: The path from   b to mult_31.U1630.A2 doesn't have a simple 
  wire connection, delay will still be annotated.


Warning-[SDFCOM_SWC] Simple Wire Connection
/MasterClass/M143010027_ALU/Hws/HW1/gate_level/FLP_mul/Between/round1/timing.sdf, 2750
module: FLP_mul, "instance: testbench.test_module"
  SDF Warning: The path from   b to mult_31.U1619.A1 doesn't have a simple 
  wire connection, delay will still be annotated.


Warning-[SDFCOM_SWC] Simple Wire Connection
/MasterClass/M143010027_ALU/Hws/HW1/gate_level/FLP_mul/Between/round1/timing.sdf, 2751
module: FLP_mul, "instance: testbench.test_module"
  SDF Warning: The path from   b to mult_31.U1619.A2 doesn't have a simple 
  wire connection, delay will still be annotated.


Warning-[SDFCOM_SWC] Simple Wire Connection
/MasterClass/M143010027_ALU/Hws/HW1/gate_level/FLP_mul/Between/round1/timing.sdf, 2757
module: FLP_mul, "instance: testbench.test_module"
  SDF Warning: The path from   b to mult_31.U1613.A1 doesn't have a simple 
  wire connection, delay will still be annotated.


Warning-[SDFCOM_SWC] Simple Wire Connection
/MasterClass/M143010027_ALU/Hws/HW1/gate_level/FLP_mul/Between/round1/timing.sdf, 2758
module: FLP_mul, "instance: testbench.test_module"
  SDF Warning: The path from   b to mult_31.U1613.A2 doesn't have a simple 
  wire connection, delay will still be annotated.


Warning-[SDFCOM_SWC] Simple Wire Connection
/MasterClass/M143010027_ALU/Hws/HW1/gate_level/FLP_mul/Between/round1/timing.sdf, 2767
module: FLP_mul, "instance: testbench.test_module"
  SDF Warning: The path from   b to mult_31.U1603.A1 doesn't have a simple 
  wire connection, delay will still be annotated.


Warning-[SDFCOM_SWC] Simple Wire Connection
/MasterClass/M143010027_ALU/Hws/HW1/gate_level/FLP_mul/Between/round1/timing.sdf, 2768
module: FLP_mul, "instance: testbench.test_module"
  SDF Warning: The path from   b to mult_31.U1603.A2 doesn't have a simple 
  wire connection, delay will still be annotated.


Warning-[SDFCOM_SWC] Simple Wire Connection
/MasterClass/M143010027_ALU/Hws/HW1/gate_level/FLP_mul/Between/round1/timing.sdf, 2771
module: FLP_mul, "instance: testbench.test_module"
  SDF Warning: The path from   b to mult_31.U1595.A1 doesn't have a simple 
  wire connection, delay will still be annotated.


Warning-[SDFCOM_SWC] Simple Wire Connection
/MasterClass/M143010027_ALU/Hws/HW1/gate_level/FLP_mul/Between/round1/timing.sdf, 2772
module: FLP_mul, "instance: testbench.test_module"
  SDF Warning: The path from   b to mult_31.U1595.A2 doesn't have a simple 
  wire connection, delay will still be annotated.


Warning-[SDFCOM_SWC] Simple Wire Connection
/MasterClass/M143010027_ALU/Hws/HW1/gate_level/FLP_mul/Between/round1/timing.sdf, 2783
module: FLP_mul, "instance: testbench.test_module"
  SDF Warning: The path from   b to mult_31.U1581.A1 doesn't have a simple 
  wire connection, delay will still be annotated.


Warning-[SDFCOM_SWC] Simple Wire Connection
/MasterClass/M143010027_ALU/Hws/HW1/gate_level/FLP_mul/Between/round1/timing.sdf, 2784
module: FLP_mul, "instance: testbench.test_module"
  SDF Warning: The path from   b to mult_31.U1581.A2 doesn't have a simple 
  wire connection, delay will still be annotated.


Warning-[SDFCOM_SWC] Simple Wire Connection
/MasterClass/M143010027_ALU/Hws/HW1/gate_level/FLP_mul/Between/round1/timing.sdf, 2787
module: FLP_mul, "instance: testbench.test_module"
  SDF Warning: The path from   b to mult_31.U1573.A1 doesn't have a simple 
  wire connection, delay will still be annotated.


Warning-[SDFCOM_SWC] Simple Wire Connection
/MasterClass/M143010027_ALU/Hws/HW1/gate_level/FLP_mul/Between/round1/timing.sdf, 2788
module: FLP_mul, "instance: testbench.test_module"
  SDF Warning: The path from   b to mult_31.U1573.A2 doesn't have a simple 
  wire connection, delay will still be annotated.


Warning-[SDFCOM_SWC] Simple Wire Connection
/MasterClass/M143010027_ALU/Hws/HW1/gate_level/FLP_mul/Between/round1/timing.sdf, 2799
module: FLP_mul, "instance: testbench.test_module"
  SDF Warning: The path from   b to mult_31.U1561.A1 doesn't have a simple 
  wire connection, delay will still be annotated.


Warning-[SDFCOM_SWC] Simple Wire Connection
/MasterClass/M143010027_ALU/Hws/HW1/gate_level/FLP_mul/Between/round1/timing.sdf, 2800
module: FLP_mul, "instance: testbench.test_module"
  SDF Warning: The path from   b to mult_31.U1561.A2 doesn't have a simple 
  wire connection, delay will still be annotated.


Warning-[SDFCOM_SWC] Simple Wire Connection
/MasterClass/M143010027_ALU/Hws/HW1/gate_level/FLP_mul/Between/round1/timing.sdf, 2803
module: FLP_mul, "instance: testbench.test_module"
  SDF Warning: The path from   b to mult_31.U1553.A1 doesn't have a simple 
  wire connection, delay will still be annotated.


Warning-[SDFCOM_SWC] Simple Wire Connection
/MasterClass/M143010027_ALU/Hws/HW1/gate_level/FLP_mul/Between/round1/timing.sdf, 2804
module: FLP_mul, "instance: testbench.test_module"
  SDF Warning: The path from   b to mult_31.U1553.A2 doesn't have a simple 
  wire connection, delay will still be annotated.


Warning-[SDFCOM_SWC] Simple Wire Connection
/MasterClass/M143010027_ALU/Hws/HW1/gate_level/FLP_mul/Between/round1/timing.sdf, 2815
module: FLP_mul, "instance: testbench.test_module"
  SDF Warning: The path from   b to mult_31.U1540.A1 doesn't have a simple 
  wire connection, delay will still be annotated.


Warning-[SDFCOM_SWC] Simple Wire Connection
/MasterClass/M143010027_ALU/Hws/HW1/gate_level/FLP_mul/Between/round1/timing.sdf, 2816
module: FLP_mul, "instance: testbench.test_module"
  SDF Warning: The path from   b to mult_31.U1540.A2 doesn't have a simple 
  wire connection, delay will still be annotated.


Warning-[SDFCOM_SWC] Simple Wire Connection
/MasterClass/M143010027_ALU/Hws/HW1/gate_level/FLP_mul/Between/round1/timing.sdf, 2819
module: FLP_mul, "instance: testbench.test_module"
  SDF Warning: The path from   b to mult_31.U1532.A1 doesn't have a simple 
  wire connection, delay will still be annotated.


Warning-[SDFCOM_SWC] Simple Wire Connection
/MasterClass/M143010027_ALU/Hws/HW1/gate_level/FLP_mul/Between/round1/timing.sdf, 2820
module: FLP_mul, "instance: testbench.test_module"
  SDF Warning: The path from   b to mult_31.U1532.A2 doesn't have a simple 
  wire connection, delay will still be annotated.


Warning-[SDFCOM_SWC] Simple Wire Connection
/MasterClass/M143010027_ALU/Hws/HW1/gate_level/FLP_mul/Between/round1/timing.sdf, 2829
module: FLP_mul, "instance: testbench.test_module"
  SDF Warning: The path from   b to mult_31.U1522.A1 doesn't have a simple 
  wire connection, delay will still be annotated.


Warning-[SDFCOM_SWC] Simple Wire Connection
/MasterClass/M143010027_ALU/Hws/HW1/gate_level/FLP_mul/Between/round1/timing.sdf, 2830
module: FLP_mul, "instance: testbench.test_module"
  SDF Warning: The path from   b to mult_31.U1522.A2 doesn't have a simple 
  wire connection, delay will still be annotated.


Warning-[SDFCOM_SWC] Simple Wire Connection
/MasterClass/M143010027_ALU/Hws/HW1/gate_level/FLP_mul/Between/round1/timing.sdf, 2833
module: FLP_mul, "instance: testbench.test_module"
  SDF Warning: The path from   b to mult_31.U1514.A1 doesn't have a simple 
  wire connection, delay will still be annotated.


Warning-[SDFCOM_SWC] Simple Wire Connection
/MasterClass/M143010027_ALU/Hws/HW1/gate_level/FLP_mul/Between/round1/timing.sdf, 2834
module: FLP_mul, "instance: testbench.test_module"
  SDF Warning: The path from   b to mult_31.U1514.A2 doesn't have a simple 
  wire connection, delay will still be annotated.


Warning-[SDFCOM_SWC] Simple Wire Connection
/MasterClass/M143010027_ALU/Hws/HW1/gate_level/FLP_mul/Between/round1/timing.sdf, 2845
module: FLP_mul, "instance: testbench.test_module"
  SDF Warning: The path from   b to mult_31.U1504.A1 doesn't have a simple 
  wire connection, delay will still be annotated.


Warning-[SDFCOM_SWC] Simple Wire Connection
/MasterClass/M143010027_ALU/Hws/HW1/gate_level/FLP_mul/Between/round1/timing.sdf, 2846
module: FLP_mul, "instance: testbench.test_module"
  SDF Warning: The path from   b to mult_31.U1504.A2 doesn't have a simple 
  wire connection, delay will still be annotated.


Warning-[SDFCOM_SWC] Simple Wire Connection
/MasterClass/M143010027_ALU/Hws/HW1/gate_level/FLP_mul/Between/round1/timing.sdf, 2849
module: FLP_mul, "instance: testbench.test_module"
  SDF Warning: The path from   b to mult_31.U1496.A1 doesn't have a simple 
  wire connection, delay will still be annotated.


Warning-[SDFCOM_SWC] Simple Wire Connection
/MasterClass/M143010027_ALU/Hws/HW1/gate_level/FLP_mul/Between/round1/timing.sdf, 2850
module: FLP_mul, "instance: testbench.test_module"
  SDF Warning: The path from   b to mult_31.U1496.A2 doesn't have a simple 
  wire connection, delay will still be annotated.


Warning-[SDFCOM_SWC] Simple Wire Connection
/MasterClass/M143010027_ALU/Hws/HW1/gate_level/FLP_mul/Between/round1/timing.sdf, 2856
module: FLP_mul, "instance: testbench.test_module"
  SDF Warning: The path from   b to mult_31.U1488.A1 doesn't have a simple 
  wire connection, delay will still be annotated.


Warning-[SDFCOM_SWC] Simple Wire Connection
/MasterClass/M143010027_ALU/Hws/HW1/gate_level/FLP_mul/Between/round1/timing.sdf, 2857
module: FLP_mul, "instance: testbench.test_module"
  SDF Warning: The path from   b to mult_31.U1488.A2 doesn't have a simple 
  wire connection, delay will still be annotated.


Warning-[SDFCOM_SWC] Simple Wire Connection
/MasterClass/M143010027_ALU/Hws/HW1/gate_level/FLP_mul/Between/round1/timing.sdf, 2935
module: FLP_mul, "instance: testbench.test_module"
  SDF Warning: The path from   b to mult_31.U1292.A2 doesn't have a simple 
  wire connection, delay will still be annotated.


Warning-[SDFCOM_SWC] Simple Wire Connection
/MasterClass/M143010027_ALU/Hws/HW1/gate_level/FLP_mul/Between/round1/timing.sdf, 3016
module: FLP_mul, "instance: testbench.test_module"
  SDF Warning: The path from   b to mult_31.U1209.A2 doesn't have a simple 
  wire connection, delay will still be annotated.


Warning-[SDFCOM_SWC] Simple Wire Connection
/MasterClass/M143010027_ALU/Hws/HW1/gate_level/FLP_mul/Between/round1/timing.sdf, 3097
module: FLP_mul, "instance: testbench.test_module"
  SDF Warning: The path from   b to mult_31.U1126.A2 doesn't have a simple 
  wire connection, delay will still be annotated.


Warning-[SDFCOM_SWC] Simple Wire Connection
/MasterClass/M143010027_ALU/Hws/HW1/gate_level/FLP_mul/Between/round1/timing.sdf, 3178
module: FLP_mul, "instance: testbench.test_module"
  SDF Warning: The path from   b to mult_31.U1043.A2 doesn't have a simple 
  wire connection, delay will still be annotated.


Warning-[SDFCOM_SWC] Simple Wire Connection
/MasterClass/M143010027_ALU/Hws/HW1/gate_level/FLP_mul/Between/round1/timing.sdf, 3259
module: FLP_mul, "instance: testbench.test_module"
  SDF Warning: The path from   b to mult_31.U960.A2 doesn't have a simple wire
  connection, delay will still be annotated.


Warning-[SDFCOM_SWC] Simple Wire Connection
/MasterClass/M143010027_ALU/Hws/HW1/gate_level/FLP_mul/Between/round1/timing.sdf, 3340
module: FLP_mul, "instance: testbench.test_module"
  SDF Warning: The path from   b to mult_31.U877.A2 doesn't have a simple wire
  connection, delay will still be annotated.


Warning-[SDFCOM_SWC] Simple Wire Connection
/MasterClass/M143010027_ALU/Hws/HW1/gate_level/FLP_mul/Between/round1/timing.sdf, 3421
module: FLP_mul, "instance: testbench.test_module"
  SDF Warning: The path from   b to mult_31.U794.A2 doesn't have a simple wire
  connection, delay will still be annotated.


Warning-[SDFCOM_SWC] Simple Wire Connection
/MasterClass/M143010027_ALU/Hws/HW1/gate_level/FLP_mul/Between/round1/timing.sdf, 3436
module: FLP_mul, "instance: testbench.test_module"
  SDF Warning: The path from   b to mult_31.U711.A2 doesn't have a simple wire
  connection, delay will still be annotated.


Warning-[SDFCOM_SWC] Simple Wire Connection
/MasterClass/M143010027_ALU/Hws/HW1/gate_level/FLP_mul/Between/round1/timing.sdf, 3438
module: FLP_mul, "instance: testbench.test_module"
  SDF Warning: The path from   a to mult_31.U677.A doesn't have a simple wire 
  connection, delay will still be annotated.


Warning-[SDFCOM_SWC] Simple Wire Connection
/MasterClass/M143010027_ALU/Hws/HW1/gate_level/FLP_mul/Between/round1/timing.sdf, 3444
module: FLP_mul, "instance: testbench.test_module"
  SDF Warning: The path from   a to mult_31.U674.A doesn't have a simple wire 
  connection, delay will still be annotated.


Warning-[SDFCOM_SWC] Simple Wire Connection
/MasterClass/M143010027_ALU/Hws/HW1/gate_level/FLP_mul/Between/round1/timing.sdf, 3459
module: FLP_mul, "instance: testbench.test_module"
  SDF Warning: The path from   a to mult_31.U668.A doesn't have a simple wire 
  connection, delay will still be annotated.


Warning-[SDFCOM_SWC] Simple Wire Connection
/MasterClass/M143010027_ALU/Hws/HW1/gate_level/FLP_mul/Between/round1/timing.sdf, 3483
module: FLP_mul, "instance: testbench.test_module"
  SDF Warning: The path from   a to mult_31.U659.A doesn't have a simple wire 
  connection, delay will still be annotated.


Warning-[SDFCOM_SWC] Simple Wire Connection
/MasterClass/M143010027_ALU/Hws/HW1/gate_level/FLP_mul/Between/round1/timing.sdf, 3516
module: FLP_mul, "instance: testbench.test_module"
  SDF Warning: The path from   a to mult_31.U647.A doesn't have a simple wire 
  connection, delay will still be annotated.


Warning-[SDFCOM_SWC] Simple Wire Connection
/MasterClass/M143010027_ALU/Hws/HW1/gate_level/FLP_mul/Between/round1/timing.sdf, 3558
module: FLP_mul, "instance: testbench.test_module"
  SDF Warning: The path from   a to mult_31.U632.A doesn't have a simple wire 
  connection, delay will still be annotated.


Warning-[SDFCOM_SWC] Simple Wire Connection
/MasterClass/M143010027_ALU/Hws/HW1/gate_level/FLP_mul/Between/round1/timing.sdf, 3667
module: FLP_mul, "instance: testbench.test_module"
  SDF Warning: The path from   b to mult_31.U593.A doesn't have a simple wire 
  connection, delay will still be annotated.


Warning-[SDFCOM_SWC] Simple Wire Connection
/MasterClass/M143010027_ALU/Hws/HW1/gate_level/FLP_mul/Between/round1/timing.sdf, 3688
module: FLP_mul, "instance: testbench.test_module"
  SDF Warning: The path from   b to mult_31.U586.A doesn't have a simple wire 
  connection, delay will still be annotated.


Warning-[SDFCOM_SWC] Simple Wire Connection
/MasterClass/M143010027_ALU/Hws/HW1/gate_level/FLP_mul/Between/round1/timing.sdf, 3709
module: FLP_mul, "instance: testbench.test_module"
  SDF Warning: The path from   a to mult_31.U579.A doesn't have a simple wire 
  connection, delay will still be annotated.


Warning-[SDFCOM_SWC] Simple Wire Connection
/MasterClass/M143010027_ALU/Hws/HW1/gate_level/FLP_mul/Between/round1/timing.sdf, 3710
module: FLP_mul, "instance: testbench.test_module"
  SDF Warning: The path from   b to mult_31.U579.B doesn't have a simple wire 
  connection, delay will still be annotated.


Warning-[SDFCOM_SWC] Simple Wire Connection
/MasterClass/M143010027_ALU/Hws/HW1/gate_level/FLP_mul/Between/round1/timing.sdf, 3730
module: FLP_mul, "instance: testbench.test_module"
  SDF Warning: The path from   a to mult_31.U572.A doesn't have a simple wire 
  connection, delay will still be annotated.


Warning-[SDFCOM_SWC] Simple Wire Connection
/MasterClass/M143010027_ALU/Hws/HW1/gate_level/FLP_mul/Between/round1/timing.sdf, 3731
module: FLP_mul, "instance: testbench.test_module"
  SDF Warning: The path from   b to mult_31.U572.B doesn't have a simple wire 
  connection, delay will still be annotated.


Warning-[SDFCOM_SWC] Simple Wire Connection
/MasterClass/M143010027_ALU/Hws/HW1/gate_level/FLP_mul/Between/round1/timing.sdf, 3751
module: FLP_mul, "instance: testbench.test_module"
  SDF Warning: The path from   a to mult_31.U565.A doesn't have a simple wire 
  connection, delay will still be annotated.


Warning-[SDFCOM_SWC] Simple Wire Connection
/MasterClass/M143010027_ALU/Hws/HW1/gate_level/FLP_mul/Between/round1/timing.sdf, 3752
module: FLP_mul, "instance: testbench.test_module"
  SDF Warning: The path from   b to mult_31.U565.B doesn't have a simple wire 
  connection, delay will still be annotated.


Warning-[SDFCOM_SWC] Simple Wire Connection
/MasterClass/M143010027_ALU/Hws/HW1/gate_level/FLP_mul/Between/round1/timing.sdf, 3774
module: FLP_mul, "instance: testbench.test_module"
  SDF Warning: The path from   b to mult_31.U558.CI doesn't have a simple wire
  connection, delay will still be annotated.


Warning-[SDFCOM_SWC] Simple Wire Connection
/MasterClass/M143010027_ALU/Hws/HW1/gate_level/FLP_mul/Between/round1/timing.sdf, 3811
module: FLP_mul, "instance: testbench.test_module"
  SDF Warning: The path from   b to mult_31.U543.A doesn't have a simple wire 
  connection, delay will still be annotated.


Warning-[SDFCOM_SWC] Simple Wire Connection
/MasterClass/M143010027_ALU/Hws/HW1/gate_level/FLP_mul/Between/round1/timing.sdf, 3830
module: FLP_mul, "instance: testbench.test_module"
  SDF Warning: The path from   b to mult_31.U537.B doesn't have a simple wire 
  connection, delay will still be annotated.


Warning-[SDFCOM_SWC] Simple Wire Connection
/MasterClass/M143010027_ALU/Hws/HW1/gate_level/FLP_mul/Between/round1/timing.sdf, 3831
module: FLP_mul, "instance: testbench.test_module"
  SDF Warning: The path from   b to mult_31.U537.CI doesn't have a simple wire
  connection, delay will still be annotated.


Warning-[SDFCOM_SWC] Simple Wire Connection
/MasterClass/M143010027_ALU/Hws/HW1/gate_level/FLP_mul/Between/round1/timing.sdf, 3862
module: FLP_mul, "instance: testbench.test_module"
  SDF Warning: The path from   b to mult_31.U524.A doesn't have a simple wire 
  connection, delay will still be annotated.


Warning-[SDFCOM_SWC] Simple Wire Connection
/MasterClass/M143010027_ALU/Hws/HW1/gate_level/FLP_mul/Between/round1/timing.sdf, 3878
module: FLP_mul, "instance: testbench.test_module"
  SDF Warning: The path from   b to mult_31.U519.B doesn't have a simple wire 
  connection, delay will still be annotated.


Warning-[SDFCOM_SWC] Simple Wire Connection
/MasterClass/M143010027_ALU/Hws/HW1/gate_level/FLP_mul/Between/round1/timing.sdf, 3879
module: FLP_mul, "instance: testbench.test_module"
  SDF Warning: The path from   b to mult_31.U519.CI doesn't have a simple wire
  connection, delay will still be annotated.


Warning-[SDFCOM_SWC] Simple Wire Connection
/MasterClass/M143010027_ALU/Hws/HW1/gate_level/FLP_mul/Between/round1/timing.sdf, 3904
module: FLP_mul, "instance: testbench.test_module"
  SDF Warning: The path from   b to mult_31.U508.A doesn't have a simple wire 
  connection, delay will still be annotated.


Warning-[SDFCOM_SWC] Simple Wire Connection
/MasterClass/M143010027_ALU/Hws/HW1/gate_level/FLP_mul/Between/round1/timing.sdf, 3917
module: FLP_mul, "instance: testbench.test_module"
  SDF Warning: The path from   b to mult_31.U504.B doesn't have a simple wire 
  connection, delay will still be annotated.


Warning-[SDFCOM_SWC] Simple Wire Connection
/MasterClass/M143010027_ALU/Hws/HW1/gate_level/FLP_mul/Between/round1/timing.sdf, 3918
module: FLP_mul, "instance: testbench.test_module"
  SDF Warning: The path from   b to mult_31.U504.CI doesn't have a simple wire
  connection, delay will still be annotated.


Warning-[SDFCOM_SWC] Simple Wire Connection
/MasterClass/M143010027_ALU/Hws/HW1/gate_level/FLP_mul/Between/round1/timing.sdf, 3937
module: FLP_mul, "instance: testbench.test_module"
  SDF Warning: The path from   b to mult_31.U495.A doesn't have a simple wire 
  connection, delay will still be annotated.


Warning-[SDFCOM_SWC] Simple Wire Connection
/MasterClass/M143010027_ALU/Hws/HW1/gate_level/FLP_mul/Between/round1/timing.sdf, 3947
module: FLP_mul, "instance: testbench.test_module"
  SDF Warning: The path from   b to mult_31.U492.B doesn't have a simple wire 
  connection, delay will still be annotated.


Warning-[SDFCOM_SWC] Simple Wire Connection
/MasterClass/M143010027_ALU/Hws/HW1/gate_level/FLP_mul/Between/round1/timing.sdf, 3948
module: FLP_mul, "instance: testbench.test_module"
  SDF Warning: The path from   b to mult_31.U492.CI doesn't have a simple wire
  connection, delay will still be annotated.


Warning-[SDFCOM_SWC] Simple Wire Connection
/MasterClass/M143010027_ALU/Hws/HW1/gate_level/FLP_mul/Between/round1/timing.sdf, 3961
module: FLP_mul, "instance: testbench.test_module"
  SDF Warning: The path from   b to mult_31.U485.A doesn't have a simple wire 
  connection, delay will still be annotated.


Warning-[SDFCOM_SWC] Simple Wire Connection
/MasterClass/M143010027_ALU/Hws/HW1/gate_level/FLP_mul/Between/round1/timing.sdf, 3968
module: FLP_mul, "instance: testbench.test_module"
  SDF Warning: The path from   b to mult_31.U483.B doesn't have a simple wire 
  connection, delay will still be annotated.


Warning-[SDFCOM_SWC] Simple Wire Connection
/MasterClass/M143010027_ALU/Hws/HW1/gate_level/FLP_mul/Between/round1/timing.sdf, 3969
module: FLP_mul, "instance: testbench.test_module"
  SDF Warning: The path from   b to mult_31.U483.CI doesn't have a simple wire
  connection, delay will still be annotated.


Warning-[SDFCOM_SWC] Simple Wire Connection
/MasterClass/M143010027_ALU/Hws/HW1/gate_level/FLP_mul/Between/round1/timing.sdf, 3976
module: FLP_mul, "instance: testbench.test_module"
  SDF Warning: The path from   b to mult_31.U478.A doesn't have a simple wire 
  connection, delay will still be annotated.


          Total errors: 0
          Total warnings: 1039
   ***    SDF annotation completed: Mon Oct  5 20:46:02 2026


