
   ***   $sdf_annotate() version 1.2R
   ***    SDF file: "/MasterClass/M143010027_ALU/Hws/HW1/gate_level/FLP_adder_7/Delay/round2/timing.sdf"
   ***    Annotation scope: testbench.test_module
   ***    SDF Annotator log file: "sdf_annotation.log"
   ***    MTM selection: "MAXIMUM"
   ***    No SCALE FACTORS argument specified
   ***    No SCALE TYPE argument specified
   ***    SCALE FACTORS defaulted to "1.0:1.0:1.0":
   ***    SCALE TYPE defaulted to: "FROM_MTM"
   ***    Turnoff delay: "FROM_FILE"
   ***    Approximation (mipd) policy: "MAXIMUM"

   ***    SDF annotation begin: Mon Oct  5 20:41:41 2026


SDF Info: +pulse_r/100, +pulse_e/100 in effect

Warning-[SDFCOM_IWSBA] INTERCONNECT will still be annotated
/MasterClass/M143010027_ALU/Hws/HW1/gate_level/FLP_adder_7/Delay/round2/timing.sdf, 348
module: XNR2D1BWP16P90LVT, "instance: testbench.test_module.add_127.U169"
  SDF Warning: INTERCONNECT from add_127.U169.ZN to U1825.A1 has Instance at 
  /MasterClass/M143010027_ALU/Hws/HW1/gate_level/FLP_adder_7/Delay/round2/netlist.v:1614,
  delay will still be annotated.


Warning-[SDFCOM_IWSBA] INTERCONNECT will still be annotated
/MasterClass/M143010027_ALU/Hws/HW1/gate_level/FLP_adder_7/Delay/round2/timing.sdf, 353
module: XOR2D1BWP16P90LVT, "instance: testbench.test_module.add_127.U173"
  SDF Warning: INTERCONNECT from add_127.U173.Z to U1823.I has Instance at 
  /MasterClass/M143010027_ALU/Hws/HW1/gate_level/FLP_adder_7/Delay/round2/netlist.v:1614,
  delay will still be annotated.


Warning-[SDFCOM_IWSBA] INTERCONNECT will still be annotated
/MasterClass/M143010027_ALU/Hws/HW1/gate_level/FLP_adder_7/Delay/round2/timing.sdf, 362
module: XOR2D1BWP16P90LVT, "instance: testbench.test_module.add_127.U173"
  SDF Warning: INTERCONNECT from add_127.U173.Z to U1820.A2 has Instance at 
  /MasterClass/M143010027_ALU/Hws/HW1/gate_level/FLP_adder_7/Delay/round2/netlist.v:1614,
  delay will still be annotated.


Warning-[SDFCOM_IWSBA] INTERCONNECT will still be annotated
/MasterClass/M143010027_ALU/Hws/HW1/gate_level/FLP_adder_7/Delay/round2/timing.sdf, 366
module: XNR2D1BWP16P90LVT, "instance: testbench.test_module.add_127.U171"
  SDF Warning: INTERCONNECT from add_127.U171.ZN to U1818.I has Instance at 
  /MasterClass/M143010027_ALU/Hws/HW1/gate_level/FLP_adder_7/Delay/round2/netlist.v:1614,
  delay will still be annotated.


Warning-[SDFCOM_IWSBA] INTERCONNECT will still be annotated
/MasterClass/M143010027_ALU/Hws/HW1/gate_level/FLP_adder_7/Delay/round2/timing.sdf, 374
module: XNR2D1BWP16P90LVT, "instance: testbench.test_module.add_127.U171"
  SDF Warning: INTERCONNECT from add_127.U171.ZN to U1815.A1 has Instance at 
  /MasterClass/M143010027_ALU/Hws/HW1/gate_level/FLP_adder_7/Delay/round2/netlist.v:1614,
  delay will still be annotated.


Warning-[SDFCOM_IWSBA] INTERCONNECT will still be annotated
/MasterClass/M143010027_ALU/Hws/HW1/gate_level/FLP_adder_7/Delay/round2/timing.sdf, 379
module: XOR2D1BWP16P90LVT, "instance: testbench.test_module.add_127.U177"
  SDF Warning: INTERCONNECT from add_127.U177.Z to U1813.I has Instance at 
  /MasterClass/M143010027_ALU/Hws/HW1/gate_level/FLP_adder_7/Delay/round2/netlist.v:1614,
  delay will still be annotated.


Warning-[SDFCOM_IWSBA] INTERCONNECT will still be annotated
/MasterClass/M143010027_ALU/Hws/HW1/gate_level/FLP_adder_7/Delay/round2/timing.sdf, 387
module: XOR2D1BWP16P90LVT, "instance: testbench.test_module.add_127.U177"
  SDF Warning: INTERCONNECT from add_127.U177.Z to U1810.A1 has Instance at 
  /MasterClass/M143010027_ALU/Hws/HW1/gate_level/FLP_adder_7/Delay/round2/netlist.v:1614,
  delay will still be annotated.


Warning-[SDFCOM_IWSBA] INTERCONNECT will still be annotated
/MasterClass/M143010027_ALU/Hws/HW1/gate_level/FLP_adder_7/Delay/round2/timing.sdf, 392
module: XNR2D1BWP16P90LVT, "instance: testbench.test_module.add_127.U170"
  SDF Warning: INTERCONNECT from add_127.U170.ZN to U1808.I has Instance at 
  /MasterClass/M143010027_ALU/Hws/HW1/gate_level/FLP_adder_7/Delay/round2/netlist.v:1614,
  delay will still be annotated.


Warning-[SDFCOM_IWSBA] INTERCONNECT will still be annotated
/MasterClass/M143010027_ALU/Hws/HW1/gate_level/FLP_adder_7/Delay/round2/timing.sdf, 400
module: XNR2D1BWP16P90LVT, "instance: testbench.test_module.add_127.U170"
  SDF Warning: INTERCONNECT from add_127.U170.ZN to U1805.A1 has Instance at 
  /MasterClass/M143010027_ALU/Hws/HW1/gate_level/FLP_adder_7/Delay/round2/netlist.v:1614,
  delay will still be annotated.


Warning-[SDFCOM_IWSBA] INTERCONNECT will still be annotated
/MasterClass/M143010027_ALU/Hws/HW1/gate_level/FLP_adder_7/Delay/round2/timing.sdf, 405
module: XOR2D1BWP16P90LVT, "instance: testbench.test_module.add_127.U174"
  SDF Warning: INTERCONNECT from add_127.U174.Z to U1803.I has Instance at 
  /MasterClass/M143010027_ALU/Hws/HW1/gate_level/FLP_adder_7/Delay/round2/netlist.v:1614,
  delay will still be annotated.


Warning-[SDFCOM_IWSBA] INTERCONNECT will still be annotated
/MasterClass/M143010027_ALU/Hws/HW1/gate_level/FLP_adder_7/Delay/round2/timing.sdf, 413
module: XOR2D1BWP16P90LVT, "instance: testbench.test_module.add_127.U174"
  SDF Warning: INTERCONNECT from add_127.U174.Z to U1800.A1 has Instance at 
  /MasterClass/M143010027_ALU/Hws/HW1/gate_level/FLP_adder_7/Delay/round2/netlist.v:1614,
  delay will still be annotated.


Warning-[SDFCOM_IWSBA] INTERCONNECT will still be annotated
/MasterClass/M143010027_ALU/Hws/HW1/gate_level/FLP_adder_7/Delay/round2/timing.sdf, 418
module: XNR2D1BWP16P90LVT, "instance: testbench.test_module.add_127.U175"
  SDF Warning: INTERCONNECT from add_127.U175.ZN to U1798.I has Instance at 
  /MasterClass/M143010027_ALU/Hws/HW1/gate_level/FLP_adder_7/Delay/round2/netlist.v:1614,
  delay will still be annotated.


Warning-[SDFCOM_IWSBA] INTERCONNECT will still be annotated
/MasterClass/M143010027_ALU/Hws/HW1/gate_level/FLP_adder_7/Delay/round2/timing.sdf, 426
module: XNR2D1BWP16P90LVT, "instance: testbench.test_module.add_127.U175"
  SDF Warning: INTERCONNECT from add_127.U175.ZN to U1795.A1 has Instance at 
  /MasterClass/M143010027_ALU/Hws/HW1/gate_level/FLP_adder_7/Delay/round2/netlist.v:1614,
  delay will still be annotated.


Warning-[SDFCOM_IWSBA] INTERCONNECT will still be annotated
/MasterClass/M143010027_ALU/Hws/HW1/gate_level/FLP_adder_7/Delay/round2/timing.sdf, 431
module: XOR2D1BWP16P90LVT, "instance: testbench.test_module.add_127.U155"
  SDF Warning: INTERCONNECT from add_127.U155.Z to U1793.I has Instance at 
  /MasterClass/M143010027_ALU/Hws/HW1/gate_level/FLP_adder_7/Delay/round2/netlist.v:1614,
  delay will still be annotated.


Warning-[SDFCOM_IWSBA] INTERCONNECT will still be annotated
/MasterClass/M143010027_ALU/Hws/HW1/gate_level/FLP_adder_7/Delay/round2/timing.sdf, 439
module: XOR2D1BWP16P90LVT, "instance: testbench.test_module.add_127.U155"
  SDF Warning: INTERCONNECT from add_127.U155.Z to U1790.A1 has Instance at 
  /MasterClass/M143010027_ALU/Hws/HW1/gate_level/FLP_adder_7/Delay/round2/netlist.v:1614,
  delay will still be annotated.


Warning-[SDFCOM_IWSBA] INTERCONNECT will still be annotated
/MasterClass/M143010027_ALU/Hws/HW1/gate_level/FLP_adder_7/Delay/round2/timing.sdf, 444
module: XNR2D1BWP16P90LVT, "instance: testbench.test_module.add_127.U168"
  SDF Warning: INTERCONNECT from add_127.U168.ZN to U1788.I has Instance at 
  /MasterClass/M143010027_ALU/Hws/HW1/gate_level/FLP_adder_7/Delay/round2/netlist.v:1614,
  delay will still be annotated.


Warning-[SDFCOM_IWSBA] INTERCONNECT will still be annotated
/MasterClass/M143010027_ALU/Hws/HW1/gate_level/FLP_adder_7/Delay/round2/timing.sdf, 452
module: XNR2D1BWP16P90LVT, "instance: testbench.test_module.add_127.U168"
  SDF Warning: INTERCONNECT from add_127.U168.ZN to U1785.A1 has Instance at 
  /MasterClass/M143010027_ALU/Hws/HW1/gate_level/FLP_adder_7/Delay/round2/netlist.v:1614,
  delay will still be annotated.


Warning-[SDFCOM_IWSBA] INTERCONNECT will still be annotated
/MasterClass/M143010027_ALU/Hws/HW1/gate_level/FLP_adder_7/Delay/round2/timing.sdf, 457
module: XOR2D1BWP16P90, "instance: testbench.test_module.add_127.U139"
  SDF Warning: INTERCONNECT from add_127.U139.Z to U1783.I has Instance at 
  /MasterClass/M143010027_ALU/Hws/HW1/gate_level/FLP_adder_7/Delay/round2/netlist.v:1614,
  delay will still be annotated.


Warning-[SDFCOM_IWSBA] INTERCONNECT will still be annotated
/MasterClass/M143010027_ALU/Hws/HW1/gate_level/FLP_adder_7/Delay/round2/timing.sdf, 465
module: XOR2D1BWP16P90, "instance: testbench.test_module.add_127.U139"
  SDF Warning: INTERCONNECT from add_127.U139.Z to U1780.A1 has Instance at 
  /MasterClass/M143010027_ALU/Hws/HW1/gate_level/FLP_adder_7/Delay/round2/netlist.v:1614,
  delay will still be annotated.


Warning-[SDFCOM_IWSBA] INTERCONNECT will still be annotated
/MasterClass/M143010027_ALU/Hws/HW1/gate_level/FLP_adder_7/Delay/round2/timing.sdf, 470
module: XNR2D1BWP16P90, "instance: testbench.test_module.add_127.U137"
  SDF Warning: INTERCONNECT from add_127.U137.ZN to U1778.I has Instance at 
  /MasterClass/M143010027_ALU/Hws/HW1/gate_level/FLP_adder_7/Delay/round2/netlist.v:1614,
  delay will still be annotated.


Warning-[SDFCOM_IWSBA] INTERCONNECT will still be annotated
/MasterClass/M143010027_ALU/Hws/HW1/gate_level/FLP_adder_7/Delay/round2/timing.sdf, 478
module: XNR2D1BWP16P90, "instance: testbench.test_module.add_127.U137"
  SDF Warning: INTERCONNECT from add_127.U137.ZN to U1775.A1 has Instance at 
  /MasterClass/M143010027_ALU/Hws/HW1/gate_level/FLP_adder_7/Delay/round2/netlist.v:1614,
  delay will still be annotated.


Warning-[SDFCOM_IWSBA] INTERCONNECT will still be annotated
/MasterClass/M143010027_ALU/Hws/HW1/gate_level/FLP_adder_7/Delay/round2/timing.sdf, 483
module: XOR2D1BWP16P90, "instance: testbench.test_module.add_127.U140"
  SDF Warning: INTERCONNECT from add_127.U140.Z to U1773.I has Instance at 
  /MasterClass/M143010027_ALU/Hws/HW1/gate_level/FLP_adder_7/Delay/round2/netlist.v:1614,
  delay will still be annotated.


Warning-[SDFCOM_IWSBA] INTERCONNECT will still be annotated
/MasterClass/M143010027_ALU/Hws/HW1/gate_level/FLP_adder_7/Delay/round2/timing.sdf, 491
module: XOR2D1BWP16P90, "instance: testbench.test_module.add_127.U140"
  SDF Warning: INTERCONNECT from add_127.U140.Z to U1770.A1 has Instance at 
  /MasterClass/M143010027_ALU/Hws/HW1/gate_level/FLP_adder_7/Delay/round2/netlist.v:1614,
  delay will still be annotated.


Warning-[SDFCOM_IWSBA] INTERCONNECT will still be annotated
/MasterClass/M143010027_ALU/Hws/HW1/gate_level/FLP_adder_7/Delay/round2/timing.sdf, 496
module: XNR2D1BWP16P90, "instance: testbench.test_module.add_127.U138"
  SDF Warning: INTERCONNECT from add_127.U138.ZN to U1768.I has Instance at 
  /MasterClass/M143010027_ALU/Hws/HW1/gate_level/FLP_adder_7/Delay/round2/netlist.v:1614,
  delay will still be annotated.


Warning-[SDFCOM_IWSBA] INTERCONNECT will still be annotated
/MasterClass/M143010027_ALU/Hws/HW1/gate_level/FLP_adder_7/Delay/round2/timing.sdf, 504
module: XNR2D1BWP16P90, "instance: testbench.test_module.add_127.U138"
  SDF Warning: INTERCONNECT from add_127.U138.ZN to U1765.A1 has Instance at 
  /MasterClass/M143010027_ALU/Hws/HW1/gate_level/FLP_adder_7/Delay/round2/netlist.v:1614,
  delay will still be annotated.


Warning-[SDFCOM_IWSBA] INTERCONNECT will still be annotated
/MasterClass/M143010027_ALU/Hws/HW1/gate_level/FLP_adder_7/Delay/round2/timing.sdf, 509
module: XOR2D1BWP16P90LVT, "instance: testbench.test_module.add_127.U154"
  SDF Warning: INTERCONNECT from add_127.U154.Z to U1763.I has Instance at 
  /MasterClass/M143010027_ALU/Hws/HW1/gate_level/FLP_adder_7/Delay/round2/netlist.v:1614,
  delay will still be annotated.


Warning-[SDFCOM_IWSBA] INTERCONNECT will still be annotated
/MasterClass/M143010027_ALU/Hws/HW1/gate_level/FLP_adder_7/Delay/round2/timing.sdf, 517
module: XOR2D1BWP16P90LVT, "instance: testbench.test_module.add_127.U154"
  SDF Warning: INTERCONNECT from add_127.U154.Z to U1760.A1 has Instance at 
  /MasterClass/M143010027_ALU/Hws/HW1/gate_level/FLP_adder_7/Delay/round2/netlist.v:1614,
  delay will still be annotated.


Warning-[SDFCOM_IWSBA] INTERCONNECT will still be annotated
/MasterClass/M143010027_ALU/Hws/HW1/gate_level/FLP_adder_7/Delay/round2/timing.sdf, 522
module: XNR2D1BWP16P90, "instance: testbench.test_module.add_127.U142"
  SDF Warning: INTERCONNECT from add_127.U142.ZN to U1758.I has Instance at 
  /MasterClass/M143010027_ALU/Hws/HW1/gate_level/FLP_adder_7/Delay/round2/netlist.v:1614,
  delay will still be annotated.


Warning-[SDFCOM_IWSBA] INTERCONNECT will still be annotated
/MasterClass/M143010027_ALU/Hws/HW1/gate_level/FLP_adder_7/Delay/round2/timing.sdf, 530
module: XNR2D1BWP16P90, "instance: testbench.test_module.add_127.U142"
  SDF Warning: INTERCONNECT from add_127.U142.ZN to U1755.A1 has Instance at 
  /MasterClass/M143010027_ALU/Hws/HW1/gate_level/FLP_adder_7/Delay/round2/netlist.v:1614,
  delay will still be annotated.


Warning-[SDFCOM_IWSBA] INTERCONNECT will still be annotated
/MasterClass/M143010027_ALU/Hws/HW1/gate_level/FLP_adder_7/Delay/round2/timing.sdf, 535
module: XOR2D1BWP16P90, "instance: testbench.test_module.add_127.U145"
  SDF Warning: INTERCONNECT from add_127.U145.Z to U1753.I has Instance at 
  /MasterClass/M143010027_ALU/Hws/HW1/gate_level/FLP_adder_7/Delay/round2/netlist.v:1614,
  delay will still be annotated.


Warning-[SDFCOM_IWSBA] INTERCONNECT will still be annotated
/MasterClass/M143010027_ALU/Hws/HW1/gate_level/FLP_adder_7/Delay/round2/timing.sdf, 543
module: XOR2D1BWP16P90, "instance: testbench.test_module.add_127.U145"
  SDF Warning: INTERCONNECT from add_127.U145.Z to U1750.A1 has Instance at 
  /MasterClass/M143010027_ALU/Hws/HW1/gate_level/FLP_adder_7/Delay/round2/netlist.v:1614,
  delay will still be annotated.


Warning-[SDFCOM_IWSBA] INTERCONNECT will still be annotated
/MasterClass/M143010027_ALU/Hws/HW1/gate_level/FLP_adder_7/Delay/round2/timing.sdf, 548
module: XNR2D1BWP16P90, "instance: testbench.test_module.add_127.U141"
  SDF Warning: INTERCONNECT from add_127.U141.ZN to U1748.I has Instance at 
  /MasterClass/M143010027_ALU/Hws/HW1/gate_level/FLP_adder_7/Delay/round2/netlist.v:1614,
  delay will still be annotated.


Warning-[SDFCOM_IWSBA] INTERCONNECT will still be annotated
/MasterClass/M143010027_ALU/Hws/HW1/gate_level/FLP_adder_7/Delay/round2/timing.sdf, 556
module: XNR2D1BWP16P90, "instance: testbench.test_module.add_127.U141"
  SDF Warning: INTERCONNECT from add_127.U141.ZN to U1745.A1 has Instance at 
  /MasterClass/M143010027_ALU/Hws/HW1/gate_level/FLP_adder_7/Delay/round2/netlist.v:1614,
  delay will still be annotated.


Warning-[SDFCOM_IWSBA] INTERCONNECT will still be annotated
/MasterClass/M143010027_ALU/Hws/HW1/gate_level/FLP_adder_7/Delay/round2/timing.sdf, 561
module: XOR2D1BWP16P90, "instance: testbench.test_module.add_127.U144"
  SDF Warning: INTERCONNECT from add_127.U144.Z to U1743.I has Instance at 
  /MasterClass/M143010027_ALU/Hws/HW1/gate_level/FLP_adder_7/Delay/round2/netlist.v:1614,
  delay will still be annotated.


Warning-[SDFCOM_IWSBA] INTERCONNECT will still be annotated
/MasterClass/M143010027_ALU/Hws/HW1/gate_level/FLP_adder_7/Delay/round2/timing.sdf, 569
module: XOR2D1BWP16P90, "instance: testbench.test_module.add_127.U144"
  SDF Warning: INTERCONNECT from add_127.U144.Z to U1740.A1 has Instance at 
  /MasterClass/M143010027_ALU/Hws/HW1/gate_level/FLP_adder_7/Delay/round2/netlist.v:1614,
  delay will still be annotated.


Warning-[SDFCOM_IWSBA] INTERCONNECT will still be annotated
/MasterClass/M143010027_ALU/Hws/HW1/gate_level/FLP_adder_7/Delay/round2/timing.sdf, 574
module: XNR2D1BWP16P90, "instance: testbench.test_module.add_127.U143"
  SDF Warning: INTERCONNECT from add_127.U143.ZN to U1738.I has Instance at 
  /MasterClass/M143010027_ALU/Hws/HW1/gate_level/FLP_adder_7/Delay/round2/netlist.v:1614,
  delay will still be annotated.


Warning-[SDFCOM_IWSBA] INTERCONNECT will still be annotated
/MasterClass/M143010027_ALU/Hws/HW1/gate_level/FLP_adder_7/Delay/round2/timing.sdf, 582
module: XNR2D1BWP16P90, "instance: testbench.test_module.add_127.U143"
  SDF Warning: INTERCONNECT from add_127.U143.ZN to U1735.A1 has Instance at 
  /MasterClass/M143010027_ALU/Hws/HW1/gate_level/FLP_adder_7/Delay/round2/netlist.v:1614,
  delay will still be annotated.


Warning-[SDFCOM_IWSBA] INTERCONNECT will still be annotated
/MasterClass/M143010027_ALU/Hws/HW1/gate_level/FLP_adder_7/Delay/round2/timing.sdf, 587
module: XOR2D1BWP16P90LVT, "instance: testbench.test_module.add_127.U156"
  SDF Warning: INTERCONNECT from add_127.U156.Z to U1733.I has Instance at 
  /MasterClass/M143010027_ALU/Hws/HW1/gate_level/FLP_adder_7/Delay/round2/netlist.v:1614,
  delay will still be annotated.


Warning-[SDFCOM_IWSBA] INTERCONNECT will still be annotated
/MasterClass/M143010027_ALU/Hws/HW1/gate_level/FLP_adder_7/Delay/round2/timing.sdf, 595
module: XOR2D1BWP16P90LVT, "instance: testbench.test_module.add_127.U156"
  SDF Warning: INTERCONNECT from add_127.U156.Z to U1730.A1 has Instance at 
  /MasterClass/M143010027_ALU/Hws/HW1/gate_level/FLP_adder_7/Delay/round2/netlist.v:1614,
  delay will still be annotated.


Warning-[SDFCOM_IWSBA] INTERCONNECT will still be annotated
/MasterClass/M143010027_ALU/Hws/HW1/gate_level/FLP_adder_7/Delay/round2/timing.sdf, 600
module: XNR2D1BWP16P90, "instance: testbench.test_module.add_127.U146"
  SDF Warning: INTERCONNECT from add_127.U146.ZN to U1728.I has Instance at 
  /MasterClass/M143010027_ALU/Hws/HW1/gate_level/FLP_adder_7/Delay/round2/netlist.v:1614,
  delay will still be annotated.


Warning-[SDFCOM_IWSBA] INTERCONNECT will still be annotated
/MasterClass/M143010027_ALU/Hws/HW1/gate_level/FLP_adder_7/Delay/round2/timing.sdf, 608
module: XNR2D1BWP16P90, "instance: testbench.test_module.add_127.U146"
  SDF Warning: INTERCONNECT from add_127.U146.ZN to U1725.A1 has Instance at 
  /MasterClass/M143010027_ALU/Hws/HW1/gate_level/FLP_adder_7/Delay/round2/netlist.v:1614,
  delay will still be annotated.


Warning-[SDFCOM_IWSBA] INTERCONNECT will still be annotated
/MasterClass/M143010027_ALU/Hws/HW1/gate_level/FLP_adder_7/Delay/round2/timing.sdf, 613
module: XOR2D1BWP16P90, "instance: testbench.test_module.add_127.U149"
  SDF Warning: INTERCONNECT from add_127.U149.Z to U1723.I has Instance at 
  /MasterClass/M143010027_ALU/Hws/HW1/gate_level/FLP_adder_7/Delay/round2/netlist.v:1614,
  delay will still be annotated.


Warning-[SDFCOM_IWSBA] INTERCONNECT will still be annotated
/MasterClass/M143010027_ALU/Hws/HW1/gate_level/FLP_adder_7/Delay/round2/timing.sdf, 621
module: XOR2D1BWP16P90, "instance: testbench.test_module.add_127.U149"
  SDF Warning: INTERCONNECT from add_127.U149.Z to U1720.A1 has Instance at 
  /MasterClass/M143010027_ALU/Hws/HW1/gate_level/FLP_adder_7/Delay/round2/netlist.v:1614,
  delay will still be annotated.


Warning-[SDFCOM_IWSBA] INTERCONNECT will still be annotated
/MasterClass/M143010027_ALU/Hws/HW1/gate_level/FLP_adder_7/Delay/round2/timing.sdf, 632
module: INVD1BWP16P90, "instance: testbench.test_module.add_127.U167"
  SDF Warning: INTERCONNECT from add_127.U167.ZN to U1717.A1 has Instance at 
  /MasterClass/M143010027_ALU/Hws/HW1/gate_level/FLP_adder_7/Delay/round2/netlist.v:1614,
  delay will still be annotated.


Warning-[SDFCOM_IWSBA] INTERCONNECT will still be annotated
/MasterClass/M143010027_ALU/Hws/HW1/gate_level/FLP_adder_7/Delay/round2/timing.sdf, 641
module: XOR2D1BWP16P90, "instance: testbench.test_module.add_127.U180"
  SDF Warning: INTERCONNECT from add_127.U180.Z to U1713.I has Instance at 
  /MasterClass/M143010027_ALU/Hws/HW1/gate_level/FLP_adder_7/Delay/round2/netlist.v:1614,
  delay will still be annotated.


Warning-[SDFCOM_IWSBA] INTERCONNECT will still be annotated
/MasterClass/M143010027_ALU/Hws/HW1/gate_level/FLP_adder_7/Delay/round2/timing.sdf, 712
module: DFQD2BWP16P90LVT, "instance: testbench.test_module.s3_md_signed_reg_0_"
  SDF Warning: INTERCONNECT from s3_md_signed_reg_0_.Q to U1685.A2 has 
  Instance at 
  /MasterClass/M143010027_ALU/Hws/HW1/gate_level/FLP_adder_7/Delay/round2/netlist.v:1610,
  delay will still be annotated.


Warning-[SDFCOM_SWC] Simple Wire Connection
/MasterClass/M143010027_ALU/Hws/HW1/gate_level/FLP_adder_7/Delay/round2/timing.sdf, 799
module: XOR2D1BWP16P90LVT, "instance: testbench.test_module.sub_123.U104"
  SDF Warning: The path from sub_123.U104.Z to U1658.A1 doesn't have a simple 
  wire connection, delay will still be annotated.


Warning-[SDFCOM_SWC] Simple Wire Connection
/MasterClass/M143010027_ALU/Hws/HW1/gate_level/FLP_adder_7/Delay/round2/timing.sdf, 809
module: XNR2D1BWP16P90LVT, "instance: testbench.test_module.sub_123.U117"
  SDF Warning: The path from sub_123.U117.ZN to U1653.A1 doesn't have a simple
  wire connection, delay will still be annotated.


Warning-[SDFCOM_SWC] Simple Wire Connection
/MasterClass/M143010027_ALU/Hws/HW1/gate_level/FLP_adder_7/Delay/round2/timing.sdf, 819
module: XOR2D1BWP16P90LVT, "instance: testbench.test_module.sub_123.U102"
  SDF Warning: The path from sub_123.U102.Z to U1648.A1 doesn't have a simple 
  wire connection, delay will still be annotated.


Warning-[SDFCOM_SWC] Simple Wire Connection
/MasterClass/M143010027_ALU/Hws/HW1/gate_level/FLP_adder_7/Delay/round2/timing.sdf, 829
module: XOR2D1BWP16P90LVT, "instance: testbench.test_module.sub_123.U81"
  SDF Warning: The path from sub_123.U81.Z to U1643.A1 doesn't have a simple 
  wire connection, delay will still be annotated.


Warning-[SDFCOM_SWC] Simple Wire Connection
/MasterClass/M143010027_ALU/Hws/HW1/gate_level/FLP_adder_7/Delay/round2/timing.sdf, 840
module: XOR2D1BWP16P90LVT, "instance: testbench.test_module.sub_123.U80"
  SDF Warning: The path from sub_123.U80.Z to U1637.A1 doesn't have a simple 
  wire connection, delay will still be annotated.


Warning-[SDFCOM_SWC] Simple Wire Connection
/MasterClass/M143010027_ALU/Hws/HW1/gate_level/FLP_adder_7/Delay/round2/timing.sdf, 1086
module: XNR2D1BWP16P90LVT, "instance: testbench.test_module.sub_123.U79"
  SDF Warning: The path from sub_123.U79.ZN to U1568.A1 doesn't have a simple 
  wire connection, delay will still be annotated.


Warning-[SDFCOM_IWSBA] INTERCONNECT will still be annotated
/MasterClass/M143010027_ALU/Hws/HW1/gate_level/FLP_adder_7/Delay/round2/timing.sdf, 1255
module: DFQD2BWP16P90LVT, "instance: testbench.test_module.s3_md_signed_reg_0_"
  SDF Warning: INTERCONNECT from s3_md_signed_reg_0_.Q to U1491.I has Instance
  at 
  /MasterClass/M143010027_ALU/Hws/HW1/gate_level/FLP_adder_7/Delay/round2/netlist.v:1610,
  delay will still be annotated.


Warning-[SDFCOM_IWSBA] INTERCONNECT will still be annotated
/MasterClass/M143010027_ALU/Hws/HW1/gate_level/FLP_adder_7/Delay/round2/timing.sdf, 1473
module: INVD1BWP16P90LVT, "instance: testbench.test_module.U972"
  SDF Warning: INTERCONNECT from U972.ZN to U1391.B1 has Instance at 
  /MasterClass/M143010027_ALU/Hws/HW1/gate_level/FLP_adder_7/Delay/round2/netlist.v:1655,
  delay will still be annotated.


Warning-[SDFCOM_IWSBA] INTERCONNECT will still be annotated
/MasterClass/M143010027_ALU/Hws/HW1/gate_level/FLP_adder_7/Delay/round2/timing.sdf, 1479
module: XNR2D1BWP16P90, "instance: testbench.test_module.sub_85.U198"
  SDF Warning: INTERCONNECT from sub_85.U198.ZN to U1389.B1 has Instance at 
  /MasterClass/M143010027_ALU/Hws/HW1/gate_level/FLP_adder_7/Delay/round2/netlist.v:1655,
  delay will still be annotated.


Warning-[SDFCOM_IWSBA] INTERCONNECT will still be annotated
/MasterClass/M143010027_ALU/Hws/HW1/gate_level/FLP_adder_7/Delay/round2/timing.sdf, 1485
module: XNR2D1BWP16P90, "instance: testbench.test_module.sub_85.U197"
  SDF Warning: INTERCONNECT from sub_85.U197.ZN to U1387.B1 has Instance at 
  /MasterClass/M143010027_ALU/Hws/HW1/gate_level/FLP_adder_7/Delay/round2/netlist.v:1655,
  delay will still be annotated.


Warning-[SDFCOM_IWSBA] INTERCONNECT will still be annotated
/MasterClass/M143010027_ALU/Hws/HW1/gate_level/FLP_adder_7/Delay/round2/timing.sdf, 1491
module: XOR2D1BWP16P90, "instance: testbench.test_module.sub_85.U193"
  SDF Warning: INTERCONNECT from sub_85.U193.Z to U1385.B1 has Instance at 
  /MasterClass/M143010027_ALU/Hws/HW1/gate_level/FLP_adder_7/Delay/round2/netlist.v:1655,
  delay will still be annotated.


Warning-[SDFCOM_IWSBA] INTERCONNECT will still be annotated
/MasterClass/M143010027_ALU/Hws/HW1/gate_level/FLP_adder_7/Delay/round2/timing.sdf, 1497
module: XOR2D1BWP16P90, "instance: testbench.test_module.sub_85.U191"
  SDF Warning: INTERCONNECT from sub_85.U191.Z to U1383.B1 has Instance at 
  /MasterClass/M143010027_ALU/Hws/HW1/gate_level/FLP_adder_7/Delay/round2/netlist.v:1655,
  delay will still be annotated.


Warning-[SDFCOM_IWSBA] INTERCONNECT will still be annotated
/MasterClass/M143010027_ALU/Hws/HW1/gate_level/FLP_adder_7/Delay/round2/timing.sdf, 1505
module: XNR2D1BWP16P90, "instance: testbench.test_module.sub_85.U185"
  SDF Warning: INTERCONNECT from sub_85.U185.ZN to U1380.B1 has Instance at 
  /MasterClass/M143010027_ALU/Hws/HW1/gate_level/FLP_adder_7/Delay/round2/netlist.v:1655,
  delay will still be annotated.


Warning-[SDFCOM_IWSBA] INTERCONNECT will still be annotated
/MasterClass/M143010027_ALU/Hws/HW1/gate_level/FLP_adder_7/Delay/round2/timing.sdf, 1511
module: XNR2D1BWP16P90, "instance: testbench.test_module.sub_85.U187"
  SDF Warning: INTERCONNECT from sub_85.U187.ZN to U1378.B1 has Instance at 
  /MasterClass/M143010027_ALU/Hws/HW1/gate_level/FLP_adder_7/Delay/round2/netlist.v:1655,
  delay will still be annotated.


Warning-[SDFCOM_IWSBA] INTERCONNECT will still be annotated
/MasterClass/M143010027_ALU/Hws/HW1/gate_level/FLP_adder_7/Delay/round2/timing.sdf, 1517
module: XNR2D1BWP16P90, "instance: testbench.test_module.sub_85.U196"
  SDF Warning: INTERCONNECT from sub_85.U196.ZN to U1376.B1 has Instance at 
  /MasterClass/M143010027_ALU/Hws/HW1/gate_level/FLP_adder_7/Delay/round2/netlist.v:1655,
  delay will still be annotated.


Warning-[SDFCOM_IWSBA] INTERCONNECT will still be annotated
/MasterClass/M143010027_ALU/Hws/HW1/gate_level/FLP_adder_7/Delay/round2/timing.sdf, 1523
module: XOR2D1BWP16P90LVT, "instance: testbench.test_module.sub_85.U136"
  SDF Warning: INTERCONNECT from sub_85.U136.Z to U1374.B1 has Instance at 
  /MasterClass/M143010027_ALU/Hws/HW1/gate_level/FLP_adder_7/Delay/round2/netlist.v:1655,
  delay will still be annotated.


Warning-[SDFCOM_IWSBA] INTERCONNECT will still be annotated
/MasterClass/M143010027_ALU/Hws/HW1/gate_level/FLP_adder_7/Delay/round2/timing.sdf, 1529
module: XOR2D1BWP16P90LVT, "instance: testbench.test_module.sub_85.U202"
  SDF Warning: INTERCONNECT from sub_85.U202.Z to U1372.B1 has Instance at 
  /MasterClass/M143010027_ALU/Hws/HW1/gate_level/FLP_adder_7/Delay/round2/netlist.v:1655,
  delay will still be annotated.


Warning-[SDFCOM_IWSBA] INTERCONNECT will still be annotated
/MasterClass/M143010027_ALU/Hws/HW1/gate_level/FLP_adder_7/Delay/round2/timing.sdf, 1535
module: XOR2D1BWP16P90LVT, "instance: testbench.test_module.sub_85.U137"
  SDF Warning: INTERCONNECT from sub_85.U137.Z to U1370.B1 has Instance at 
  /MasterClass/M143010027_ALU/Hws/HW1/gate_level/FLP_adder_7/Delay/round2/netlist.v:1655,
  delay will still be annotated.


Warning-[SDFCOM_IWSBA] INTERCONNECT will still be annotated
/MasterClass/M143010027_ALU/Hws/HW1/gate_level/FLP_adder_7/Delay/round2/timing.sdf, 1543
module: XOR2D1BWP16P90LVT, "instance: testbench.test_module.sub_85.U138"
  SDF Warning: INTERCONNECT from sub_85.U138.Z to U1367.B1 has Instance at 
  /MasterClass/M143010027_ALU/Hws/HW1/gate_level/FLP_adder_7/Delay/round2/netlist.v:1655,
  delay will still be annotated.


Warning-[SDFCOM_IWSBA] INTERCONNECT will still be annotated
/MasterClass/M143010027_ALU/Hws/HW1/gate_level/FLP_adder_7/Delay/round2/timing.sdf, 1551
module: XOR2D1BWP16P90LVT, "instance: testbench.test_module.sub_85.U151"
  SDF Warning: INTERCONNECT from sub_85.U151.Z to U1364.B1 has Instance at 
  /MasterClass/M143010027_ALU/Hws/HW1/gate_level/FLP_adder_7/Delay/round2/netlist.v:1655,
  delay will still be annotated.


Warning-[SDFCOM_IWSBA] INTERCONNECT will still be annotated
/MasterClass/M143010027_ALU/Hws/HW1/gate_level/FLP_adder_7/Delay/round2/timing.sdf, 1557
module: XNR2D1BWP16P90, "instance: testbench.test_module.sub_85.U194"
  SDF Warning: INTERCONNECT from sub_85.U194.ZN to U1362.B1 has Instance at 
  /MasterClass/M143010027_ALU/Hws/HW1/gate_level/FLP_adder_7/Delay/round2/netlist.v:1655,
  delay will still be annotated.


Warning-[SDFCOM_IWSBA] INTERCONNECT will still be annotated
/MasterClass/M143010027_ALU/Hws/HW1/gate_level/FLP_adder_7/Delay/round2/timing.sdf, 1563
module: XOR2D2BWP16P90LVT, "instance: testbench.test_module.sub_85.U124"
  SDF Warning: INTERCONNECT from sub_85.U124.Z to U1360.B1 has Instance at 
  /MasterClass/M143010027_ALU/Hws/HW1/gate_level/FLP_adder_7/Delay/round2/netlist.v:1655,
  delay will still be annotated.


Warning-[SDFCOM_IWSBA] INTERCONNECT will still be annotated
/MasterClass/M143010027_ALU/Hws/HW1/gate_level/FLP_adder_7/Delay/round2/timing.sdf, 1569
module: XOR2D2BWP16P90LVT, "instance: testbench.test_module.sub_85.U126"
  SDF Warning: INTERCONNECT from sub_85.U126.Z to U1358.B1 has Instance at 
  /MasterClass/M143010027_ALU/Hws/HW1/gate_level/FLP_adder_7/Delay/round2/netlist.v:1655,
  delay will still be annotated.


Warning-[SDFCOM_IWSBA] INTERCONNECT will still be annotated
/MasterClass/M143010027_ALU/Hws/HW1/gate_level/FLP_adder_7/Delay/round2/timing.sdf, 1575
module: XOR2D2BWP16P90LVT, "instance: testbench.test_module.sub_85.U123"
  SDF Warning: INTERCONNECT from sub_85.U123.Z to U1356.B1 has Instance at 
  /MasterClass/M143010027_ALU/Hws/HW1/gate_level/FLP_adder_7/Delay/round2/netlist.v:1655,
  delay will still be annotated.


Warning-[SDFCOM_IWSBA] INTERCONNECT will still be annotated
/MasterClass/M143010027_ALU/Hws/HW1/gate_level/FLP_adder_7/Delay/round2/timing.sdf, 1581
module: XOR2D2BWP16P90LVT, "instance: testbench.test_module.sub_85.U127"
  SDF Warning: INTERCONNECT from sub_85.U127.Z to U1354.B1 has Instance at 
  /MasterClass/M143010027_ALU/Hws/HW1/gate_level/FLP_adder_7/Delay/round2/netlist.v:1655,
  delay will still be annotated.


Warning-[SDFCOM_IWSBA] INTERCONNECT will still be annotated
/MasterClass/M143010027_ALU/Hws/HW1/gate_level/FLP_adder_7/Delay/round2/timing.sdf, 1587
module: XOR2D2BWP16P90LVT, "instance: testbench.test_module.sub_85.U125"
  SDF Warning: INTERCONNECT from sub_85.U125.Z to U1352.B1 has Instance at 
  /MasterClass/M143010027_ALU/Hws/HW1/gate_level/FLP_adder_7/Delay/round2/netlist.v:1655,
  delay will still be annotated.


Warning-[SDFCOM_IWSBA] INTERCONNECT will still be annotated
/MasterClass/M143010027_ALU/Hws/HW1/gate_level/FLP_adder_7/Delay/round2/timing.sdf, 1593
module: XOR2D1BWP16P90LVT, "instance: testbench.test_module.sub_85.U130"
  SDF Warning: INTERCONNECT from sub_85.U130.Z to U1350.B1 has Instance at 
  /MasterClass/M143010027_ALU/Hws/HW1/gate_level/FLP_adder_7/Delay/round2/netlist.v:1655,
  delay will still be annotated.


Warning-[SDFCOM_IWSBA] INTERCONNECT will still be annotated
/MasterClass/M143010027_ALU/Hws/HW1/gate_level/FLP_adder_7/Delay/round2/timing.sdf, 1597
module: INR2D1BWP16P90, "instance: testbench.test_module.sub_85.U195"
  SDF Warning: INTERCONNECT from sub_85.U195.ZN to U1348.A1 has Instance at 
  /MasterClass/M143010027_ALU/Hws/HW1/gate_level/FLP_adder_7/Delay/round2/netlist.v:1655,
  delay will still be annotated.


Warning-[SDFCOM_IWSBA] INTERCONNECT will still be annotated
/MasterClass/M143010027_ALU/Hws/HW1/gate_level/FLP_adder_7/Delay/round2/timing.sdf, 1694
module: INR2D1BWP16P90, "instance: testbench.test_module.sub_86.U131"
  SDF Warning: INTERCONNECT from sub_86.U131.ZN to U1309.A1 has Instance at 
  /MasterClass/M143010027_ALU/Hws/HW1/gate_level/FLP_adder_7/Delay/round2/netlist.v:1643,
  delay will still be annotated.


Warning-[SDFCOM_IWSBA] INTERCONNECT will still be annotated
/MasterClass/M143010027_ALU/Hws/HW1/gate_level/FLP_adder_7/Delay/round2/timing.sdf, 1699
module: XOR2D2BWP16P90LVT, "instance: testbench.test_module.sub_86.U125"
  SDF Warning: INTERCONNECT from sub_86.U125.Z to U1308.B1 has Instance at 
  /MasterClass/M143010027_ALU/Hws/HW1/gate_level/FLP_adder_7/Delay/round2/netlist.v:1643,
  delay will still be annotated.


Warning-[SDFCOM_IWSBA] INTERCONNECT will still be annotated
/MasterClass/M143010027_ALU/Hws/HW1/gate_level/FLP_adder_7/Delay/round2/timing.sdf, 1705
module: XOR2D2BWP16P90LVT, "instance: testbench.test_module.sub_86.U127"
  SDF Warning: INTERCONNECT from sub_86.U127.Z to U1305.B1 has Instance at 
  /MasterClass/M143010027_ALU/Hws/HW1/gate_level/FLP_adder_7/Delay/round2/netlist.v:1643,
  delay will still be annotated.


Warning-[SDFCOM_IWSBA] INTERCONNECT will still be annotated
/MasterClass/M143010027_ALU/Hws/HW1/gate_level/FLP_adder_7/Delay/round2/timing.sdf, 1709
module: XOR2D2BWP16P90LVT, "instance: testbench.test_module.sub_86.U129"
  SDF Warning: INTERCONNECT from sub_86.U129.Z to U1304.B1 has Instance at 
  /MasterClass/M143010027_ALU/Hws/HW1/gate_level/FLP_adder_7/Delay/round2/netlist.v:1643,
  delay will still be annotated.


Warning-[SDFCOM_IWSBA] INTERCONNECT will still be annotated
/MasterClass/M143010027_ALU/Hws/HW1/gate_level/FLP_adder_7/Delay/round2/timing.sdf, 1715
module: XOR2D1BWP16P90LVT, "instance: testbench.test_module.sub_86.U133"
  SDF Warning: INTERCONNECT from sub_86.U133.Z to U1301.B1 has Instance at 
  /MasterClass/M143010027_ALU/Hws/HW1/gate_level/FLP_adder_7/Delay/round2/netlist.v:1643,
  delay will still be annotated.


Warning-[SDFCOM_IWSBA] INTERCONNECT will still be annotated
/MasterClass/M143010027_ALU/Hws/HW1/gate_level/FLP_adder_7/Delay/round2/timing.sdf, 1719
module: XOR2D2BWP16P90LVT, "instance: testbench.test_module.sub_86.U128"
  SDF Warning: INTERCONNECT from sub_86.U128.Z to U1300.B1 has Instance at 
  /MasterClass/M143010027_ALU/Hws/HW1/gate_level/FLP_adder_7/Delay/round2/netlist.v:1643,
  delay will still be annotated.


Warning-[SDFCOM_IWSBA] INTERCONNECT will still be annotated
/MasterClass/M143010027_ALU/Hws/HW1/gate_level/FLP_adder_7/Delay/round2/timing.sdf, 1725
module: XOR2D2BWP16P90LVT, "instance: testbench.test_module.sub_86.U126"
  SDF Warning: INTERCONNECT from sub_86.U126.Z to U1297.B1 has Instance at 
  /MasterClass/M143010027_ALU/Hws/HW1/gate_level/FLP_adder_7/Delay/round2/netlist.v:1643,
  delay will still be annotated.


Warning-[SDFCOM_IWSBA] INTERCONNECT will still be annotated
/MasterClass/M143010027_ALU/Hws/HW1/gate_level/FLP_adder_7/Delay/round2/timing.sdf, 1729
module: XNR2D1BWP16P90, "instance: testbench.test_module.sub_86.U192"
  SDF Warning: INTERCONNECT from sub_86.U192.ZN to U1296.B1 has Instance at 
  /MasterClass/M143010027_ALU/Hws/HW1/gate_level/FLP_adder_7/Delay/round2/netlist.v:1643,
  delay will still be annotated.


Warning-[SDFCOM_IWSBA] INTERCONNECT will still be annotated
/MasterClass/M143010027_ALU/Hws/HW1/gate_level/FLP_adder_7/Delay/round2/timing.sdf, 1735
module: XOR2D1BWP16P90LVT, "instance: testbench.test_module.sub_86.U173"
  SDF Warning: INTERCONNECT from sub_86.U173.Z to U1293.B1 has Instance at 
  /MasterClass/M143010027_ALU/Hws/HW1/gate_level/FLP_adder_7/Delay/round2/netlist.v:1643,
  delay will still be annotated.


Warning-[SDFCOM_IWSBA] INTERCONNECT will still be annotated
/MasterClass/M143010027_ALU/Hws/HW1/gate_level/FLP_adder_7/Delay/round2/timing.sdf, 1739
module: XOR2D1BWP16P90LVT, "instance: testbench.test_module.sub_86.U144"
  SDF Warning: INTERCONNECT from sub_86.U144.Z to U1292.B1 has Instance at 
  /MasterClass/M143010027_ALU/Hws/HW1/gate_level/FLP_adder_7/Delay/round2/netlist.v:1643,
  delay will still be annotated.


Warning-[SDFCOM_IWSBA] INTERCONNECT will still be annotated
/MasterClass/M143010027_ALU/Hws/HW1/gate_level/FLP_adder_7/Delay/round2/timing.sdf, 1745
module: XOR2D1BWP16P90LVT, "instance: testbench.test_module.sub_86.U143"
  SDF Warning: INTERCONNECT from sub_86.U143.Z to U1289.B1 has Instance at 
  /MasterClass/M143010027_ALU/Hws/HW1/gate_level/FLP_adder_7/Delay/round2/netlist.v:1643,
  delay will still be annotated.


Warning-[SDFCOM_IWSBA] INTERCONNECT will still be annotated
/MasterClass/M143010027_ALU/Hws/HW1/gate_level/FLP_adder_7/Delay/round2/timing.sdf, 1749
module: XOR2D1BWP16P90LVT, "instance: testbench.test_module.sub_86.U168"
  SDF Warning: INTERCONNECT from sub_86.U168.Z to U1288.B1 has Instance at 
  /MasterClass/M143010027_ALU/Hws/HW1/gate_level/FLP_adder_7/Delay/round2/netlist.v:1643,
  delay will still be annotated.


Warning-[SDFCOM_IWSBA] INTERCONNECT will still be annotated
/MasterClass/M143010027_ALU/Hws/HW1/gate_level/FLP_adder_7/Delay/round2/timing.sdf, 1755
module: XOR2D1BWP16P90LVT, "instance: testbench.test_module.sub_86.U171"
  SDF Warning: INTERCONNECT from sub_86.U171.Z to U1285.B1 has Instance at 
  /MasterClass/M143010027_ALU/Hws/HW1/gate_level/FLP_adder_7/Delay/round2/netlist.v:1643,
  delay will still be annotated.


Warning-[SDFCOM_IWSBA] INTERCONNECT will still be annotated
/MasterClass/M143010027_ALU/Hws/HW1/gate_level/FLP_adder_7/Delay/round2/timing.sdf, 1759
module: XOR2D1BWP16P90LVT, "instance: testbench.test_module.sub_86.U169"
  SDF Warning: INTERCONNECT from sub_86.U169.Z to U1284.B1 has Instance at 
  /MasterClass/M143010027_ALU/Hws/HW1/gate_level/FLP_adder_7/Delay/round2/netlist.v:1643,
  delay will still be annotated.


Warning-[SDFCOM_IWSBA] INTERCONNECT will still be annotated
/MasterClass/M143010027_ALU/Hws/HW1/gate_level/FLP_adder_7/Delay/round2/timing.sdf, 1765
module: XOR2D1BWP16P90LVT, "instance: testbench.test_module.sub_86.U150"
  SDF Warning: INTERCONNECT from sub_86.U150.Z to U1281.B1 has Instance at 
  /MasterClass/M143010027_ALU/Hws/HW1/gate_level/FLP_adder_7/Delay/round2/netlist.v:1643,
  delay will still be annotated.


Warning-[SDFCOM_IWSBA] INTERCONNECT will still be annotated
/MasterClass/M143010027_ALU/Hws/HW1/gate_level/FLP_adder_7/Delay/round2/timing.sdf, 1769
module: XNR2D1BWP16P90, "instance: testbench.test_module.sub_86.U200"
  SDF Warning: INTERCONNECT from sub_86.U200.ZN to U1280.B1 has Instance at 
  /MasterClass/M143010027_ALU/Hws/HW1/gate_level/FLP_adder_7/Delay/round2/netlist.v:1643,
  delay will still be annotated.


Warning-[SDFCOM_IWSBA] INTERCONNECT will still be annotated
/MasterClass/M143010027_ALU/Hws/HW1/gate_level/FLP_adder_7/Delay/round2/timing.sdf, 1775
module: XNR2D1BWP16P90, "instance: testbench.test_module.sub_86.U193"
  SDF Warning: INTERCONNECT from sub_86.U193.ZN to U1277.B1 has Instance at 
  /MasterClass/M143010027_ALU/Hws/HW1/gate_level/FLP_adder_7/Delay/round2/netlist.v:1643,
  delay will still be annotated.


Warning-[SDFCOM_IWSBA] INTERCONNECT will still be annotated
/MasterClass/M143010027_ALU/Hws/HW1/gate_level/FLP_adder_7/Delay/round2/timing.sdf, 1779
module: XNR2D1BWP16P90, "instance: testbench.test_module.sub_86.U197"
  SDF Warning: INTERCONNECT from sub_86.U197.ZN to U1276.B1 has Instance at 
  /MasterClass/M143010027_ALU/Hws/HW1/gate_level/FLP_adder_7/Delay/round2/netlist.v:1643,
  delay will still be annotated.


Warning-[SDFCOM_IWSBA] INTERCONNECT will still be annotated
/MasterClass/M143010027_ALU/Hws/HW1/gate_level/FLP_adder_7/Delay/round2/timing.sdf, 1785
module: XNR2D1BWP16P90, "instance: testbench.test_module.sub_86.U195"
  SDF Warning: INTERCONNECT from sub_86.U195.ZN to U1273.B1 has Instance at 
  /MasterClass/M143010027_ALU/Hws/HW1/gate_level/FLP_adder_7/Delay/round2/netlist.v:1643,
  delay will still be annotated.


Warning-[SDFCOM_IWSBA] INTERCONNECT will still be annotated
/MasterClass/M143010027_ALU/Hws/HW1/gate_level/FLP_adder_7/Delay/round2/timing.sdf, 1789
module: XOR2D1BWP16P90, "instance: testbench.test_module.sub_86.U201"
  SDF Warning: INTERCONNECT from sub_86.U201.Z to U1272.B1 has Instance at 
  /MasterClass/M143010027_ALU/Hws/HW1/gate_level/FLP_adder_7/Delay/round2/netlist.v:1643,
  delay will still be annotated.


Warning-[SDFCOM_IWSBA] INTERCONNECT will still be annotated
/MasterClass/M143010027_ALU/Hws/HW1/gate_level/FLP_adder_7/Delay/round2/timing.sdf, 1795
module: XOR2D1BWP16P90, "instance: testbench.test_module.sub_86.U199"
  SDF Warning: INTERCONNECT from sub_86.U199.Z to U1269.B1 has Instance at 
  /MasterClass/M143010027_ALU/Hws/HW1/gate_level/FLP_adder_7/Delay/round2/netlist.v:1643,
  delay will still be annotated.


Warning-[SDFCOM_IWSBA] INTERCONNECT will still be annotated
/MasterClass/M143010027_ALU/Hws/HW1/gate_level/FLP_adder_7/Delay/round2/timing.sdf, 1799
module: XNR2D1BWP16P90, "instance: testbench.test_module.sub_86.U202"
  SDF Warning: INTERCONNECT from sub_86.U202.ZN to U1268.B1 has Instance at 
  /MasterClass/M143010027_ALU/Hws/HW1/gate_level/FLP_adder_7/Delay/round2/netlist.v:1643,
  delay will still be annotated.


Warning-[SDFCOM_IWSBA] INTERCONNECT will still be annotated
/MasterClass/M143010027_ALU/Hws/HW1/gate_level/FLP_adder_7/Delay/round2/timing.sdf, 1807
module: XNR2D1BWP16P90, "instance: testbench.test_module.sub_86.U203"
  SDF Warning: INTERCONNECT from sub_86.U203.ZN to U1266.B1 has Instance at 
  /MasterClass/M143010027_ALU/Hws/HW1/gate_level/FLP_adder_7/Delay/round2/netlist.v:1643,
  delay will still be annotated.


Warning-[SDFCOM_IWSBA] INTERCONNECT will still be annotated
/MasterClass/M143010027_ALU/Hws/HW1/gate_level/FLP_adder_7/Delay/round2/timing.sdf, 1811
module: INVD1BWP16P90LVT, "instance: testbench.test_module.U1010"
  SDF Warning: INTERCONNECT from U1010.ZN to U1265.B1 has Instance at 
  /MasterClass/M143010027_ALU/Hws/HW1/gate_level/FLP_adder_7/Delay/round2/netlist.v:1643,
  delay will still be annotated.


Warning-[SDFCOM_IWSBA] INTERCONNECT will still be annotated
/MasterClass/M143010027_ALU/Hws/HW1/gate_level/FLP_adder_7/Delay/round2/timing.sdf, 2113
module: XOR2D1BWP16P90LVT, "instance: testbench.test_module.add_127.U160"
  SDF Warning: INTERCONNECT from add_127.U160.Z to U1116.I1 has Instance at 
  /MasterClass/M143010027_ALU/Hws/HW1/gate_level/FLP_adder_7/Delay/round2/netlist.v:1614,
  delay will still be annotated.


Warning-[SDFCOM_IWSBA] INTERCONNECT will still be annotated
/MasterClass/M143010027_ALU/Hws/HW1/gate_level/FLP_adder_7/Delay/round2/timing.sdf, 2597
module: XOR2D1BWP16P90LVT, "instance: testbench.test_module.sub_85.U200"
  SDF Warning: INTERCONNECT from sub_85.U200.Z to U863.B1 has Instance at 
  /MasterClass/M143010027_ALU/Hws/HW1/gate_level/FLP_adder_7/Delay/round2/netlist.v:1655,
  delay will still be annotated.


Warning-[SDFCOM_IWSBA] INTERCONNECT will still be annotated
/MasterClass/M143010027_ALU/Hws/HW1/gate_level/FLP_adder_7/Delay/round2/timing.sdf, 2635
module: XOR2D1BWP16P90LVT, "instance: testbench.test_module.sub_85.U143"
  SDF Warning: INTERCONNECT from sub_85.U143.Z to U847.A1 has Instance at 
  /MasterClass/M143010027_ALU/Hws/HW1/gate_level/FLP_adder_7/Delay/round2/netlist.v:1655,
  delay will still be annotated.


Warning-[SDFCOM_IWSBA] INTERCONNECT will still be annotated
/MasterClass/M143010027_ALU/Hws/HW1/gate_level/FLP_adder_7/Delay/round2/timing.sdf, 2693
module: XNR2D1BWP16P90LVT, "instance: testbench.test_module.sub_85.U141"
  SDF Warning: INTERCONNECT from sub_85.U141.ZN to U819.A1 has Instance at 
  /MasterClass/M143010027_ALU/Hws/HW1/gate_level/FLP_adder_7/Delay/round2/netlist.v:1655,
  delay will still be annotated.


Warning-[SDFCOM_SWC] Simple Wire Connection
/MasterClass/M143010027_ALU/Hws/HW1/gate_level/FLP_adder_7/Delay/round2/timing.sdf, 2741
module: XNR2D1BWP16P90LVT, "instance: testbench.test_module.sub_123.U120"
  SDF Warning: The path from sub_123.U120.ZN to U795.I doesn't have a simple 
  wire connection, delay will still be annotated.


Warning-[SDFCOM_SWC] Simple Wire Connection
/MasterClass/M143010027_ALU/Hws/HW1/gate_level/FLP_adder_7/Delay/round2/timing.sdf, 3040
module: XNR2D1BWP16P90LVT, "instance: testbench.test_module.sub_123.U77"
  SDF Warning: The path from sub_123.U77.ZN to U661.I doesn't have a simple 
  wire connection, delay will still be annotated.


Warning-[SDFCOM_SWC] Simple Wire Connection
/MasterClass/M143010027_ALU/Hws/HW1/gate_level/FLP_adder_7/Delay/round2/timing.sdf, 3207
module: DFQD2BWP16P90LVT, "instance: testbench.test_module.s4_ea_reg_6_"
  SDF Warning: The path from s4_ea_reg_6_.Q to sub_123.U116.A2 doesn't have a 
  simple wire connection, delay will still be annotated.


Warning-[SDFCOM_SWC] Simple Wire Connection
/MasterClass/M143010027_ALU/Hws/HW1/gate_level/FLP_adder_7/Delay/round2/timing.sdf, 3208
module: DFQD2BWP16P90LVT, "instance: testbench.test_module.s4_ea_reg_7_"
  SDF Warning: The path from s4_ea_reg_7_.Q to sub_123.U115.I doesn't have a 
  simple wire connection, delay will still be annotated.


Warning-[SDFCOM_SWC] Simple Wire Connection
/MasterClass/M143010027_ALU/Hws/HW1/gate_level/FLP_adder_7/Delay/round2/timing.sdf, 3209
module: DFQD2BWP16P90LVT, "instance: testbench.test_module.s4_ea_reg_6_"
  SDF Warning: The path from s4_ea_reg_6_.Q to sub_123.U114.I doesn't have a 
  simple wire connection, delay will still be annotated.


Warning-[SDFCOM_SWC] Simple Wire Connection
/MasterClass/M143010027_ALU/Hws/HW1/gate_level/FLP_adder_7/Delay/round2/timing.sdf, 3211
module: DFQD2BWP16P90LVT, "instance: testbench.test_module.s4_ea_reg_5_"
  SDF Warning: The path from s4_ea_reg_5_.Q to sub_123.U113.A2 doesn't have a 
  simple wire connection, delay will still be annotated.


Warning-[SDFCOM_SWC] Simple Wire Connection
/MasterClass/M143010027_ALU/Hws/HW1/gate_level/FLP_adder_7/Delay/round2/timing.sdf, 3212
module: DFQD2BWP16P90LVT, "instance: testbench.test_module.s4_ea_reg_5_"
  SDF Warning: The path from s4_ea_reg_5_.Q to sub_123.U112.I doesn't have a 
  simple wire connection, delay will still be annotated.


Warning-[SDFCOM_SWC] Simple Wire Connection
/MasterClass/M143010027_ALU/Hws/HW1/gate_level/FLP_adder_7/Delay/round2/timing.sdf, 3214
module: DFQD2BWP16P90LVT, "instance: testbench.test_module.s4_ea_reg_3_"
  SDF Warning: The path from s4_ea_reg_3_.Q to sub_123.U111.A2 doesn't have a 
  simple wire connection, delay will still be annotated.


Warning-[SDFCOM_SWC] Simple Wire Connection
/MasterClass/M143010027_ALU/Hws/HW1/gate_level/FLP_adder_7/Delay/round2/timing.sdf, 3245
module: DFQD2BWP16P90LVT, "instance: testbench.test_module.s4_ea_reg_4_"
  SDF Warning: The path from s4_ea_reg_4_.Q to sub_123.U96.A2 doesn't have a 
  simple wire connection, delay will still be annotated.


Warning-[SDFCOM_SWC] Simple Wire Connection
/MasterClass/M143010027_ALU/Hws/HW1/gate_level/FLP_adder_7/Delay/round2/timing.sdf, 3246
module: OAI22D1BWP16P90LVT, "instance: testbench.test_module.U685"
  SDF Warning: The path from U685.ZN to sub_123.U95.I doesn't have a simple 
  wire connection, delay will still be annotated.


Warning-[SDFCOM_SWC] Simple Wire Connection
/MasterClass/M143010027_ALU/Hws/HW1/gate_level/FLP_adder_7/Delay/round2/timing.sdf, 3248
module: DFQD2BWP16P90LVT, "instance: testbench.test_module.s4_ea_reg_2_"
  SDF Warning: The path from s4_ea_reg_2_.Q to sub_123.U94.A2 doesn't have a 
  simple wire connection, delay will still be annotated.


Warning-[SDFCOM_SWC] Simple Wire Connection
/MasterClass/M143010027_ALU/Hws/HW1/gate_level/FLP_adder_7/Delay/round2/timing.sdf, 3250
module: DFQD2BWP16P90LVT, "instance: testbench.test_module.s4_ea_reg_2_"
  SDF Warning: The path from s4_ea_reg_2_.Q to sub_123.U93.A2 doesn't have a 
  simple wire connection, delay will still be annotated.


Warning-[SDFCOM_SWC] Simple Wire Connection
/MasterClass/M143010027_ALU/Hws/HW1/gate_level/FLP_adder_7/Delay/round2/timing.sdf, 3254
module: DFQD2BWP16P90LVT, "instance: testbench.test_module.s4_ea_reg_0_"
  SDF Warning: The path from s4_ea_reg_0_.Q to sub_123.U91.A2 doesn't have a 
  simple wire connection, delay will still be annotated.


Warning-[SDFCOM_SWC] Simple Wire Connection
/MasterClass/M143010027_ALU/Hws/HW1/gate_level/FLP_adder_7/Delay/round2/timing.sdf, 3259
module: OAI32D1BWP16P90LVT, "instance: testbench.test_module.U1556"
  SDF Warning: The path from U1556.ZN to sub_123.U88.I doesn't have a simple 
  wire connection, delay will still be annotated.


Warning-[SDFCOM_SWC] Simple Wire Connection
/MasterClass/M143010027_ALU/Hws/HW1/gate_level/FLP_adder_7/Delay/round2/timing.sdf, 3261
module: DFQD2BWP16P90LVT, "instance: testbench.test_module.s4_ea_reg_4_"
  SDF Warning: The path from s4_ea_reg_4_.Q to sub_123.U87.A2 doesn't have a 
  simple wire connection, delay will still be annotated.


Warning-[SDFCOM_SWC] Simple Wire Connection
/MasterClass/M143010027_ALU/Hws/HW1/gate_level/FLP_adder_7/Delay/round2/timing.sdf, 3276
module: DFQD2BWP16P90LVT, "instance: testbench.test_module.s4_ea_reg_0_"
  SDF Warning: The path from s4_ea_reg_0_.Q to sub_123.U79.A2 doesn't have a 
  simple wire connection, delay will still be annotated.


Warning-[SDFCOM_SWC] Simple Wire Connection
/MasterClass/M143010027_ALU/Hws/HW1/gate_level/FLP_adder_7/Delay/round2/timing.sdf, 3277
module: CKND2BWP16P90LVT, "instance: testbench.test_module.U908"
  SDF Warning: The path from U908.ZN to sub_123.U78.A1 doesn't have a simple 
  wire connection, delay will still be annotated.


Warning-[SDFCOM_SWC] Simple Wire Connection
/MasterClass/M143010027_ALU/Hws/HW1/gate_level/FLP_adder_7/Delay/round2/timing.sdf, 3282
module: DFQD2BWP16P90LVT, "instance: testbench.test_module.s4_ea_reg_1_"
  SDF Warning: The path from s4_ea_reg_1_.Q to sub_123.U76.A2 doesn't have a 
  simple wire connection, delay will still be annotated.


Warning-[SDFCOM_SWC] Simple Wire Connection
/MasterClass/M143010027_ALU/Hws/HW1/gate_level/FLP_adder_7/Delay/round2/timing.sdf, 3284
module: DFQD2BWP16P90LVT, "instance: testbench.test_module.s4_ea_reg_2_"
  SDF Warning: The path from s4_ea_reg_2_.Q to sub_123.U75.A2 doesn't have a 
  simple wire connection, delay will still be annotated.


Warning-[SDFCOM_SWC] Simple Wire Connection
/MasterClass/M143010027_ALU/Hws/HW1/gate_level/FLP_adder_7/Delay/round2/timing.sdf, 3285
module: AOI32D1BWP16P90LVT, "instance: testbench.test_module.U926"
  SDF Warning: The path from U926.ZN to sub_123.U74.I doesn't have a simple 
  wire connection, delay will still be annotated.


Warning-[SDFCOM_SWC] Simple Wire Connection
/MasterClass/M143010027_ALU/Hws/HW1/gate_level/FLP_adder_7/Delay/round2/timing.sdf, 3286
module: OAI31D1BWP16P90LVT, "instance: testbench.test_module.U680"
  SDF Warning: The path from U680.ZN to sub_123.U73.I doesn't have a simple 
  wire connection, delay will still be annotated.


Warning-[SDFCOM_SWC] Simple Wire Connection
/MasterClass/M143010027_ALU/Hws/HW1/gate_level/FLP_adder_7/Delay/round2/timing.sdf, 3288
module: DFQD2BWP16P90LVT, "instance: testbench.test_module.s4_ea_reg_3_"
  SDF Warning: The path from s4_ea_reg_3_.Q to sub_123.U72.A2 doesn't have a 
  simple wire connection, delay will still be annotated.


Warning-[SDFCOM_SWC] Simple Wire Connection
/MasterClass/M143010027_ALU/Hws/HW1/gate_level/FLP_adder_7/Delay/round2/timing.sdf, 3294
module: AOI211D2BWP16P90LVT, "instance: testbench.test_module.U936"
  SDF Warning: The path from U936.ZN to sub_123.U68.I doesn't have a simple 
  wire connection, delay will still be annotated.


Warning-[SDFCOM_SWC] Simple Wire Connection
/MasterClass/M143010027_ALU/Hws/HW1/gate_level/FLP_adder_7/Delay/round2/timing.sdf, 3296
module: DFQD2BWP16P90LVT, "instance: testbench.test_module.s4_ea_reg_1_"
  SDF Warning: The path from s4_ea_reg_1_.Q to sub_123.U67.A2 doesn't have a 
  simple wire connection, delay will still be annotated.


Warning-[SDFCOM_SWC] Simple Wire Connection
/MasterClass/M143010027_ALU/Hws/HW1/gate_level/FLP_adder_7/Delay/round2/timing.sdf, 3298
module: DFQD2BWP16P90LVT, "instance: testbench.test_module.s4_ea_reg_1_"
  SDF Warning: The path from s4_ea_reg_1_.Q to sub_123.U66.A2 doesn't have a 
  simple wire connection, delay will still be annotated.


Warning-[SDFCOM_SWC] Simple Wire Connection
/MasterClass/M143010027_ALU/Hws/HW1/gate_level/FLP_adder_7/Delay/round2/timing.sdf, 3300
module: DFQD2BWP16P90LVT, "instance: testbench.test_module.s4_ea_reg_4_"
  SDF Warning: The path from s4_ea_reg_4_.Q to sub_123.U65.A2 doesn't have a 
  simple wire connection, delay will still be annotated.


Warning-[SDFCOM_SWC] Simple Wire Connection
/MasterClass/M143010027_ALU/Hws/HW1/gate_level/FLP_adder_7/Delay/round2/timing.sdf, 3303
module: CKND2BWP16P90LVT, "instance: testbench.test_module.U908"
  SDF Warning: The path from U908.ZN to sub_123.U21.A1 doesn't have a simple 
  wire connection, delay will still be annotated.


Warning-[SDFCOM_SWC] Simple Wire Connection
/MasterClass/M143010027_ALU/Hws/HW1/gate_level/FLP_adder_7/Delay/round2/timing.sdf, 3308
module: DFQD2BWP16P90LVT, "instance: testbench.test_module.s4_ea_reg_5_"
  SDF Warning: The path from s4_ea_reg_5_.Q to sub_123.U15.A2 doesn't have a 
  simple wire connection, delay will still be annotated.


Warning-[SDFCOM_SWC] Simple Wire Connection
/MasterClass/M143010027_ALU/Hws/HW1/gate_level/FLP_adder_7/Delay/round2/timing.sdf, 3312
module: DFQD2BWP16P90LVT, "instance: testbench.test_module.s4_ea_reg_6_"
  SDF Warning: The path from s4_ea_reg_6_.Q to sub_123.U5.A2 doesn't have a 
  simple wire connection, delay will still be annotated.


Warning-[SDFCOM_SWC] Simple Wire Connection
/MasterClass/M143010027_ALU/Hws/HW1/gate_level/FLP_adder_7/Delay/round2/timing.sdf, 3316
module: INVD1BWP16P90LVT, "instance: testbench.test_module.U1031"
  SDF Warning: The path from U1031.ZN to sub_85.U202.A2 doesn't have a simple 
  wire connection, delay will still be annotated.


Warning-[SDFCOM_SWC] Simple Wire Connection
/MasterClass/M143010027_ALU/Hws/HW1/gate_level/FLP_adder_7/Delay/round2/timing.sdf, 3320
module: INVD1BWP16P90LVT, "instance: testbench.test_module.U1040"
  SDF Warning: The path from U1040.ZN to sub_85.U200.A2 doesn't have a simple 
  wire connection, delay will still be annotated.


Warning-[SDFCOM_SWC] Simple Wire Connection
/MasterClass/M143010027_ALU/Hws/HW1/gate_level/FLP_adder_7/Delay/round2/timing.sdf, 3322
module: INVD1BWP16P90LVT, "instance: testbench.test_module.U1026"
  SDF Warning: The path from U1026.ZN to sub_85.U198.A1 doesn't have a simple 
  wire connection, delay will still be annotated.


Warning-[SDFCOM_SWC] Simple Wire Connection
/MasterClass/M143010027_ALU/Hws/HW1/gate_level/FLP_adder_7/Delay/round2/timing.sdf, 3325
module: INVD1BWP16P90LVT, "instance: testbench.test_module.U1018"
  SDF Warning: The path from U1018.ZN to sub_85.U197.A2 doesn't have a simple 
  wire connection, delay will still be annotated.


Warning-[SDFCOM_SWC] Simple Wire Connection
/MasterClass/M143010027_ALU/Hws/HW1/gate_level/FLP_adder_7/Delay/round2/timing.sdf, 3327
module: INVD1BWP16P90LVT, "instance: testbench.test_module.U1035"
  SDF Warning: The path from U1035.ZN to sub_85.U196.A2 doesn't have a simple 
  wire connection, delay will still be annotated.


Warning-[SDFCOM_SWC] Simple Wire Connection
/MasterClass/M143010027_ALU/Hws/HW1/gate_level/FLP_adder_7/Delay/round2/timing.sdf, 3331
module: INVD1BWP16P90LVT, "instance: testbench.test_module.U1037"
  SDF Warning: The path from U1037.ZN to sub_85.U194.A2 doesn't have a simple 
  wire connection, delay will still be annotated.


Warning-[SDFCOM_SWC] Simple Wire Connection
/MasterClass/M143010027_ALU/Hws/HW1/gate_level/FLP_adder_7/Delay/round2/timing.sdf, 3333
module: INVD1BWP16P90LVT, "instance: testbench.test_module.U1021"
  SDF Warning: The path from U1021.ZN to sub_85.U193.A2 doesn't have a simple 
  wire connection, delay will still be annotated.


Warning-[SDFCOM_SWC] Simple Wire Connection
/MasterClass/M143010027_ALU/Hws/HW1/gate_level/FLP_adder_7/Delay/round2/timing.sdf, 3336
module: INVD1BWP16P90LVT, "instance: testbench.test_module.U1020"
  SDF Warning: The path from U1020.ZN to sub_85.U191.A2 doesn't have a simple 
  wire connection, delay will still be annotated.


Warning-[SDFCOM_SWC] Simple Wire Connection
/MasterClass/M143010027_ALU/Hws/HW1/gate_level/FLP_adder_7/Delay/round2/timing.sdf, 3338
module: INVD1BWP16P90LVT, "instance: testbench.test_module.U1031"
  SDF Warning: The path from U1031.ZN to sub_85.U190.A2 doesn't have a simple 
  wire connection, delay will still be annotated.


Warning-[SDFCOM_SWC] Simple Wire Connection
/MasterClass/M143010027_ALU/Hws/HW1/gate_level/FLP_adder_7/Delay/round2/timing.sdf, 3342
module: INVD1BWP16P90LVT, "instance: testbench.test_module.U1040"
  SDF Warning: The path from U1040.ZN to sub_85.U188.A2 doesn't have a simple 
  wire connection, delay will still be annotated.


Warning-[SDFCOM_SWC] Simple Wire Connection
/MasterClass/M143010027_ALU/Hws/HW1/gate_level/FLP_adder_7/Delay/round2/timing.sdf, 3344
module: INVD1BWP16P90LVT, "instance: testbench.test_module.U1029"
  SDF Warning: The path from U1029.ZN to sub_85.U187.A2 doesn't have a simple 
  wire connection, delay will still be annotated.


Warning-[SDFCOM_SWC] Simple Wire Connection
/MasterClass/M143010027_ALU/Hws/HW1/gate_level/FLP_adder_7/Delay/round2/timing.sdf, 3348
module: INVD1BWP16P90LVT, "instance: testbench.test_module.U1022"
  SDF Warning: The path from U1022.ZN to sub_85.U185.A2 doesn't have a simple 
  wire connection, delay will still be annotated.


Warning-[SDFCOM_SWC] Simple Wire Connection
/MasterClass/M143010027_ALU/Hws/HW1/gate_level/FLP_adder_7/Delay/round2/timing.sdf, 3350
module: INVD1BWP16P90LVT, "instance: testbench.test_module.U1020"
  SDF Warning: The path from U1020.ZN to sub_85.U184.A2 doesn't have a simple 
  wire connection, delay will still be annotated.


Warning-[SDFCOM_SWC] Simple Wire Connection
/MasterClass/M143010027_ALU/Hws/HW1/gate_level/FLP_adder_7/Delay/round2/timing.sdf, 3354
module: INVD1BWP16P90LVT, "instance: testbench.test_module.U1044"
  SDF Warning: The path from U1044.ZN to sub_85.U182.A2 doesn't have a simple 
  wire connection, delay will still be annotated.


Warning-[SDFCOM_SWC] Simple Wire Connection
/MasterClass/M143010027_ALU/Hws/HW1/gate_level/FLP_adder_7/Delay/round2/timing.sdf, 3356
module: INVD1BWP16P90LVT, "instance: testbench.test_module.U965"
  SDF Warning: The path from U965.ZN to sub_85.U180.A1 doesn't have a simple 
  wire connection, delay will still be annotated.


Warning-[SDFCOM_SWC] Simple Wire Connection
/MasterClass/M143010027_ALU/Hws/HW1/gate_level/FLP_adder_7/Delay/round2/timing.sdf, 3358
module: INVD1BWP16P90LVT, "instance: testbench.test_module.U972"
  SDF Warning: The path from U972.ZN to sub_85.U179.I doesn't have a simple 
  wire connection, delay will still be annotated.


Warning-[SDFCOM_SWC] Simple Wire Connection
/MasterClass/M143010027_ALU/Hws/HW1/gate_level/FLP_adder_7/Delay/round2/timing.sdf, 3359
module: INVD1BWP16P90LVT, "instance: testbench.test_module.U1040"
  SDF Warning: The path from U1040.ZN to sub_85.U178.A1 doesn't have a simple 
  wire connection, delay will still be annotated.


Warning-[SDFCOM_SWC] Simple Wire Connection
/MasterClass/M143010027_ALU/Hws/HW1/gate_level/FLP_adder_7/Delay/round2/timing.sdf, 3361
module: INVD1BWP16P90LVT, "instance: testbench.test_module.U973"
  SDF Warning: The path from U973.ZN to sub_85.U177.I doesn't have a simple 
  wire connection, delay will still be annotated.


Warning-[SDFCOM_SWC] Simple Wire Connection
/MasterClass/M143010027_ALU/Hws/HW1/gate_level/FLP_adder_7/Delay/round2/timing.sdf, 3362
module: INVD1BWP16P90LVT, "instance: testbench.test_module.U1026"
  SDF Warning: The path from U1026.ZN to sub_85.U176.A1 doesn't have a simple 
  wire connection, delay will still be annotated.


Warning-[SDFCOM_SWC] Simple Wire Connection
/MasterClass/M143010027_ALU/Hws/HW1/gate_level/FLP_adder_7/Delay/round2/timing.sdf, 3364
module: INVD1BWP16P90LVT, "instance: testbench.test_module.U1020"
  SDF Warning: The path from U1020.ZN to sub_85.U175.A1 doesn't have a simple 
  wire connection, delay will still be annotated.


Warning-[SDFCOM_SWC] Simple Wire Connection
/MasterClass/M143010027_ALU/Hws/HW1/gate_level/FLP_adder_7/Delay/round2/timing.sdf, 3366
module: INVD1BWP16P90LVT, "instance: testbench.test_module.U1021"
  SDF Warning: The path from U1021.ZN to sub_85.U174.I doesn't have a simple 
  wire connection, delay will still be annotated.


Warning-[SDFCOM_SWC] Simple Wire Connection
/MasterClass/M143010027_ALU/Hws/HW1/gate_level/FLP_adder_7/Delay/round2/timing.sdf, 3378
module: INVD1BWP16P90LVT, "instance: testbench.test_module.U965"
  SDF Warning: The path from U965.ZN to sub_85.U168.A2 doesn't have a simple 
  wire connection, delay will still be annotated.


Warning-[SDFCOM_SWC] Simple Wire Connection
/MasterClass/M143010027_ALU/Hws/HW1/gate_level/FLP_adder_7/Delay/round2/timing.sdf, 3380
module: CKND1BWP16P90LVT, "instance: testbench.test_module.U1054"
  SDF Warning: The path from U1054.ZN to sub_85.U167.A2 doesn't have a simple 
  wire connection, delay will still be annotated.


Warning-[SDFCOM_SWC] Simple Wire Connection
/MasterClass/M143010027_ALU/Hws/HW1/gate_level/FLP_adder_7/Delay/round2/timing.sdf, 3381
module: INVD1BWP16P90LVT, "instance: testbench.test_module.U1037"
  SDF Warning: The path from U1037.ZN to sub_85.U166.I doesn't have a simple 
  wire connection, delay will still be annotated.


Warning-[SDFCOM_SWC] Simple Wire Connection
/MasterClass/M143010027_ALU/Hws/HW1/gate_level/FLP_adder_7/Delay/round2/timing.sdf, 3382
module: INVD1BWP16P90LVT, "instance: testbench.test_module.U1039"
  SDF Warning: The path from U1039.ZN to sub_85.U165.I doesn't have a simple 
  wire connection, delay will still be annotated.


Warning-[SDFCOM_SWC] Simple Wire Connection
/MasterClass/M143010027_ALU/Hws/HW1/gate_level/FLP_adder_7/Delay/round2/timing.sdf, 3383
module: INVD1BWP16P90LVT, "instance: testbench.test_module.U1046"
  SDF Warning: The path from U1046.ZN to sub_85.U164.I doesn't have a simple 
  wire connection, delay will still be annotated.


Warning-[SDFCOM_SWC] Simple Wire Connection
/MasterClass/M143010027_ALU/Hws/HW1/gate_level/FLP_adder_7/Delay/round2/timing.sdf, 3384
module: INVD1BWP16P90LVT, "instance: testbench.test_module.U1044"
  SDF Warning: The path from U1044.ZN to sub_85.U163.I doesn't have a simple 
  wire connection, delay will still be annotated.


Warning-[SDFCOM_SWC] Simple Wire Connection
/MasterClass/M143010027_ALU/Hws/HW1/gate_level/FLP_adder_7/Delay/round2/timing.sdf, 3385
module: INVD1BWP16P90LVT, "instance: testbench.test_module.U1036"
  SDF Warning: The path from U1036.ZN to sub_85.U162.I doesn't have a simple 
  wire connection, delay will still be annotated.


Warning-[SDFCOM_SWC] Simple Wire Connection
/MasterClass/M143010027_ALU/Hws/HW1/gate_level/FLP_adder_7/Delay/round2/timing.sdf, 3386
module: INVD1BWP16P90LVT, "instance: testbench.test_module.U1032"
  SDF Warning: The path from U1032.ZN to sub_85.U161.I doesn't have a simple 
  wire connection, delay will still be annotated.


Warning-[SDFCOM_SWC] Simple Wire Connection
/MasterClass/M143010027_ALU/Hws/HW1/gate_level/FLP_adder_7/Delay/round2/timing.sdf, 3387
module: INVD1BWP16P90LVT, "instance: testbench.test_module.U1022"
  SDF Warning: The path from U1022.ZN to sub_85.U160.I doesn't have a simple 
  wire connection, delay will still be annotated.


Warning-[SDFCOM_SWC] Simple Wire Connection
/MasterClass/M143010027_ALU/Hws/HW1/gate_level/FLP_adder_7/Delay/round2/timing.sdf, 3388
module: INVD1BWP16P90LVT, "instance: testbench.test_module.U1018"
  SDF Warning: The path from U1018.ZN to sub_85.U159.I doesn't have a simple 
  wire connection, delay will still be annotated.


Warning-[SDFCOM_SWC] Simple Wire Connection
/MasterClass/M143010027_ALU/Hws/HW1/gate_level/FLP_adder_7/Delay/round2/timing.sdf, 3389
module: INVD1BWP16P90LVT, "instance: testbench.test_module.U1029"
  SDF Warning: The path from U1029.ZN to sub_85.U158.I doesn't have a simple 
  wire connection, delay will still be annotated.


Warning-[SDFCOM_SWC] Simple Wire Connection
/MasterClass/M143010027_ALU/Hws/HW1/gate_level/FLP_adder_7/Delay/round2/timing.sdf, 3390
module: INVD1BWP16P90LVT, "instance: testbench.test_module.U1035"
  SDF Warning: The path from U1035.ZN to sub_85.U157.I doesn't have a simple 
  wire connection, delay will still be annotated.


Warning-[SDFCOM_SWC] Simple Wire Connection
/MasterClass/M143010027_ALU/Hws/HW1/gate_level/FLP_adder_7/Delay/round2/timing.sdf, 3391
module: INVD1BWP16P90LVT, "instance: testbench.test_module.U1031"
  SDF Warning: The path from U1031.ZN to sub_85.U156.I doesn't have a simple 
  wire connection, delay will still be annotated.


Warning-[SDFCOM_SWC] Simple Wire Connection
/MasterClass/M143010027_ALU/Hws/HW1/gate_level/FLP_adder_7/Delay/round2/timing.sdf, 3392
module: INVD1BWP16P90LVT, "instance: testbench.test_module.U1017"
  SDF Warning: The path from U1017.ZN to sub_85.U155.I doesn't have a simple 
  wire connection, delay will still be annotated.


Warning-[SDFCOM_SWC] Simple Wire Connection
/MasterClass/M143010027_ALU/Hws/HW1/gate_level/FLP_adder_7/Delay/round2/timing.sdf, 3398
module: INVD1BWP16P90LVT, "instance: testbench.test_module.U1036"
  SDF Warning: The path from U1036.ZN to sub_85.U151.A2 doesn't have a simple 
  wire connection, delay will still be annotated.


Warning-[SDFCOM_SWC] Simple Wire Connection
/MasterClass/M143010027_ALU/Hws/HW1/gate_level/FLP_adder_7/Delay/round2/timing.sdf, 3411
module: INVD1BWP16P90LVT, "instance: testbench.test_module.U1032"
  SDF Warning: The path from U1032.ZN to sub_85.U143.A2 doesn't have a simple 
  wire connection, delay will still be annotated.


Warning-[SDFCOM_SWC] Simple Wire Connection
/MasterClass/M143010027_ALU/Hws/HW1/gate_level/FLP_adder_7/Delay/round2/timing.sdf, 3414
module: INVD1BWP16P90LVT, "instance: testbench.test_module.U1023"
  SDF Warning: The path from U1023.ZN to sub_85.U141.A2 doesn't have a simple 
  wire connection, delay will still be annotated.


Warning-[SDFCOM_SWC] Simple Wire Connection
/MasterClass/M143010027_ALU/Hws/HW1/gate_level/FLP_adder_7/Delay/round2/timing.sdf, 3419
module: INVD1BWP16P90LVT, "instance: testbench.test_module.U1034"
  SDF Warning: The path from U1034.ZN to sub_85.U138.A2 doesn't have a simple 
  wire connection, delay will still be annotated.


Warning-[SDFCOM_SWC] Simple Wire Connection
/MasterClass/M143010027_ALU/Hws/HW1/gate_level/FLP_adder_7/Delay/round2/timing.sdf, 3421
module: INVD1BWP16P90LVT, "instance: testbench.test_module.U1017"
  SDF Warning: The path from U1017.ZN to sub_85.U137.A2 doesn't have a simple 
  wire connection, delay will still be annotated.


Warning-[SDFCOM_SWC] Simple Wire Connection
/MasterClass/M143010027_ALU/Hws/HW1/gate_level/FLP_adder_7/Delay/round2/timing.sdf, 3423
module: INVD1BWP16P90LVT, "instance: testbench.test_module.U973"
  SDF Warning: The path from U973.ZN to sub_85.U136.A2 doesn't have a simple 
  wire connection, delay will still be annotated.


Warning-[SDFCOM_SWC] Simple Wire Connection
/MasterClass/M143010027_ALU/Hws/HW1/gate_level/FLP_adder_7/Delay/round2/timing.sdf, 3424
module: INVD1BWP16P90LVT, "instance: testbench.test_module.U966"
  SDF Warning: The path from U966.ZN to sub_85.U135.I doesn't have a simple 
  wire connection, delay will still be annotated.


Warning-[SDFCOM_SWC] Simple Wire Connection
/MasterClass/M143010027_ALU/Hws/HW1/gate_level/FLP_adder_7/Delay/round2/timing.sdf, 3425
module: INVD1BWP16P90LVT, "instance: testbench.test_module.U1034"
  SDF Warning: The path from U1034.ZN to sub_85.U134.I doesn't have a simple 
  wire connection, delay will still be annotated.


Warning-[SDFCOM_SWC] Simple Wire Connection
/MasterClass/M143010027_ALU/Hws/HW1/gate_level/FLP_adder_7/Delay/round2/timing.sdf, 3426
module: INVD1BWP16P90LVT, "instance: testbench.test_module.U1023"
  SDF Warning: The path from U1023.ZN to sub_85.U133.I doesn't have a simple 
  wire connection, delay will still be annotated.


Warning-[SDFCOM_SWC] Simple Wire Connection
/MasterClass/M143010027_ALU/Hws/HW1/gate_level/FLP_adder_7/Delay/round2/timing.sdf, 3432
module: CKND1BWP16P90LVT, "instance: testbench.test_module.U1054"
  SDF Warning: The path from U1054.ZN to sub_85.U130.A2 doesn't have a simple 
  wire connection, delay will still be annotated.


Warning-[SDFCOM_SWC] Simple Wire Connection
/MasterClass/M143010027_ALU/Hws/HW1/gate_level/FLP_adder_7/Delay/round2/timing.sdf, 3437
module: INVD1BWP16P90LVT, "instance: testbench.test_module.U965"
  SDF Warning: The path from U965.ZN to sub_85.U127.A2 doesn't have a simple 
  wire connection, delay will still be annotated.


Warning-[SDFCOM_SWC] Simple Wire Connection
/MasterClass/M143010027_ALU/Hws/HW1/gate_level/FLP_adder_7/Delay/round2/timing.sdf, 3439
module: INVD1BWP16P90LVT, "instance: testbench.test_module.U1044"
  SDF Warning: The path from U1044.ZN to sub_85.U126.A2 doesn't have a simple 
  wire connection, delay will still be annotated.


Warning-[SDFCOM_SWC] Simple Wire Connection
/MasterClass/M143010027_ALU/Hws/HW1/gate_level/FLP_adder_7/Delay/round2/timing.sdf, 3441
module: INVD1BWP16P90LVT, "instance: testbench.test_module.U966"
  SDF Warning: The path from U966.ZN to sub_85.U125.A2 doesn't have a simple 
  wire connection, delay will still be annotated.


Warning-[SDFCOM_SWC] Simple Wire Connection
/MasterClass/M143010027_ALU/Hws/HW1/gate_level/FLP_adder_7/Delay/round2/timing.sdf, 3443
module: INVD1BWP16P90LVT, "instance: testbench.test_module.U1039"
  SDF Warning: The path from U1039.ZN to sub_85.U124.A2 doesn't have a simple 
  wire connection, delay will still be annotated.


Warning-[SDFCOM_SWC] Simple Wire Connection
/MasterClass/M143010027_ALU/Hws/HW1/gate_level/FLP_adder_7/Delay/round2/timing.sdf, 3445
module: INVD1BWP16P90LVT, "instance: testbench.test_module.U1046"
  SDF Warning: The path from U1046.ZN to sub_85.U123.A2 doesn't have a simple 
  wire connection, delay will still be annotated.


Warning-[SDFCOM_SWC] Simple Wire Connection
/MasterClass/M143010027_ALU/Hws/HW1/gate_level/FLP_adder_7/Delay/round2/timing.sdf, 3486
module: CKND1BWP16P90LVT, "instance: testbench.test_module.U773"
  SDF Warning: The path from U773.ZN to sub_86.U203.A1 doesn't have a simple 
  wire connection, delay will still be annotated.


Warning-[SDFCOM_SWC] Simple Wire Connection
/MasterClass/M143010027_ALU/Hws/HW1/gate_level/FLP_adder_7/Delay/round2/timing.sdf, 3489
module: INVD1BWP16P90LVT, "instance: testbench.test_module.U1014"
  SDF Warning: The path from U1014.ZN to sub_86.U202.A2 doesn't have a simple 
  wire connection, delay will still be annotated.


Warning-[SDFCOM_SWC] Simple Wire Connection
/MasterClass/M143010027_ALU/Hws/HW1/gate_level/FLP_adder_7/Delay/round2/timing.sdf, 3491
module: CKND1BWP16P90LVT, "instance: testbench.test_module.U699"
  SDF Warning: The path from U699.ZN to sub_86.U201.A2 doesn't have a simple 
  wire connection, delay will still be annotated.


Warning-[SDFCOM_SWC] Simple Wire Connection
/MasterClass/M143010027_ALU/Hws/HW1/gate_level/FLP_adder_7/Delay/round2/timing.sdf, 3493
module: INVD1BWP16P90LVT, "instance: testbench.test_module.U974"
  SDF Warning: The path from U974.ZN to sub_86.U200.A2 doesn't have a simple 
  wire connection, delay will still be annotated.


Warning-[SDFCOM_SWC] Simple Wire Connection
/MasterClass/M143010027_ALU/Hws/HW1/gate_level/FLP_adder_7/Delay/round2/timing.sdf, 3495
module: INVD1BWP16P90LVT, "instance: testbench.test_module.U1019"
  SDF Warning: The path from U1019.ZN to sub_86.U199.A2 doesn't have a simple 
  wire connection, delay will still be annotated.


Warning-[SDFCOM_SWC] Simple Wire Connection
/MasterClass/M143010027_ALU/Hws/HW1/gate_level/FLP_adder_7/Delay/round2/timing.sdf, 3499
module: INVD1BWP16P90LVT, "instance: testbench.test_module.U1025"
  SDF Warning: The path from U1025.ZN to sub_86.U197.A2 doesn't have a simple 
  wire connection, delay will still be annotated.


Warning-[SDFCOM_SWC] Simple Wire Connection
/MasterClass/M143010027_ALU/Hws/HW1/gate_level/FLP_adder_7/Delay/round2/timing.sdf, 3501
module: CKND1BWP16P90LVT, "instance: testbench.test_module.U699"
  SDF Warning: The path from U699.ZN to sub_86.U196.A2 doesn't have a simple 
  wire connection, delay will still be annotated.


Warning-[SDFCOM_SWC] Simple Wire Connection
/MasterClass/M143010027_ALU/Hws/HW1/gate_level/FLP_adder_7/Delay/round2/timing.sdf, 3503
module: INVD1BWP16P90LVT, "instance: testbench.test_module.U1027"
  SDF Warning: The path from U1027.ZN to sub_86.U195.A2 doesn't have a simple 
  wire connection, delay will still be annotated.


Warning-[SDFCOM_SWC] Simple Wire Connection
/MasterClass/M143010027_ALU/Hws/HW1/gate_level/FLP_adder_7/Delay/round2/timing.sdf, 3507
module: INVD1BWP16P90LVT, "instance: testbench.test_module.U1030"
  SDF Warning: The path from U1030.ZN to sub_86.U193.A2 doesn't have a simple 
  wire connection, delay will still be annotated.


Warning-[SDFCOM_SWC] Simple Wire Connection
/MasterClass/M143010027_ALU/Hws/HW1/gate_level/FLP_adder_7/Delay/round2/timing.sdf, 3509
module: INVD1BWP16P90LVT, "instance: testbench.test_module.U1041"
  SDF Warning: The path from U1041.ZN to sub_86.U192.A2 doesn't have a simple 
  wire connection, delay will still be annotated.


Warning-[SDFCOM_SWC] Simple Wire Connection
/MasterClass/M143010027_ALU/Hws/HW1/gate_level/FLP_adder_7/Delay/round2/timing.sdf, 3514
module: INVD1BWP16P90LVT, "instance: testbench.test_module.U1016"
  SDF Warning: The path from U1016.ZN to sub_86.U189.A2 doesn't have a simple 
  wire connection, delay will still be annotated.


Warning-[SDFCOM_SWC] Simple Wire Connection
/MasterClass/M143010027_ALU/Hws/HW1/gate_level/FLP_adder_7/Delay/round2/timing.sdf, 3518
module: INVD1BWP16P90LVT, "instance: testbench.test_module.U1001"
  SDF Warning: The path from U1001.ZN to sub_86.U187.A2 doesn't have a simple 
  wire connection, delay will still be annotated.


Warning-[SDFCOM_SWC] Simple Wire Connection
/MasterClass/M143010027_ALU/Hws/HW1/gate_level/FLP_adder_7/Delay/round2/timing.sdf, 3522
module: CKND1BWP16P90LVT, "instance: testbench.test_module.U768"
  SDF Warning: The path from U768.ZN to sub_86.U185.A2 doesn't have a simple 
  wire connection, delay will still be annotated.


Warning-[SDFCOM_SWC] Simple Wire Connection
/MasterClass/M143010027_ALU/Hws/HW1/gate_level/FLP_adder_7/Delay/round2/timing.sdf, 3524
module: CKND1BWP16P90LVT, "instance: testbench.test_module.U744"
  SDF Warning: The path from U744.ZN to sub_86.U183.A1 doesn't have a simple 
  wire connection, delay will still be annotated.


Warning-[SDFCOM_SWC] Simple Wire Connection
/MasterClass/M143010027_ALU/Hws/HW1/gate_level/FLP_adder_7/Delay/round2/timing.sdf, 3526
module: CKND1BWP16P90LVT, "instance: testbench.test_module.U767"
  SDF Warning: The path from U767.ZN to sub_86.U182.I doesn't have a simple 
  wire connection, delay will still be annotated.


Warning-[SDFCOM_SWC] Simple Wire Connection
/MasterClass/M143010027_ALU/Hws/HW1/gate_level/FLP_adder_7/Delay/round2/timing.sdf, 3527
module: INVD1BWP16P90LVT, "instance: testbench.test_module.U1019"
  SDF Warning: The path from U1019.ZN to sub_86.U181.I doesn't have a simple 
  wire connection, delay will still be annotated.


Warning-[SDFCOM_SWC] Simple Wire Connection
/MasterClass/M143010027_ALU/Hws/HW1/gate_level/FLP_adder_7/Delay/round2/timing.sdf, 3528
module: INVD1BWP16P90LVT, "instance: testbench.test_module.U974"
  SDF Warning: The path from U974.ZN to sub_86.U180.I doesn't have a simple 
  wire connection, delay will still be annotated.


Warning-[SDFCOM_SWC] Simple Wire Connection
/MasterClass/M143010027_ALU/Hws/HW1/gate_level/FLP_adder_7/Delay/round2/timing.sdf, 3529
module: INVD1BWP16P90LVT, "instance: testbench.test_module.U1009"
  SDF Warning: The path from U1009.ZN to sub_86.U179.I doesn't have a simple 
  wire connection, delay will still be annotated.


Warning-[SDFCOM_SWC] Simple Wire Connection
/MasterClass/M143010027_ALU/Hws/HW1/gate_level/FLP_adder_7/Delay/round2/timing.sdf, 3534
module: INVD1BWP16P90LVT, "instance: testbench.test_module.U1001"
  SDF Warning: The path from U1001.ZN to sub_86.U176.A1 doesn't have a simple 
  wire connection, delay will still be annotated.


Warning-[SDFCOM_SWC] Simple Wire Connection
/MasterClass/M143010027_ALU/Hws/HW1/gate_level/FLP_adder_7/Delay/round2/timing.sdf, 3541
module: INVD1BWP16P90LVT, "instance: testbench.test_module.U1033"
  SDF Warning: The path from U1033.ZN to sub_86.U173.A2 doesn't have a simple 
  wire connection, delay will still be annotated.


Warning-[SDFCOM_SWC] Simple Wire Connection
/MasterClass/M143010027_ALU/Hws/HW1/gate_level/FLP_adder_7/Delay/round2/timing.sdf, 3545
module: INVD1BWP16P90LVT, "instance: testbench.test_module.U1011"
  SDF Warning: The path from U1011.ZN to sub_86.U171.A2 doesn't have a simple 
  wire connection, delay will still be annotated.


Warning-[SDFCOM_SWC] Simple Wire Connection
/MasterClass/M143010027_ALU/Hws/HW1/gate_level/FLP_adder_7/Delay/round2/timing.sdf, 3547
module: CKND1BWP16P90LVT, "instance: testbench.test_module.U744"
  SDF Warning: The path from U744.ZN to sub_86.U170.A2 doesn't have a simple 
  wire connection, delay will still be annotated.


Warning-[SDFCOM_SWC] Simple Wire Connection
/MasterClass/M143010027_ALU/Hws/HW1/gate_level/FLP_adder_7/Delay/round2/timing.sdf, 3549
module: INVD1BWP16P90LVT, "instance: testbench.test_module.U1016"
  SDF Warning: The path from U1016.ZN to sub_86.U169.A2 doesn't have a simple 
  wire connection, delay will still be annotated.


Warning-[SDFCOM_SWC] Simple Wire Connection
/MasterClass/M143010027_ALU/Hws/HW1/gate_level/FLP_adder_7/Delay/round2/timing.sdf, 3551
module: INVD1BWP16P90LVT, "instance: testbench.test_module.U1001"
  SDF Warning: The path from U1001.ZN to sub_86.U168.A2 doesn't have a simple 
  wire connection, delay will still be annotated.


Warning-[SDFCOM_SWC] Simple Wire Connection
/MasterClass/M143010027_ALU/Hws/HW1/gate_level/FLP_adder_7/Delay/round2/timing.sdf, 3553
module: CKND1BWP16P90LVT, "instance: testbench.test_module.U1055"
  SDF Warning: The path from U1055.ZN to sub_86.U167.A2 doesn't have a simple 
  wire connection, delay will still be annotated.


Warning-[SDFCOM_SWC] Simple Wire Connection
/MasterClass/M143010027_ALU/Hws/HW1/gate_level/FLP_adder_7/Delay/round2/timing.sdf, 3554
module: INVD1BWP16P90LVT, "instance: testbench.test_module.U1041"
  SDF Warning: The path from U1041.ZN to sub_86.U166.I doesn't have a simple 
  wire connection, delay will still be annotated.


Warning-[SDFCOM_SWC] Simple Wire Connection
/MasterClass/M143010027_ALU/Hws/HW1/gate_level/FLP_adder_7/Delay/round2/timing.sdf, 3555
module: INVD1BWP16P90LVT, "instance: testbench.test_module.U1042"
  SDF Warning: The path from U1042.ZN to sub_86.U165.I doesn't have a simple 
  wire connection, delay will still be annotated.


Warning-[SDFCOM_SWC] Simple Wire Connection
/MasterClass/M143010027_ALU/Hws/HW1/gate_level/FLP_adder_7/Delay/round2/timing.sdf, 3556
module: INVD1BWP16P90LVT, "instance: testbench.test_module.U1033"
  SDF Warning: The path from U1033.ZN to sub_86.U164.I doesn't have a simple 
  wire connection, delay will still be annotated.


Warning-[SDFCOM_SWC] Simple Wire Connection
/MasterClass/M143010027_ALU/Hws/HW1/gate_level/FLP_adder_7/Delay/round2/timing.sdf, 3557
module: INVD1BWP16P90LVT, "instance: testbench.test_module.U1028"
  SDF Warning: The path from U1028.ZN to sub_86.U163.I doesn't have a simple 
  wire connection, delay will still be annotated.


Warning-[SDFCOM_SWC] Simple Wire Connection
/MasterClass/M143010027_ALU/Hws/HW1/gate_level/FLP_adder_7/Delay/round2/timing.sdf, 3558
module: INVD1BWP16P90LVT, "instance: testbench.test_module.U1025"
  SDF Warning: The path from U1025.ZN to sub_86.U162.I doesn't have a simple 
  wire connection, delay will still be annotated.


Warning-[SDFCOM_SWC] Simple Wire Connection
/MasterClass/M143010027_ALU/Hws/HW1/gate_level/FLP_adder_7/Delay/round2/timing.sdf, 3559
module: INVD1BWP16P90LVT, "instance: testbench.test_module.U1016"
  SDF Warning: The path from U1016.ZN to sub_86.U161.I doesn't have a simple 
  wire connection, delay will still be annotated.


Warning-[SDFCOM_SWC] Simple Wire Connection
/MasterClass/M143010027_ALU/Hws/HW1/gate_level/FLP_adder_7/Delay/round2/timing.sdf, 3560
module: INVD1BWP16P90LVT, "instance: testbench.test_module.U1011"
  SDF Warning: The path from U1011.ZN to sub_86.U160.I doesn't have a simple 
  wire connection, delay will still be annotated.


Warning-[SDFCOM_SWC] Simple Wire Connection
/MasterClass/M143010027_ALU/Hws/HW1/gate_level/FLP_adder_7/Delay/round2/timing.sdf, 3561
module: INVD1BWP16P90LVT, "instance: testbench.test_module.U1014"
  SDF Warning: The path from U1014.ZN to sub_86.U159.I doesn't have a simple 
  wire connection, delay will still be annotated.


Warning-[SDFCOM_SWC] Simple Wire Connection
/MasterClass/M143010027_ALU/Hws/HW1/gate_level/FLP_adder_7/Delay/round2/timing.sdf, 3562
module: INVD1BWP16P90LVT, "instance: testbench.test_module.U1010"
  SDF Warning: The path from U1010.ZN to sub_86.U158.I doesn't have a simple 
  wire connection, delay will still be annotated.


Warning-[SDFCOM_SWC] Simple Wire Connection
/MasterClass/M143010027_ALU/Hws/HW1/gate_level/FLP_adder_7/Delay/round2/timing.sdf, 3563
module: INVD1BWP16P90LVT, "instance: testbench.test_module.U1030"
  SDF Warning: The path from U1030.ZN to sub_86.U157.I doesn't have a simple 
  wire connection, delay will still be annotated.


Warning-[SDFCOM_SWC] Simple Wire Connection
/MasterClass/M143010027_ALU/Hws/HW1/gate_level/FLP_adder_7/Delay/round2/timing.sdf, 3573
module: INVD1BWP16P90LVT, "instance: testbench.test_module.U1009"
  SDF Warning: The path from U1009.ZN to sub_86.U150.A2 doesn't have a simple 
  wire connection, delay will still be annotated.


Warning-[SDFCOM_SWC] Simple Wire Connection
/MasterClass/M143010027_ALU/Hws/HW1/gate_level/FLP_adder_7/Delay/round2/timing.sdf, 3582
module: INVD1BWP16P90LVT, "instance: testbench.test_module.U1028"
  SDF Warning: The path from U1028.ZN to sub_86.U144.A2 doesn't have a simple 
  wire connection, delay will still be annotated.


Warning-[SDFCOM_SWC] Simple Wire Connection
/MasterClass/M143010027_ALU/Hws/HW1/gate_level/FLP_adder_7/Delay/round2/timing.sdf, 3584
module: INVD1BWP16P90LVT, "instance: testbench.test_module.U1005"
  SDF Warning: The path from U1005.ZN to sub_86.U143.A2 doesn't have a simple 
  wire connection, delay will still be annotated.


Warning-[SDFCOM_SWC] Simple Wire Connection
/MasterClass/M143010027_ALU/Hws/HW1/gate_level/FLP_adder_7/Delay/round2/timing.sdf, 3585
module: INVD1BWP16P90LVT, "instance: testbench.test_module.U1027"
  SDF Warning: The path from U1027.ZN to sub_86.U142.I doesn't have a simple 
  wire connection, delay will still be annotated.


Warning-[SDFCOM_SWC] Simple Wire Connection
/MasterClass/M143010027_ALU/Hws/HW1/gate_level/FLP_adder_7/Delay/round2/timing.sdf, 3586
module: CKND1BWP16P90LVT, "instance: testbench.test_module.U699"
  SDF Warning: The path from U699.ZN to sub_86.U141.A1 doesn't have a simple 
  wire connection, delay will still be annotated.


Warning-[SDFCOM_SWC] Simple Wire Connection
/MasterClass/M143010027_ALU/Hws/HW1/gate_level/FLP_adder_7/Delay/round2/timing.sdf, 3592
module: CKND1BWP16P90LVT, "instance: testbench.test_module.U743"
  SDF Warning: The path from U743.ZN to sub_86.U138.I doesn't have a simple 
  wire connection, delay will still be annotated.


Warning-[SDFCOM_SWC] Simple Wire Connection
/MasterClass/M143010027_ALU/Hws/HW1/gate_level/FLP_adder_7/Delay/round2/timing.sdf, 3593
module: INVD1BWP16P90LVT, "instance: testbench.test_module.U1005"
  SDF Warning: The path from U1005.ZN to sub_86.U137.I doesn't have a simple 
  wire connection, delay will still be annotated.


Warning-[SDFCOM_SWC] Simple Wire Connection
/MasterClass/M143010027_ALU/Hws/HW1/gate_level/FLP_adder_7/Delay/round2/timing.sdf, 3597
module: CKND1BWP16P90LVT, "instance: testbench.test_module.U768"
  SDF Warning: The path from U768.ZN to sub_86.U134.I doesn't have a simple 
  wire connection, delay will still be annotated.


Warning-[SDFCOM_SWC] Simple Wire Connection
/MasterClass/M143010027_ALU/Hws/HW1/gate_level/FLP_adder_7/Delay/round2/timing.sdf, 3599
module: CKND1BWP16P90LVT, "instance: testbench.test_module.U767"
  SDF Warning: The path from U767.ZN to sub_86.U133.A2 doesn't have a simple 
  wire connection, delay will still be annotated.


Warning-[SDFCOM_SWC] Simple Wire Connection
/MasterClass/M143010027_ALU/Hws/HW1/gate_level/FLP_adder_7/Delay/round2/timing.sdf, 3606
module: CKND1BWP16P90LVT, "instance: testbench.test_module.U744"
  SDF Warning: The path from U744.ZN to sub_86.U129.A2 doesn't have a simple 
  wire connection, delay will still be annotated.


Warning-[SDFCOM_SWC] Simple Wire Connection
/MasterClass/M143010027_ALU/Hws/HW1/gate_level/FLP_adder_7/Delay/round2/timing.sdf, 3608
module: CKND1BWP16P90LVT, "instance: testbench.test_module.U768"
  SDF Warning: The path from U768.ZN to sub_86.U128.A2 doesn't have a simple 
  wire connection, delay will still be annotated.


Warning-[SDFCOM_SWC] Simple Wire Connection
/MasterClass/M143010027_ALU/Hws/HW1/gate_level/FLP_adder_7/Delay/round2/timing.sdf, 3610
module: CKND1BWP16P90LVT, "instance: testbench.test_module.U743"
  SDF Warning: The path from U743.ZN to sub_86.U127.A2 doesn't have a simple 
  wire connection, delay will still be annotated.


Warning-[SDFCOM_SWC] Simple Wire Connection
/MasterClass/M143010027_ALU/Hws/HW1/gate_level/FLP_adder_7/Delay/round2/timing.sdf, 3612
module: INVD1BWP16P90LVT, "instance: testbench.test_module.U1042"
  SDF Warning: The path from U1042.ZN to sub_86.U126.A2 doesn't have a simple 
  wire connection, delay will still be annotated.


Warning-[SDFCOM_SWC] Simple Wire Connection
/MasterClass/M143010027_ALU/Hws/HW1/gate_level/FLP_adder_7/Delay/round2/timing.sdf, 3614
module: CKND1BWP16P90LVT, "instance: testbench.test_module.U1055"
  SDF Warning: The path from U1055.ZN to sub_86.U125.A2 doesn't have a simple 
  wire connection, delay will still be annotated.


Warning-[SDFCOM_SWC] Simple Wire Connection
/MasterClass/M143010027_ALU/Hws/HW1/gate_level/FLP_adder_7/Delay/round2/timing.sdf, 3615
module: CKND1BWP16P90LVT, "instance: testbench.test_module.U773"
  SDF Warning: The path from U773.ZN to sub_86.U124.A1 doesn't have a simple 
  wire connection, delay will still be annotated.


Warning-[SDFCOM_SWC] Simple Wire Connection
/MasterClass/M143010027_ALU/Hws/HW1/gate_level/FLP_adder_7/Delay/round2/timing.sdf, 4045
module: DFQD2BWP16P90LVT, "instance: testbench.test_module.s5_md_norm_reg_3_"
  SDF Warning: The path from s5_md_norm_reg_3_.Q to add_127.U180.A1 doesn't 
  have a simple wire connection, delay will still be annotated.


Warning-[SDFCOM_SWC] Simple Wire Connection
/MasterClass/M143010027_ALU/Hws/HW1/gate_level/FLP_adder_7/Delay/round2/timing.sdf, 4046
module: DFQD2BWP16P90LVT, "instance: testbench.test_module.s5_md_norm_reg_2_"
  SDF Warning: The path from s5_md_norm_reg_2_.Q to add_127.U180.A2 doesn't 
  have a simple wire connection, delay will still be annotated.


Warning-[SDFCOM_SWC] Simple Wire Connection
/MasterClass/M143010027_ALU/Hws/HW1/gate_level/FLP_adder_7/Delay/round2/timing.sdf, 4047
module: DFQD2BWP16P90LVT, "instance: testbench.test_module.s5_md_norm_reg_18_"
  SDF Warning: The path from s5_md_norm_reg_18_.Q to add_127.U179.I doesn't 
  have a simple wire connection, delay will still be annotated.


Warning-[SDFCOM_SWC] Simple Wire Connection
/MasterClass/M143010027_ALU/Hws/HW1/gate_level/FLP_adder_7/Delay/round2/timing.sdf, 4051
module: DFQD2BWP16P90LVT, "instance: testbench.test_module.s5_md_norm_reg_22_"
  SDF Warning: The path from s5_md_norm_reg_22_.Q to add_127.U177.A2 doesn't 
  have a simple wire connection, delay will still be annotated.


Warning-[SDFCOM_SWC] Simple Wire Connection
/MasterClass/M143010027_ALU/Hws/HW1/gate_level/FLP_adder_7/Delay/round2/timing.sdf, 4055
module: DFQD2BWP16P90LVT, "instance: testbench.test_module.s5_md_norm_reg_19_"
  SDF Warning: The path from s5_md_norm_reg_19_.Q to add_127.U175.A2 doesn't 
  have a simple wire connection, delay will still be annotated.


Warning-[SDFCOM_SWC] Simple Wire Connection
/MasterClass/M143010027_ALU/Hws/HW1/gate_level/FLP_adder_7/Delay/round2/timing.sdf, 4057
module: DFQD2BWP16P90LVT, "instance: testbench.test_module.s5_md_norm_reg_20_"
  SDF Warning: The path from s5_md_norm_reg_20_.Q to add_127.U174.A2 doesn't 
  have a simple wire connection, delay will still be annotated.


Warning-[SDFCOM_SWC] Simple Wire Connection
/MasterClass/M143010027_ALU/Hws/HW1/gate_level/FLP_adder_7/Delay/round2/timing.sdf, 4059
module: DFQD2BWP16P90LVT, "instance: testbench.test_module.s5_md_norm_reg_24_"
  SDF Warning: The path from s5_md_norm_reg_24_.Q to add_127.U173.A2 doesn't 
  have a simple wire connection, delay will still be annotated.


Warning-[SDFCOM_SWC] Simple Wire Connection
/MasterClass/M143010027_ALU/Hws/HW1/gate_level/FLP_adder_7/Delay/round2/timing.sdf, 4063
module: DFQD2BWP16P90LVT, "instance: testbench.test_module.s5_md_norm_reg_23_"
  SDF Warning: The path from s5_md_norm_reg_23_.Q to add_127.U171.A2 doesn't 
  have a simple wire connection, delay will still be annotated.


Warning-[SDFCOM_SWC] Simple Wire Connection
/MasterClass/M143010027_ALU/Hws/HW1/gate_level/FLP_adder_7/Delay/round2/timing.sdf, 4065
module: DFQD2BWP16P90LVT, "instance: testbench.test_module.s5_md_norm_reg_21_"
  SDF Warning: The path from s5_md_norm_reg_21_.Q to add_127.U170.A2 doesn't 
  have a simple wire connection, delay will still be annotated.


Warning-[SDFCOM_SWC] Simple Wire Connection
/MasterClass/M143010027_ALU/Hws/HW1/gate_level/FLP_adder_7/Delay/round2/timing.sdf, 4067
module: DFQD2BWP16P90LVT, "instance: testbench.test_module.s5_md_norm_reg_25_"
  SDF Warning: The path from s5_md_norm_reg_25_.Q to add_127.U169.A2 doesn't 
  have a simple wire connection, delay will still be annotated.


Warning-[SDFCOM_SWC] Simple Wire Connection
/MasterClass/M143010027_ALU/Hws/HW1/gate_level/FLP_adder_7/Delay/round2/timing.sdf, 4069
module: DFQD2BWP16P90LVT, "instance: testbench.test_module.s5_md_norm_reg_17_"
  SDF Warning: The path from s5_md_norm_reg_17_.Q to add_127.U168.A2 doesn't 
  have a simple wire connection, delay will still be annotated.


Warning-[SDFCOM_SWC] Simple Wire Connection
/MasterClass/M143010027_ALU/Hws/HW1/gate_level/FLP_adder_7/Delay/round2/timing.sdf, 4070
module: DFQD2BWP16P90LVT, "instance: testbench.test_module.s5_md_norm_reg_2_"
  SDF Warning: The path from s5_md_norm_reg_2_.Q to add_127.U167.I doesn't 
  have a simple wire connection, delay will still be annotated.


Warning-[SDFCOM_SWC] Simple Wire Connection
/MasterClass/M143010027_ALU/Hws/HW1/gate_level/FLP_adder_7/Delay/round2/timing.sdf, 4081
module: DFQD2BWP16P90LVT, "instance: testbench.test_module.s5_md_norm_reg_26_"
  SDF Warning: The path from s5_md_norm_reg_26_.Q to add_127.U161.I doesn't 
  have a simple wire connection, delay will still be annotated.


Warning-[SDFCOM_SWC] Simple Wire Connection
/MasterClass/M143010027_ALU/Hws/HW1/gate_level/FLP_adder_7/Delay/round2/timing.sdf, 4103
module: DFQD2BWP16P90LVT, "instance: testbench.test_module.s5_md_norm_reg_4_"
  SDF Warning: The path from s5_md_norm_reg_4_.Q to add_127.U149.A2 doesn't 
  have a simple wire connection, delay will still be annotated.


Warning-[SDFCOM_SWC] Simple Wire Connection
/MasterClass/M143010027_ALU/Hws/HW1/gate_level/FLP_adder_7/Delay/round2/timing.sdf, 4104
module: DFQD2BWP16P90LVT, "instance: testbench.test_module.s5_md_norm_reg_12_"
  SDF Warning: The path from s5_md_norm_reg_12_.Q to add_127.U148.I doesn't 
  have a simple wire connection, delay will still be annotated.


Warning-[SDFCOM_SWC] Simple Wire Connection
/MasterClass/M143010027_ALU/Hws/HW1/gate_level/FLP_adder_7/Delay/round2/timing.sdf, 4105
module: DFQD2BWP16P90LVT, "instance: testbench.test_module.s5_md_norm_reg_6_"
  SDF Warning: The path from s5_md_norm_reg_6_.Q to add_127.U147.I doesn't 
  have a simple wire connection, delay will still be annotated.


Warning-[SDFCOM_SWC] Simple Wire Connection
/MasterClass/M143010027_ALU/Hws/HW1/gate_level/FLP_adder_7/Delay/round2/timing.sdf, 4107
module: DFQD2BWP16P90LVT, "instance: testbench.test_module.s5_md_norm_reg_5_"
  SDF Warning: The path from s5_md_norm_reg_5_.Q to add_127.U146.A2 doesn't 
  have a simple wire connection, delay will still be annotated.


Warning-[SDFCOM_SWC] Simple Wire Connection
/MasterClass/M143010027_ALU/Hws/HW1/gate_level/FLP_adder_7/Delay/round2/timing.sdf, 4109
module: DFQD2BWP16P90LVT, "instance: testbench.test_module.s5_md_norm_reg_10_"
  SDF Warning: The path from s5_md_norm_reg_10_.Q to add_127.U145.A2 doesn't 
  have a simple wire connection, delay will still be annotated.


Warning-[SDFCOM_SWC] Simple Wire Connection
/MasterClass/M143010027_ALU/Hws/HW1/gate_level/FLP_adder_7/Delay/round2/timing.sdf, 4111
module: DFQD2BWP16P90LVT, "instance: testbench.test_module.s5_md_norm_reg_8_"
  SDF Warning: The path from s5_md_norm_reg_8_.Q to add_127.U144.A2 doesn't 
  have a simple wire connection, delay will still be annotated.


Warning-[SDFCOM_SWC] Simple Wire Connection
/MasterClass/M143010027_ALU/Hws/HW1/gate_level/FLP_adder_7/Delay/round2/timing.sdf, 4113
module: DFQD2BWP16P90LVT, "instance: testbench.test_module.s5_md_norm_reg_7_"
  SDF Warning: The path from s5_md_norm_reg_7_.Q to add_127.U143.A2 doesn't 
  have a simple wire connection, delay will still be annotated.


Warning-[SDFCOM_SWC] Simple Wire Connection
/MasterClass/M143010027_ALU/Hws/HW1/gate_level/FLP_adder_7/Delay/round2/timing.sdf, 4115
module: DFQD2BWP16P90LVT, "instance: testbench.test_module.s5_md_norm_reg_11_"
  SDF Warning: The path from s5_md_norm_reg_11_.Q to add_127.U142.A2 doesn't 
  have a simple wire connection, delay will still be annotated.


Warning-[SDFCOM_SWC] Simple Wire Connection
/MasterClass/M143010027_ALU/Hws/HW1/gate_level/FLP_adder_7/Delay/round2/timing.sdf, 4117
module: DFQD2BWP16P90LVT, "instance: testbench.test_module.s5_md_norm_reg_9_"
  SDF Warning: The path from s5_md_norm_reg_9_.Q to add_127.U141.A2 doesn't 
  have a simple wire connection, delay will still be annotated.


Warning-[SDFCOM_SWC] Simple Wire Connection
/MasterClass/M143010027_ALU/Hws/HW1/gate_level/FLP_adder_7/Delay/round2/timing.sdf, 4119
module: DFQD2BWP16P90LVT, "instance: testbench.test_module.s5_md_norm_reg_14_"
  SDF Warning: The path from s5_md_norm_reg_14_.Q to add_127.U140.A2 doesn't 
  have a simple wire connection, delay will still be annotated.


Warning-[SDFCOM_SWC] Simple Wire Connection
/MasterClass/M143010027_ALU/Hws/HW1/gate_level/FLP_adder_7/Delay/round2/timing.sdf, 4121
module: DFQD2BWP16P90LVT, "instance: testbench.test_module.s5_md_norm_reg_16_"
  SDF Warning: The path from s5_md_norm_reg_16_.Q to add_127.U139.A2 doesn't 
  have a simple wire connection, delay will still be annotated.


Warning-[SDFCOM_SWC] Simple Wire Connection
/MasterClass/M143010027_ALU/Hws/HW1/gate_level/FLP_adder_7/Delay/round2/timing.sdf, 4123
module: DFQD2BWP16P90LVT, "instance: testbench.test_module.s5_md_norm_reg_13_"
  SDF Warning: The path from s5_md_norm_reg_13_.Q to add_127.U138.A2 doesn't 
  have a simple wire connection, delay will still be annotated.


Warning-[SDFCOM_SWC] Simple Wire Connection
/MasterClass/M143010027_ALU/Hws/HW1/gate_level/FLP_adder_7/Delay/round2/timing.sdf, 4125
module: DFQD2BWP16P90LVT, "instance: testbench.test_module.s5_md_norm_reg_15_"
  SDF Warning: The path from s5_md_norm_reg_15_.Q to add_127.U137.A2 doesn't 
  have a simple wire connection, delay will still be annotated.


Warning-[SDFCOM_SWC] Simple Wire Connection
/MasterClass/M143010027_ALU/Hws/HW1/gate_level/FLP_adder_7/Delay/round2/timing.sdf, 4135
module: DFQD2BWP16P90LVT, "instance: testbench.test_module.s5_md_norm_reg_3_"
  SDF Warning: The path from s5_md_norm_reg_3_.Q to add_127.U121.A1 doesn't 
  have a simple wire connection, delay will still be annotated.


Warning-[SDFCOM_SWC] Simple Wire Connection
/MasterClass/M143010027_ALU/Hws/HW1/gate_level/FLP_adder_7/Delay/round2/timing.sdf, 4136
module: DFQD2BWP16P90LVT, "instance: testbench.test_module.s5_md_norm_reg_2_"
  SDF Warning: The path from s5_md_norm_reg_2_.Q to add_127.U121.A2 doesn't 
  have a simple wire connection, delay will still be annotated.


Warning-[SDFCOM_SWC] Simple Wire Connection
/MasterClass/M143010027_ALU/Hws/HW1/gate_level/FLP_adder_7/Delay/round2/timing.sdf, 4138
module: DFQD2BWP16P90LVT, "instance: testbench.test_module.s5_md_norm_reg_4_"
  SDF Warning: The path from s5_md_norm_reg_4_.Q to add_127.U116.A2 doesn't 
  have a simple wire connection, delay will still be annotated.


Warning-[SDFCOM_SWC] Simple Wire Connection
/MasterClass/M143010027_ALU/Hws/HW1/gate_level/FLP_adder_7/Delay/round2/timing.sdf, 4139
module: DFQD2BWP16P90LVT, "instance: testbench.test_module.s5_md_norm_reg_4_"
  SDF Warning: The path from s5_md_norm_reg_4_.Q to add_127.U112.A1 doesn't 
  have a simple wire connection, delay will still be annotated.


Warning-[SDFCOM_SWC] Simple Wire Connection
/MasterClass/M143010027_ALU/Hws/HW1/gate_level/FLP_adder_7/Delay/round2/timing.sdf, 4140
module: DFQD2BWP16P90LVT, "instance: testbench.test_module.s5_md_norm_reg_5_"
  SDF Warning: The path from s5_md_norm_reg_5_.Q to add_127.U112.A2 doesn't 
  have a simple wire connection, delay will still be annotated.


Warning-[SDFCOM_SWC] Simple Wire Connection
/MasterClass/M143010027_ALU/Hws/HW1/gate_level/FLP_adder_7/Delay/round2/timing.sdf, 4141
module: DFQD2BWP16P90LVT, "instance: testbench.test_module.s5_md_norm_reg_6_"
  SDF Warning: The path from s5_md_norm_reg_6_.Q to add_127.U101.A1 doesn't 
  have a simple wire connection, delay will still be annotated.


Warning-[SDFCOM_SWC] Simple Wire Connection
/MasterClass/M143010027_ALU/Hws/HW1/gate_level/FLP_adder_7/Delay/round2/timing.sdf, 4142
module: DFQD2BWP16P90LVT, "instance: testbench.test_module.s5_md_norm_reg_7_"
  SDF Warning: The path from s5_md_norm_reg_7_.Q to add_127.U101.A2 doesn't 
  have a simple wire connection, delay will still be annotated.


Warning-[SDFCOM_SWC] Simple Wire Connection
/MasterClass/M143010027_ALU/Hws/HW1/gate_level/FLP_adder_7/Delay/round2/timing.sdf, 4144
module: DFQD2BWP16P90LVT, "instance: testbench.test_module.s5_md_norm_reg_8_"
  SDF Warning: The path from s5_md_norm_reg_8_.Q to add_127.U96.A2 doesn't 
  have a simple wire connection, delay will still be annotated.


Warning-[SDFCOM_SWC] Simple Wire Connection
/MasterClass/M143010027_ALU/Hws/HW1/gate_level/FLP_adder_7/Delay/round2/timing.sdf, 4145
module: DFQD2BWP16P90LVT, "instance: testbench.test_module.s5_md_norm_reg_8_"
  SDF Warning: The path from s5_md_norm_reg_8_.Q to add_127.U92.A1 doesn't 
  have a simple wire connection, delay will still be annotated.


Warning-[SDFCOM_SWC] Simple Wire Connection
/MasterClass/M143010027_ALU/Hws/HW1/gate_level/FLP_adder_7/Delay/round2/timing.sdf, 4146
module: DFQD2BWP16P90LVT, "instance: testbench.test_module.s5_md_norm_reg_9_"
  SDF Warning: The path from s5_md_norm_reg_9_.Q to add_127.U92.A2 doesn't 
  have a simple wire connection, delay will still be annotated.


Warning-[SDFCOM_SWC] Simple Wire Connection
/MasterClass/M143010027_ALU/Hws/HW1/gate_level/FLP_adder_7/Delay/round2/timing.sdf, 4150
module: DFQD2BWP16P90LVT, "instance: testbench.test_module.s5_md_norm_reg_10_"
  SDF Warning: The path from s5_md_norm_reg_10_.Q to add_127.U85.A2 doesn't 
  have a simple wire connection, delay will still be annotated.


Warning-[SDFCOM_SWC] Simple Wire Connection
/MasterClass/M143010027_ALU/Hws/HW1/gate_level/FLP_adder_7/Delay/round2/timing.sdf, 4151
module: DFQD2BWP16P90LVT, "instance: testbench.test_module.s5_md_norm_reg_10_"
  SDF Warning: The path from s5_md_norm_reg_10_.Q to add_127.U81.A1 doesn't 
  have a simple wire connection, delay will still be annotated.


Warning-[SDFCOM_SWC] Simple Wire Connection
/MasterClass/M143010027_ALU/Hws/HW1/gate_level/FLP_adder_7/Delay/round2/timing.sdf, 4152
module: DFQD2BWP16P90LVT, "instance: testbench.test_module.s5_md_norm_reg_11_"
  SDF Warning: The path from s5_md_norm_reg_11_.Q to add_127.U81.A2 doesn't 
  have a simple wire connection, delay will still be annotated.


Warning-[SDFCOM_SWC] Simple Wire Connection
/MasterClass/M143010027_ALU/Hws/HW1/gate_level/FLP_adder_7/Delay/round2/timing.sdf, 4155
module: DFQD2BWP16P90LVT, "instance: testbench.test_module.s5_md_norm_reg_12_"
  SDF Warning: The path from s5_md_norm_reg_12_.Q to add_127.U70.A1 doesn't 
  have a simple wire connection, delay will still be annotated.


Warning-[SDFCOM_SWC] Simple Wire Connection
/MasterClass/M143010027_ALU/Hws/HW1/gate_level/FLP_adder_7/Delay/round2/timing.sdf, 4156
module: DFQD2BWP16P90LVT, "instance: testbench.test_module.s5_md_norm_reg_13_"
  SDF Warning: The path from s5_md_norm_reg_13_.Q to add_127.U70.A2 doesn't 
  have a simple wire connection, delay will still be annotated.


Warning-[SDFCOM_SWC] Simple Wire Connection
/MasterClass/M143010027_ALU/Hws/HW1/gate_level/FLP_adder_7/Delay/round2/timing.sdf, 4160
module: DFQD2BWP16P90LVT, "instance: testbench.test_module.s5_md_norm_reg_14_"
  SDF Warning: The path from s5_md_norm_reg_14_.Q to add_127.U63.A2 doesn't 
  have a simple wire connection, delay will still be annotated.


Warning-[SDFCOM_SWC] Simple Wire Connection
/MasterClass/M143010027_ALU/Hws/HW1/gate_level/FLP_adder_7/Delay/round2/timing.sdf, 4161
module: DFQD2BWP16P90LVT, "instance: testbench.test_module.s5_md_norm_reg_14_"
  SDF Warning: The path from s5_md_norm_reg_14_.Q to add_127.U59.A1 doesn't 
  have a simple wire connection, delay will still be annotated.


Warning-[SDFCOM_SWC] Simple Wire Connection
/MasterClass/M143010027_ALU/Hws/HW1/gate_level/FLP_adder_7/Delay/round2/timing.sdf, 4162
module: DFQD2BWP16P90LVT, "instance: testbench.test_module.s5_md_norm_reg_15_"
  SDF Warning: The path from s5_md_norm_reg_15_.Q to add_127.U59.A2 doesn't 
  have a simple wire connection, delay will still be annotated.


Warning-[SDFCOM_SWC] Simple Wire Connection
/MasterClass/M143010027_ALU/Hws/HW1/gate_level/FLP_adder_7/Delay/round2/timing.sdf, 4164
module: DFQD2BWP16P90LVT, "instance: testbench.test_module.s5_md_norm_reg_16_"
  SDF Warning: The path from s5_md_norm_reg_16_.Q to add_127.U54.A2 doesn't 
  have a simple wire connection, delay will still be annotated.


Warning-[SDFCOM_SWC] Simple Wire Connection
/MasterClass/M143010027_ALU/Hws/HW1/gate_level/FLP_adder_7/Delay/round2/timing.sdf, 4165
module: DFQD2BWP16P90LVT, "instance: testbench.test_module.s5_md_norm_reg_16_"
  SDF Warning: The path from s5_md_norm_reg_16_.Q to add_127.U50.A1 doesn't 
  have a simple wire connection, delay will still be annotated.


Warning-[SDFCOM_SWC] Simple Wire Connection
/MasterClass/M143010027_ALU/Hws/HW1/gate_level/FLP_adder_7/Delay/round2/timing.sdf, 4166
module: DFQD2BWP16P90LVT, "instance: testbench.test_module.s5_md_norm_reg_17_"
  SDF Warning: The path from s5_md_norm_reg_17_.Q to add_127.U50.A2 doesn't 
  have a simple wire connection, delay will still be annotated.


Warning-[SDFCOM_SWC] Simple Wire Connection
/MasterClass/M143010027_ALU/Hws/HW1/gate_level/FLP_adder_7/Delay/round2/timing.sdf, 4169
module: DFQD2BWP16P90LVT, "instance: testbench.test_module.s5_md_norm_reg_18_"
  SDF Warning: The path from s5_md_norm_reg_18_.Q to add_127.U37.A1 doesn't 
  have a simple wire connection, delay will still be annotated.


Warning-[SDFCOM_SWC] Simple Wire Connection
/MasterClass/M143010027_ALU/Hws/HW1/gate_level/FLP_adder_7/Delay/round2/timing.sdf, 4170
module: DFQD2BWP16P90LVT, "instance: testbench.test_module.s5_md_norm_reg_19_"
  SDF Warning: The path from s5_md_norm_reg_19_.Q to add_127.U37.A2 doesn't 
  have a simple wire connection, delay will still be annotated.


Warning-[SDFCOM_SWC] Simple Wire Connection
/MasterClass/M143010027_ALU/Hws/HW1/gate_level/FLP_adder_7/Delay/round2/timing.sdf, 4172
module: DFQD2BWP16P90LVT, "instance: testbench.test_module.s5_md_norm_reg_20_"
  SDF Warning: The path from s5_md_norm_reg_20_.Q to add_127.U32.A2 doesn't 
  have a simple wire connection, delay will still be annotated.


Warning-[SDFCOM_SWC] Simple Wire Connection
/MasterClass/M143010027_ALU/Hws/HW1/gate_level/FLP_adder_7/Delay/round2/timing.sdf, 4173
module: DFQD2BWP16P90LVT, "instance: testbench.test_module.s5_md_norm_reg_20_"
  SDF Warning: The path from s5_md_norm_reg_20_.Q to add_127.U28.A1 doesn't 
  have a simple wire connection, delay will still be annotated.


Warning-[SDFCOM_SWC] Simple Wire Connection
/MasterClass/M143010027_ALU/Hws/HW1/gate_level/FLP_adder_7/Delay/round2/timing.sdf, 4174
module: DFQD2BWP16P90LVT, "instance: testbench.test_module.s5_md_norm_reg_21_"
  SDF Warning: The path from s5_md_norm_reg_21_.Q to add_127.U28.A2 doesn't 
  have a simple wire connection, delay will still be annotated.


Warning-[SDFCOM_SWC] Simple Wire Connection
/MasterClass/M143010027_ALU/Hws/HW1/gate_level/FLP_adder_7/Delay/round2/timing.sdf, 4178
module: DFQD2BWP16P90LVT, "instance: testbench.test_module.s5_md_norm_reg_22_"
  SDF Warning: The path from s5_md_norm_reg_22_.Q to add_127.U21.A2 doesn't 
  have a simple wire connection, delay will still be annotated.


Warning-[SDFCOM_SWC] Simple Wire Connection
/MasterClass/M143010027_ALU/Hws/HW1/gate_level/FLP_adder_7/Delay/round2/timing.sdf, 4179
module: DFQD2BWP16P90LVT, "instance: testbench.test_module.s5_md_norm_reg_22_"
  SDF Warning: The path from s5_md_norm_reg_22_.Q to add_127.U17.A1 doesn't 
  have a simple wire connection, delay will still be annotated.


Warning-[SDFCOM_SWC] Simple Wire Connection
/MasterClass/M143010027_ALU/Hws/HW1/gate_level/FLP_adder_7/Delay/round2/timing.sdf, 4180
module: DFQD2BWP16P90LVT, "instance: testbench.test_module.s5_md_norm_reg_23_"
  SDF Warning: The path from s5_md_norm_reg_23_.Q to add_127.U17.A2 doesn't 
  have a simple wire connection, delay will still be annotated.


Warning-[SDFCOM_SWC] Simple Wire Connection
/MasterClass/M143010027_ALU/Hws/HW1/gate_level/FLP_adder_7/Delay/round2/timing.sdf, 4182
module: DFQD2BWP16P90LVT, "instance: testbench.test_module.s5_md_norm_reg_24_"
  SDF Warning: The path from s5_md_norm_reg_24_.Q to add_127.U12.A2 doesn't 
  have a simple wire connection, delay will still be annotated.


Warning-[SDFCOM_SWC] Simple Wire Connection
/MasterClass/M143010027_ALU/Hws/HW1/gate_level/FLP_adder_7/Delay/round2/timing.sdf, 4183
module: DFQD2BWP16P90LVT, "instance: testbench.test_module.s5_md_norm_reg_24_"
  SDF Warning: The path from s5_md_norm_reg_24_.Q to add_127.U8.A1 doesn't 
  have a simple wire connection, delay will still be annotated.


Warning-[SDFCOM_SWC] Simple Wire Connection
/MasterClass/M143010027_ALU/Hws/HW1/gate_level/FLP_adder_7/Delay/round2/timing.sdf, 4184
module: DFQD2BWP16P90LVT, "instance: testbench.test_module.s5_md_norm_reg_25_"
  SDF Warning: The path from s5_md_norm_reg_25_.Q to add_127.U8.A2 doesn't 
  have a simple wire connection, delay will still be annotated.


          Total errors: 0
          Total warnings: 289
   ***    SDF annotation completed: Mon Oct  5 20:41:41 2026


