
   ***   $sdf_annotate() version 1.2R
   ***    SDF file: "/MasterClass/M143010027_ALU/Hws/HW1/gate_level/FLP_adder_4/Delay/round4/timing.sdf"
   ***    Annotation scope: testbench.test_module
   ***    SDF Annotator log file: "sdf_annotation.log"
   ***    MTM selection: "MAXIMUM"
   ***    No SCALE FACTORS argument specified
   ***    No SCALE TYPE argument specified
   ***    SCALE FACTORS defaulted to "1.0:1.0:1.0":
   ***    SCALE TYPE defaulted to: "FROM_MTM"
   ***    Turnoff delay: "FROM_FILE"
   ***    Approximation (mipd) policy: "MAXIMUM"

   ***    SDF annotation begin: Mon Oct  5 20:47:32 2026


SDF Info: +pulse_r/100, +pulse_e/100 in effect

Warning-[SDFCOM_SWC] Simple Wire Connection
/MasterClass/M143010027_ALU/Hws/HW1/gate_level/FLP_adder_4/Delay/round4/timing.sdf, 20
module: XNR2D1BWP16P90LVT, "instance: testbench.test_module.sub_110.U117"
  SDF Warning: The path from sub_110.U117.ZN to U1809.A1 doesn't have a simple
  wire connection, delay will still be annotated.


Warning-[SDFCOM_SWC] Simple Wire Connection
/MasterClass/M143010027_ALU/Hws/HW1/gate_level/FLP_adder_4/Delay/round4/timing.sdf, 24
module: XNR2D1BWP16P90LVT, "instance: testbench.test_module.sub_110.U92"
  SDF Warning: The path from sub_110.U92.ZN to U1807.A1 doesn't have a simple 
  wire connection, delay will still be annotated.


Warning-[SDFCOM_SWC] Simple Wire Connection
/MasterClass/M143010027_ALU/Hws/HW1/gate_level/FLP_adder_4/Delay/round4/timing.sdf, 31
module: XOR2D1BWP16P90LVT, "instance: testbench.test_module.sub_110.U88"
  SDF Warning: The path from sub_110.U88.Z to U1804.A1 doesn't have a simple 
  wire connection, delay will still be annotated.


Warning-[SDFCOM_SWC] Simple Wire Connection
/MasterClass/M143010027_ALU/Hws/HW1/gate_level/FLP_adder_4/Delay/round4/timing.sdf, 40
module: XNR2D1BWP16P90LVT, "instance: testbench.test_module.sub_110.U115"
  SDF Warning: The path from sub_110.U115.ZN to U1800.A1 doesn't have a simple
  wire connection, delay will still be annotated.


Warning-[SDFCOM_SWC] Simple Wire Connection
/MasterClass/M143010027_ALU/Hws/HW1/gate_level/FLP_adder_4/Delay/round4/timing.sdf, 49
module: XOR2D1BWP16P90LVT, "instance: testbench.test_module.sub_110.U87"
  SDF Warning: The path from sub_110.U87.Z to U1796.A1 doesn't have a simple 
  wire connection, delay will still be annotated.


Warning-[SDFCOM_SWC] Simple Wire Connection
/MasterClass/M143010027_ALU/Hws/HW1/gate_level/FLP_adder_4/Delay/round4/timing.sdf, 56
module: XOR2D2BWP16P90, "instance: testbench.test_module.sub_110.U78"
  SDF Warning: The path from sub_110.U78.Z to U1793.A1 doesn't have a simple 
  wire connection, delay will still be annotated.


Warning-[SDFCOM_SWC] Simple Wire Connection
/MasterClass/M143010027_ALU/Hws/HW1/gate_level/FLP_adder_4/Delay/round4/timing.sdf, 65
module: XOR2D1BWP16P90, "instance: testbench.test_module.sub_110.U104"
  SDF Warning: The path from sub_110.U104.Z to U1789.A1 doesn't have a simple 
  wire connection, delay will still be annotated.


Warning-[SDFCOM_SWC] Simple Wire Connection
/MasterClass/M143010027_ALU/Hws/HW1/gate_level/FLP_adder_4/Delay/round4/timing.sdf, 74
module: XNR2D1BWP16P90LVT, "instance: testbench.test_module.sub_110.U86"
  SDF Warning: The path from sub_110.U86.ZN to U1785.A1 doesn't have a simple 
  wire connection, delay will still be annotated.


Warning-[SDFCOM_IWSBA] INTERCONNECT will still be annotated
/MasterClass/M143010027_ALU/Hws/HW1/gate_level/FLP_adder_4/Delay/round4/timing.sdf, 124
module: XNR2D1BWP16P90LVT, "instance: testbench.test_module.add_114.U169"
  SDF Warning: INTERCONNECT from add_114.U169.ZN to U1764.A1 has Instance at 
  /MasterClass/M143010027_ALU/Hws/HW1/gate_level/FLP_adder_4/Delay/round4/netlist.v:1515,
  delay will still be annotated.


Warning-[SDFCOM_IWSBA] INTERCONNECT will still be annotated
/MasterClass/M143010027_ALU/Hws/HW1/gate_level/FLP_adder_4/Delay/round4/timing.sdf, 129
module: XOR2D1BWP16P90LVT, "instance: testbench.test_module.add_114.U173"
  SDF Warning: INTERCONNECT from add_114.U173.Z to U1762.I has Instance at 
  /MasterClass/M143010027_ALU/Hws/HW1/gate_level/FLP_adder_4/Delay/round4/netlist.v:1515,
  delay will still be annotated.


Warning-[SDFCOM_IWSBA] INTERCONNECT will still be annotated
/MasterClass/M143010027_ALU/Hws/HW1/gate_level/FLP_adder_4/Delay/round4/timing.sdf, 136
module: XOR2D1BWP16P90LVT, "instance: testbench.test_module.add_114.U173"
  SDF Warning: INTERCONNECT from add_114.U173.Z to U1760.A2 has Instance at 
  /MasterClass/M143010027_ALU/Hws/HW1/gate_level/FLP_adder_4/Delay/round4/netlist.v:1515,
  delay will still be annotated.


Warning-[SDFCOM_IWSBA] INTERCONNECT will still be annotated
/MasterClass/M143010027_ALU/Hws/HW1/gate_level/FLP_adder_4/Delay/round4/timing.sdf, 140
module: XNR2D1BWP16P90LVT, "instance: testbench.test_module.add_114.U172"
  SDF Warning: INTERCONNECT from add_114.U172.ZN to U1758.I has Instance at 
  /MasterClass/M143010027_ALU/Hws/HW1/gate_level/FLP_adder_4/Delay/round4/netlist.v:1515,
  delay will still be annotated.


Warning-[SDFCOM_IWSBA] INTERCONNECT will still be annotated
/MasterClass/M143010027_ALU/Hws/HW1/gate_level/FLP_adder_4/Delay/round4/timing.sdf, 146
module: XNR2D1BWP16P90LVT, "instance: testbench.test_module.add_114.U172"
  SDF Warning: INTERCONNECT from add_114.U172.ZN to U1756.A1 has Instance at 
  /MasterClass/M143010027_ALU/Hws/HW1/gate_level/FLP_adder_4/Delay/round4/netlist.v:1515,
  delay will still be annotated.


Warning-[SDFCOM_IWSBA] INTERCONNECT will still be annotated
/MasterClass/M143010027_ALU/Hws/HW1/gate_level/FLP_adder_4/Delay/round4/timing.sdf, 151
module: XOR2D1BWP16P90LVT, "instance: testbench.test_module.add_114.U176"
  SDF Warning: INTERCONNECT from add_114.U176.Z to U1754.I has Instance at 
  /MasterClass/M143010027_ALU/Hws/HW1/gate_level/FLP_adder_4/Delay/round4/netlist.v:1515,
  delay will still be annotated.


Warning-[SDFCOM_IWSBA] INTERCONNECT will still be annotated
/MasterClass/M143010027_ALU/Hws/HW1/gate_level/FLP_adder_4/Delay/round4/timing.sdf, 157
module: XOR2D1BWP16P90LVT, "instance: testbench.test_module.add_114.U176"
  SDF Warning: INTERCONNECT from add_114.U176.Z to U1752.A1 has Instance at 
  /MasterClass/M143010027_ALU/Hws/HW1/gate_level/FLP_adder_4/Delay/round4/netlist.v:1515,
  delay will still be annotated.


Warning-[SDFCOM_IWSBA] INTERCONNECT will still be annotated
/MasterClass/M143010027_ALU/Hws/HW1/gate_level/FLP_adder_4/Delay/round4/timing.sdf, 162
module: XNR2D1BWP16P90LVT, "instance: testbench.test_module.add_114.U170"
  SDF Warning: INTERCONNECT from add_114.U170.ZN to U1750.I has Instance at 
  /MasterClass/M143010027_ALU/Hws/HW1/gate_level/FLP_adder_4/Delay/round4/netlist.v:1515,
  delay will still be annotated.


Warning-[SDFCOM_IWSBA] INTERCONNECT will still be annotated
/MasterClass/M143010027_ALU/Hws/HW1/gate_level/FLP_adder_4/Delay/round4/timing.sdf, 168
module: XNR2D1BWP16P90LVT, "instance: testbench.test_module.add_114.U170"
  SDF Warning: INTERCONNECT from add_114.U170.ZN to U1748.A1 has Instance at 
  /MasterClass/M143010027_ALU/Hws/HW1/gate_level/FLP_adder_4/Delay/round4/netlist.v:1515,
  delay will still be annotated.


Warning-[SDFCOM_IWSBA] INTERCONNECT will still be annotated
/MasterClass/M143010027_ALU/Hws/HW1/gate_level/FLP_adder_4/Delay/round4/timing.sdf, 173
module: XOR2D1BWP16P90LVT, "instance: testbench.test_module.add_114.U174"
  SDF Warning: INTERCONNECT from add_114.U174.Z to U1746.I has Instance at 
  /MasterClass/M143010027_ALU/Hws/HW1/gate_level/FLP_adder_4/Delay/round4/netlist.v:1515,
  delay will still be annotated.


Warning-[SDFCOM_IWSBA] INTERCONNECT will still be annotated
/MasterClass/M143010027_ALU/Hws/HW1/gate_level/FLP_adder_4/Delay/round4/timing.sdf, 179
module: XOR2D1BWP16P90LVT, "instance: testbench.test_module.add_114.U174"
  SDF Warning: INTERCONNECT from add_114.U174.Z to U1744.A1 has Instance at 
  /MasterClass/M143010027_ALU/Hws/HW1/gate_level/FLP_adder_4/Delay/round4/netlist.v:1515,
  delay will still be annotated.


Warning-[SDFCOM_IWSBA] INTERCONNECT will still be annotated
/MasterClass/M143010027_ALU/Hws/HW1/gate_level/FLP_adder_4/Delay/round4/timing.sdf, 184
module: XNR2D1BWP16P90, "instance: testbench.test_module.add_114.U146"
  SDF Warning: INTERCONNECT from add_114.U146.ZN to U1742.I has Instance at 
  /MasterClass/M143010027_ALU/Hws/HW1/gate_level/FLP_adder_4/Delay/round4/netlist.v:1515,
  delay will still be annotated.


Warning-[SDFCOM_IWSBA] INTERCONNECT will still be annotated
/MasterClass/M143010027_ALU/Hws/HW1/gate_level/FLP_adder_4/Delay/round4/timing.sdf, 190
module: XNR2D1BWP16P90, "instance: testbench.test_module.add_114.U146"
  SDF Warning: INTERCONNECT from add_114.U146.ZN to U1740.A1 has Instance at 
  /MasterClass/M143010027_ALU/Hws/HW1/gate_level/FLP_adder_4/Delay/round4/netlist.v:1515,
  delay will still be annotated.


Warning-[SDFCOM_IWSBA] INTERCONNECT will still be annotated
/MasterClass/M143010027_ALU/Hws/HW1/gate_level/FLP_adder_4/Delay/round4/timing.sdf, 195
module: XOR2D1BWP16P90LVT, "instance: testbench.test_module.add_114.U158"
  SDF Warning: INTERCONNECT from add_114.U158.Z to U1738.I has Instance at 
  /MasterClass/M143010027_ALU/Hws/HW1/gate_level/FLP_adder_4/Delay/round4/netlist.v:1515,
  delay will still be annotated.


Warning-[SDFCOM_IWSBA] INTERCONNECT will still be annotated
/MasterClass/M143010027_ALU/Hws/HW1/gate_level/FLP_adder_4/Delay/round4/timing.sdf, 201
module: XOR2D1BWP16P90LVT, "instance: testbench.test_module.add_114.U158"
  SDF Warning: INTERCONNECT from add_114.U158.Z to U1736.A1 has Instance at 
  /MasterClass/M143010027_ALU/Hws/HW1/gate_level/FLP_adder_4/Delay/round4/netlist.v:1515,
  delay will still be annotated.


Warning-[SDFCOM_IWSBA] INTERCONNECT will still be annotated
/MasterClass/M143010027_ALU/Hws/HW1/gate_level/FLP_adder_4/Delay/round4/timing.sdf, 206
module: XNR2D1BWP16P90, "instance: testbench.test_module.add_114.U143"
  SDF Warning: INTERCONNECT from add_114.U143.ZN to U1734.I has Instance at 
  /MasterClass/M143010027_ALU/Hws/HW1/gate_level/FLP_adder_4/Delay/round4/netlist.v:1515,
  delay will still be annotated.


Warning-[SDFCOM_IWSBA] INTERCONNECT will still be annotated
/MasterClass/M143010027_ALU/Hws/HW1/gate_level/FLP_adder_4/Delay/round4/timing.sdf, 212
module: XNR2D1BWP16P90, "instance: testbench.test_module.add_114.U143"
  SDF Warning: INTERCONNECT from add_114.U143.ZN to U1732.A1 has Instance at 
  /MasterClass/M143010027_ALU/Hws/HW1/gate_level/FLP_adder_4/Delay/round4/netlist.v:1515,
  delay will still be annotated.


Warning-[SDFCOM_IWSBA] INTERCONNECT will still be annotated
/MasterClass/M143010027_ALU/Hws/HW1/gate_level/FLP_adder_4/Delay/round4/timing.sdf, 217
module: XOR2D1BWP16P90, "instance: testbench.test_module.add_114.U147"
  SDF Warning: INTERCONNECT from add_114.U147.Z to U1730.I has Instance at 
  /MasterClass/M143010027_ALU/Hws/HW1/gate_level/FLP_adder_4/Delay/round4/netlist.v:1515,
  delay will still be annotated.


Warning-[SDFCOM_IWSBA] INTERCONNECT will still be annotated
/MasterClass/M143010027_ALU/Hws/HW1/gate_level/FLP_adder_4/Delay/round4/timing.sdf, 223
module: XOR2D1BWP16P90, "instance: testbench.test_module.add_114.U147"
  SDF Warning: INTERCONNECT from add_114.U147.Z to U1728.A1 has Instance at 
  /MasterClass/M143010027_ALU/Hws/HW1/gate_level/FLP_adder_4/Delay/round4/netlist.v:1515,
  delay will still be annotated.


Warning-[SDFCOM_IWSBA] INTERCONNECT will still be annotated
/MasterClass/M143010027_ALU/Hws/HW1/gate_level/FLP_adder_4/Delay/round4/timing.sdf, 228
module: XNR2D1BWP16P90, "instance: testbench.test_module.add_114.U144"
  SDF Warning: INTERCONNECT from add_114.U144.ZN to U1726.I has Instance at 
  /MasterClass/M143010027_ALU/Hws/HW1/gate_level/FLP_adder_4/Delay/round4/netlist.v:1515,
  delay will still be annotated.


Warning-[SDFCOM_IWSBA] INTERCONNECT will still be annotated
/MasterClass/M143010027_ALU/Hws/HW1/gate_level/FLP_adder_4/Delay/round4/timing.sdf, 234
module: XNR2D1BWP16P90, "instance: testbench.test_module.add_114.U144"
  SDF Warning: INTERCONNECT from add_114.U144.ZN to U1724.A1 has Instance at 
  /MasterClass/M143010027_ALU/Hws/HW1/gate_level/FLP_adder_4/Delay/round4/netlist.v:1515,
  delay will still be annotated.


Warning-[SDFCOM_IWSBA] INTERCONNECT will still be annotated
/MasterClass/M143010027_ALU/Hws/HW1/gate_level/FLP_adder_4/Delay/round4/timing.sdf, 239
module: XOR2D1BWP16P90, "instance: testbench.test_module.add_114.U148"
  SDF Warning: INTERCONNECT from add_114.U148.Z to U1722.I has Instance at 
  /MasterClass/M143010027_ALU/Hws/HW1/gate_level/FLP_adder_4/Delay/round4/netlist.v:1515,
  delay will still be annotated.


Warning-[SDFCOM_IWSBA] INTERCONNECT will still be annotated
/MasterClass/M143010027_ALU/Hws/HW1/gate_level/FLP_adder_4/Delay/round4/timing.sdf, 245
module: XOR2D1BWP16P90, "instance: testbench.test_module.add_114.U148"
  SDF Warning: INTERCONNECT from add_114.U148.Z to U1720.A1 has Instance at 
  /MasterClass/M143010027_ALU/Hws/HW1/gate_level/FLP_adder_4/Delay/round4/netlist.v:1515,
  delay will still be annotated.


Warning-[SDFCOM_IWSBA] INTERCONNECT will still be annotated
/MasterClass/M143010027_ALU/Hws/HW1/gate_level/FLP_adder_4/Delay/round4/timing.sdf, 250
module: XNR2D1BWP16P90, "instance: testbench.test_module.add_114.U145"
  SDF Warning: INTERCONNECT from add_114.U145.ZN to U1718.I has Instance at 
  /MasterClass/M143010027_ALU/Hws/HW1/gate_level/FLP_adder_4/Delay/round4/netlist.v:1515,
  delay will still be annotated.


Warning-[SDFCOM_IWSBA] INTERCONNECT will still be annotated
/MasterClass/M143010027_ALU/Hws/HW1/gate_level/FLP_adder_4/Delay/round4/timing.sdf, 256
module: XNR2D1BWP16P90, "instance: testbench.test_module.add_114.U145"
  SDF Warning: INTERCONNECT from add_114.U145.ZN to U1716.A1 has Instance at 
  /MasterClass/M143010027_ALU/Hws/HW1/gate_level/FLP_adder_4/Delay/round4/netlist.v:1515,
  delay will still be annotated.


Warning-[SDFCOM_IWSBA] INTERCONNECT will still be annotated
/MasterClass/M143010027_ALU/Hws/HW1/gate_level/FLP_adder_4/Delay/round4/timing.sdf, 261
module: XOR2D1BWP16P90LVT, "instance: testbench.test_module.add_114.U157"
  SDF Warning: INTERCONNECT from add_114.U157.Z to U1714.I has Instance at 
  /MasterClass/M143010027_ALU/Hws/HW1/gate_level/FLP_adder_4/Delay/round4/netlist.v:1515,
  delay will still be annotated.


Warning-[SDFCOM_IWSBA] INTERCONNECT will still be annotated
/MasterClass/M143010027_ALU/Hws/HW1/gate_level/FLP_adder_4/Delay/round4/timing.sdf, 267
module: XOR2D1BWP16P90LVT, "instance: testbench.test_module.add_114.U157"
  SDF Warning: INTERCONNECT from add_114.U157.Z to U1712.A1 has Instance at 
  /MasterClass/M143010027_ALU/Hws/HW1/gate_level/FLP_adder_4/Delay/round4/netlist.v:1515,
  delay will still be annotated.


Warning-[SDFCOM_IWSBA] INTERCONNECT will still be annotated
/MasterClass/M143010027_ALU/Hws/HW1/gate_level/FLP_adder_4/Delay/round4/timing.sdf, 272
module: XNR2D1BWP16P90, "instance: testbench.test_module.add_114.U150"
  SDF Warning: INTERCONNECT from add_114.U150.ZN to U1710.I has Instance at 
  /MasterClass/M143010027_ALU/Hws/HW1/gate_level/FLP_adder_4/Delay/round4/netlist.v:1515,
  delay will still be annotated.


Warning-[SDFCOM_IWSBA] INTERCONNECT will still be annotated
/MasterClass/M143010027_ALU/Hws/HW1/gate_level/FLP_adder_4/Delay/round4/timing.sdf, 278
module: XNR2D1BWP16P90, "instance: testbench.test_module.add_114.U150"
  SDF Warning: INTERCONNECT from add_114.U150.ZN to U1708.A1 has Instance at 
  /MasterClass/M143010027_ALU/Hws/HW1/gate_level/FLP_adder_4/Delay/round4/netlist.v:1515,
  delay will still be annotated.


Warning-[SDFCOM_IWSBA] INTERCONNECT will still be annotated
/MasterClass/M143010027_ALU/Hws/HW1/gate_level/FLP_adder_4/Delay/round4/timing.sdf, 283
module: XOR2D1BWP16P90, "instance: testbench.test_module.add_114.U151"
  SDF Warning: INTERCONNECT from add_114.U151.Z to U1706.I has Instance at 
  /MasterClass/M143010027_ALU/Hws/HW1/gate_level/FLP_adder_4/Delay/round4/netlist.v:1515,
  delay will still be annotated.


Warning-[SDFCOM_IWSBA] INTERCONNECT will still be annotated
/MasterClass/M143010027_ALU/Hws/HW1/gate_level/FLP_adder_4/Delay/round4/timing.sdf, 289
module: XOR2D1BWP16P90, "instance: testbench.test_module.add_114.U151"
  SDF Warning: INTERCONNECT from add_114.U151.Z to U1704.A1 has Instance at 
  /MasterClass/M143010027_ALU/Hws/HW1/gate_level/FLP_adder_4/Delay/round4/netlist.v:1515,
  delay will still be annotated.


Warning-[SDFCOM_IWSBA] INTERCONNECT will still be annotated
/MasterClass/M143010027_ALU/Hws/HW1/gate_level/FLP_adder_4/Delay/round4/timing.sdf, 294
module: XNR2D1BWP16P90, "instance: testbench.test_module.add_114.U149"
  SDF Warning: INTERCONNECT from add_114.U149.ZN to U1702.I has Instance at 
  /MasterClass/M143010027_ALU/Hws/HW1/gate_level/FLP_adder_4/Delay/round4/netlist.v:1515,
  delay will still be annotated.


Warning-[SDFCOM_IWSBA] INTERCONNECT will still be annotated
/MasterClass/M143010027_ALU/Hws/HW1/gate_level/FLP_adder_4/Delay/round4/timing.sdf, 300
module: XNR2D1BWP16P90, "instance: testbench.test_module.add_114.U149"
  SDF Warning: INTERCONNECT from add_114.U149.ZN to U1700.A1 has Instance at 
  /MasterClass/M143010027_ALU/Hws/HW1/gate_level/FLP_adder_4/Delay/round4/netlist.v:1515,
  delay will still be annotated.


Warning-[SDFCOM_IWSBA] INTERCONNECT will still be annotated
/MasterClass/M143010027_ALU/Hws/HW1/gate_level/FLP_adder_4/Delay/round4/timing.sdf, 305
module: XOR2D1BWP16P90, "instance: testbench.test_module.add_114.U177"
  SDF Warning: INTERCONNECT from add_114.U177.Z to U1698.I has Instance at 
  /MasterClass/M143010027_ALU/Hws/HW1/gate_level/FLP_adder_4/Delay/round4/netlist.v:1515,
  delay will still be annotated.


Warning-[SDFCOM_IWSBA] INTERCONNECT will still be annotated
/MasterClass/M143010027_ALU/Hws/HW1/gate_level/FLP_adder_4/Delay/round4/timing.sdf, 311
module: XOR2D1BWP16P90, "instance: testbench.test_module.add_114.U177"
  SDF Warning: INTERCONNECT from add_114.U177.Z to U1696.A1 has Instance at 
  /MasterClass/M143010027_ALU/Hws/HW1/gate_level/FLP_adder_4/Delay/round4/netlist.v:1515,
  delay will still be annotated.


Warning-[SDFCOM_IWSBA] INTERCONNECT will still be annotated
/MasterClass/M143010027_ALU/Hws/HW1/gate_level/FLP_adder_4/Delay/round4/timing.sdf, 316
module: XNR2D1BWP16P90, "instance: testbench.test_module.add_114.U178"
  SDF Warning: INTERCONNECT from add_114.U178.ZN to U1694.I has Instance at 
  /MasterClass/M143010027_ALU/Hws/HW1/gate_level/FLP_adder_4/Delay/round4/netlist.v:1515,
  delay will still be annotated.


Warning-[SDFCOM_IWSBA] INTERCONNECT will still be annotated
/MasterClass/M143010027_ALU/Hws/HW1/gate_level/FLP_adder_4/Delay/round4/timing.sdf, 322
module: XNR2D1BWP16P90, "instance: testbench.test_module.add_114.U178"
  SDF Warning: INTERCONNECT from add_114.U178.ZN to U1692.A1 has Instance at 
  /MasterClass/M143010027_ALU/Hws/HW1/gate_level/FLP_adder_4/Delay/round4/netlist.v:1515,
  delay will still be annotated.


Warning-[SDFCOM_IWSBA] INTERCONNECT will still be annotated
/MasterClass/M143010027_ALU/Hws/HW1/gate_level/FLP_adder_4/Delay/round4/timing.sdf, 327
module: XOR2D1BWP16P90LVT, "instance: testbench.test_module.add_114.U159"
  SDF Warning: INTERCONNECT from add_114.U159.Z to U1690.I has Instance at 
  /MasterClass/M143010027_ALU/Hws/HW1/gate_level/FLP_adder_4/Delay/round4/netlist.v:1515,
  delay will still be annotated.


Warning-[SDFCOM_IWSBA] INTERCONNECT will still be annotated
/MasterClass/M143010027_ALU/Hws/HW1/gate_level/FLP_adder_4/Delay/round4/timing.sdf, 333
module: XOR2D1BWP16P90LVT, "instance: testbench.test_module.add_114.U159"
  SDF Warning: INTERCONNECT from add_114.U159.Z to U1688.A1 has Instance at 
  /MasterClass/M143010027_ALU/Hws/HW1/gate_level/FLP_adder_4/Delay/round4/netlist.v:1515,
  delay will still be annotated.


Warning-[SDFCOM_IWSBA] INTERCONNECT will still be annotated
/MasterClass/M143010027_ALU/Hws/HW1/gate_level/FLP_adder_4/Delay/round4/timing.sdf, 338
module: XNR2D1BWP16P90, "instance: testbench.test_module.add_114.U180"
  SDF Warning: INTERCONNECT from add_114.U180.ZN to U1686.I has Instance at 
  /MasterClass/M143010027_ALU/Hws/HW1/gate_level/FLP_adder_4/Delay/round4/netlist.v:1515,
  delay will still be annotated.


Warning-[SDFCOM_IWSBA] INTERCONNECT will still be annotated
/MasterClass/M143010027_ALU/Hws/HW1/gate_level/FLP_adder_4/Delay/round4/timing.sdf, 344
module: XNR2D1BWP16P90, "instance: testbench.test_module.add_114.U180"
  SDF Warning: INTERCONNECT from add_114.U180.ZN to U1684.A1 has Instance at 
  /MasterClass/M143010027_ALU/Hws/HW1/gate_level/FLP_adder_4/Delay/round4/netlist.v:1515,
  delay will still be annotated.


Warning-[SDFCOM_IWSBA] INTERCONNECT will still be annotated
/MasterClass/M143010027_ALU/Hws/HW1/gate_level/FLP_adder_4/Delay/round4/timing.sdf, 349
module: XOR2D1BWP16P90, "instance: testbench.test_module.add_114.U181"
  SDF Warning: INTERCONNECT from add_114.U181.Z to U1682.I has Instance at 
  /MasterClass/M143010027_ALU/Hws/HW1/gate_level/FLP_adder_4/Delay/round4/netlist.v:1515,
  delay will still be annotated.


Warning-[SDFCOM_IWSBA] INTERCONNECT will still be annotated
/MasterClass/M143010027_ALU/Hws/HW1/gate_level/FLP_adder_4/Delay/round4/timing.sdf, 355
module: XOR2D1BWP16P90, "instance: testbench.test_module.add_114.U181"
  SDF Warning: INTERCONNECT from add_114.U181.Z to U1680.A1 has Instance at 
  /MasterClass/M143010027_ALU/Hws/HW1/gate_level/FLP_adder_4/Delay/round4/netlist.v:1515,
  delay will still be annotated.


Warning-[SDFCOM_IWSBA] INTERCONNECT will still be annotated
/MasterClass/M143010027_ALU/Hws/HW1/gate_level/FLP_adder_4/Delay/round4/timing.sdf, 364
module: INVD1BWP16P90, "instance: testbench.test_module.add_114.U168"
  SDF Warning: INTERCONNECT from add_114.U168.ZN to U1678.A1 has Instance at 
  /MasterClass/M143010027_ALU/Hws/HW1/gate_level/FLP_adder_4/Delay/round4/netlist.v:1515,
  delay will still be annotated.


Warning-[SDFCOM_IWSBA] INTERCONNECT will still be annotated
/MasterClass/M143010027_ALU/Hws/HW1/gate_level/FLP_adder_4/Delay/round4/timing.sdf, 376
module: XOR2D1BWP16P90, "instance: testbench.test_module.add_114.U183"
  SDF Warning: INTERCONNECT from add_114.U183.Z to U1673.I has Instance at 
  /MasterClass/M143010027_ALU/Hws/HW1/gate_level/FLP_adder_4/Delay/round4/netlist.v:1515,
  delay will still be annotated.


Warning-[SDFCOM_IWSBA] INTERCONNECT will still be annotated
/MasterClass/M143010027_ALU/Hws/HW1/gate_level/FLP_adder_4/Delay/round4/timing.sdf, 828
module: CKND1BWP16P90LVT, "instance: testbench.test_module.add_79.U354"
  SDF Warning: INTERCONNECT from add_79.U354.ZN to U1530.I has Instance at 
  /MasterClass/M143010027_ALU/Hws/HW1/gate_level/FLP_adder_4/Delay/round4/netlist.v:1564,
  delay will still be annotated.


Warning-[SDFCOM_IWSBA] INTERCONNECT will still be annotated
/MasterClass/M143010027_ALU/Hws/HW1/gate_level/FLP_adder_4/Delay/round4/timing.sdf, 985
module: MUX2ND2BWP16P90LVT, "instance: testbench.test_module.U679"
  SDF Warning: INTERCONNECT from U679.ZN to U1473.I1 has Instance at 
  /MasterClass/M143010027_ALU/Hws/HW1/gate_level/FLP_adder_4/Delay/round4/netlist.v:1532,
  delay will still be annotated.


Warning-[SDFCOM_IWSBA] INTERCONNECT will still be annotated
/MasterClass/M143010027_ALU/Hws/HW1/gate_level/FLP_adder_4/Delay/round4/timing.sdf, 1040
module: XOR2D1BWP16P90LVT, "instance: testbench.test_module.sub_73.U215"
  SDF Warning: INTERCONNECT from sub_73.U215.Z to U1459.A1 has Instance at 
  /MasterClass/M143010027_ALU/Hws/HW1/gate_level/FLP_adder_4/Delay/round4/netlist.v:1532,
  delay will still be annotated.


Warning-[SDFCOM_IWSBA] INTERCONNECT will still be annotated
/MasterClass/M143010027_ALU/Hws/HW1/gate_level/FLP_adder_4/Delay/round4/timing.sdf, 1093
module: XNR2D1BWP16P90LVT, "instance: testbench.test_module.sub_73.U213"
  SDF Warning: INTERCONNECT from sub_73.U213.ZN to U1445.I1 has Instance at 
  /MasterClass/M143010027_ALU/Hws/HW1/gate_level/FLP_adder_4/Delay/round4/netlist.v:1532,
  delay will still be annotated.


Warning-[SDFCOM_IWSBA] INTERCONNECT will still be annotated
/MasterClass/M143010027_ALU/Hws/HW1/gate_level/FLP_adder_4/Delay/round4/timing.sdf, 1114
module: XOR2D1BWP16P90LVT, "instance: testbench.test_module.sub_73.U144"
  SDF Warning: INTERCONNECT from sub_73.U144.Z to U1438.I1 has Instance at 
  /MasterClass/M143010027_ALU/Hws/HW1/gate_level/FLP_adder_4/Delay/round4/netlist.v:1532,
  delay will still be annotated.


Warning-[SDFCOM_IWSBA] INTERCONNECT will still be annotated
/MasterClass/M143010027_ALU/Hws/HW1/gate_level/FLP_adder_4/Delay/round4/timing.sdf, 1122
module: XOR2D1BWP16P90LVT, "instance: testbench.test_module.sub_73.U144"
  SDF Warning: INTERCONNECT from sub_73.U144.Z to U1435.B1 has Instance at 
  /MasterClass/M143010027_ALU/Hws/HW1/gate_level/FLP_adder_4/Delay/round4/netlist.v:1532,
  delay will still be annotated.


Warning-[SDFCOM_IWSBA] INTERCONNECT will still be annotated
/MasterClass/M143010027_ALU/Hws/HW1/gate_level/FLP_adder_4/Delay/round4/timing.sdf, 1126
module: XOR2D1BWP16P90LVT, "instance: testbench.test_module.sub_73.U217"
  SDF Warning: INTERCONNECT from sub_73.U217.Z to U1434.I1 has Instance at 
  /MasterClass/M143010027_ALU/Hws/HW1/gate_level/FLP_adder_4/Delay/round4/netlist.v:1532,
  delay will still be annotated.


Warning-[SDFCOM_IWSBA] INTERCONNECT will still be annotated
/MasterClass/M143010027_ALU/Hws/HW1/gate_level/FLP_adder_4/Delay/round4/timing.sdf, 1140
module: XOR2D1BWP16P90LVT, "instance: testbench.test_module.sub_73.U145"
  SDF Warning: INTERCONNECT from sub_73.U145.Z to U1430.B1 has Instance at 
  /MasterClass/M143010027_ALU/Hws/HW1/gate_level/FLP_adder_4/Delay/round4/netlist.v:1532,
  delay will still be annotated.


Warning-[SDFCOM_IWSBA] INTERCONNECT will still be annotated
/MasterClass/M143010027_ALU/Hws/HW1/gate_level/FLP_adder_4/Delay/round4/timing.sdf, 1143
module: XOR2D2BWP16P90LVT, "instance: testbench.test_module.sub_73.U152"
  SDF Warning: INTERCONNECT from sub_73.U152.Z to U1429.A1 has Instance at 
  /MasterClass/M143010027_ALU/Hws/HW1/gate_level/FLP_adder_4/Delay/round4/netlist.v:1532,
  delay will still be annotated.


Warning-[SDFCOM_IWSBA] INTERCONNECT will still be annotated
/MasterClass/M143010027_ALU/Hws/HW1/gate_level/FLP_adder_4/Delay/round4/timing.sdf, 1159
module: XOR2D2BWP16P90LVT, "instance: testbench.test_module.sub_73.U152"
  SDF Warning: INTERCONNECT from sub_73.U152.Z to U1425.A1 has Instance at 
  /MasterClass/M143010027_ALU/Hws/HW1/gate_level/FLP_adder_4/Delay/round4/netlist.v:1532,
  delay will still be annotated.


Warning-[SDFCOM_IWSBA] INTERCONNECT will still be annotated
/MasterClass/M143010027_ALU/Hws/HW1/gate_level/FLP_adder_4/Delay/round4/timing.sdf, 1173
module: XOR2D1BWP16P90LVT, "instance: testbench.test_module.sub_73.U217"
  SDF Warning: INTERCONNECT from sub_73.U217.Z to U1420.I has Instance at 
  /MasterClass/M143010027_ALU/Hws/HW1/gate_level/FLP_adder_4/Delay/round4/netlist.v:1532,
  delay will still be annotated.


Warning-[SDFCOM_IWSBA] INTERCONNECT will still be annotated
/MasterClass/M143010027_ALU/Hws/HW1/gate_level/FLP_adder_4/Delay/round4/timing.sdf, 1186
module: XOR2D1BWP16P90LVT, "instance: testbench.test_module.sub_73.U208"
  SDF Warning: INTERCONNECT from sub_73.U208.Z to U1415.I has Instance at 
  /MasterClass/M143010027_ALU/Hws/HW1/gate_level/FLP_adder_4/Delay/round4/netlist.v:1532,
  delay will still be annotated.


Warning-[SDFCOM_IWSBA] INTERCONNECT will still be annotated
/MasterClass/M143010027_ALU/Hws/HW1/gate_level/FLP_adder_4/Delay/round4/timing.sdf, 1224
module: XNR2D2BWP16P90LVT, "instance: testbench.test_module.sub_73.U128"
  SDF Warning: INTERCONNECT from sub_73.U128.ZN to U1404.I1 has Instance at 
  /MasterClass/M143010027_ALU/Hws/HW1/gate_level/FLP_adder_4/Delay/round4/netlist.v:1532,
  delay will still be annotated.


Warning-[SDFCOM_IWSBA] INTERCONNECT will still be annotated
/MasterClass/M143010027_ALU/Hws/HW1/gate_level/FLP_adder_4/Delay/round4/timing.sdf, 1229
module: ND2D4BWP16P90LVT, "instance: testbench.test_module.sub_73.U129"
  SDF Warning: INTERCONNECT from sub_73.U129.ZN to U1402.A1 has Instance at 
  /MasterClass/M143010027_ALU/Hws/HW1/gate_level/FLP_adder_4/Delay/round4/netlist.v:1532,
  delay will still be annotated.


Warning-[SDFCOM_IWSBA] INTERCONNECT will still be annotated
/MasterClass/M143010027_ALU/Hws/HW1/gate_level/FLP_adder_4/Delay/round4/timing.sdf, 1253
module: XNR2D2BWP16P90LVT, "instance: testbench.test_module.sub_73.U131"
  SDF Warning: INTERCONNECT from sub_73.U131.ZN to U1394.I has Instance at 
  /MasterClass/M143010027_ALU/Hws/HW1/gate_level/FLP_adder_4/Delay/round4/netlist.v:1532,
  delay will still be annotated.


Warning-[SDFCOM_IWSBA] INTERCONNECT will still be annotated
/MasterClass/M143010027_ALU/Hws/HW1/gate_level/FLP_adder_4/Delay/round4/timing.sdf, 1257
module: XOR2D2BWP16P90LVT, "instance: testbench.test_module.sub_73.U186"
  SDF Warning: INTERCONNECT from sub_73.U186.Z to U1392.A1 has Instance at 
  /MasterClass/M143010027_ALU/Hws/HW1/gate_level/FLP_adder_4/Delay/round4/netlist.v:1532,
  delay will still be annotated.


Warning-[SDFCOM_IWSBA] INTERCONNECT will still be annotated
/MasterClass/M143010027_ALU/Hws/HW1/gate_level/FLP_adder_4/Delay/round4/timing.sdf, 1263
module: XOR2D2BWP16P90LVT, "instance: testbench.test_module.sub_73.U155"
  SDF Warning: INTERCONNECT from sub_73.U155.Z to U1390.A1 has Instance at 
  /MasterClass/M143010027_ALU/Hws/HW1/gate_level/FLP_adder_4/Delay/round4/netlist.v:1532,
  delay will still be annotated.


Warning-[SDFCOM_IWSBA] INTERCONNECT will still be annotated
/MasterClass/M143010027_ALU/Hws/HW1/gate_level/FLP_adder_4/Delay/round4/timing.sdf, 1270
module: XOR2D2BWP16P90LVT, "instance: testbench.test_module.sub_73.U186"
  SDF Warning: INTERCONNECT from sub_73.U186.Z to U1388.A1 has Instance at 
  /MasterClass/M143010027_ALU/Hws/HW1/gate_level/FLP_adder_4/Delay/round4/netlist.v:1532,
  delay will still be annotated.


Warning-[SDFCOM_IWSBA] INTERCONNECT will still be annotated
/MasterClass/M143010027_ALU/Hws/HW1/gate_level/FLP_adder_4/Delay/round4/timing.sdf, 1332
module: INR2D2BWP16P90LVT, "instance: testbench.test_module.sub_73.U127"
  SDF Warning: INTERCONNECT from sub_73.U127.ZN to U1367.A1 has Instance at 
  /MasterClass/M143010027_ALU/Hws/HW1/gate_level/FLP_adder_4/Delay/round4/netlist.v:1532,
  delay will still be annotated.


Warning-[SDFCOM_IWSBA] INTERCONNECT will still be annotated
/MasterClass/M143010027_ALU/Hws/HW1/gate_level/FLP_adder_4/Delay/round4/timing.sdf, 1353
module: XNR2D1BWP16P90, "instance: testbench.test_module.sub_72.U194"
  SDF Warning: INTERCONNECT from sub_72.U194.ZN to U1360.B1 has Instance at 
  /MasterClass/M143010027_ALU/Hws/HW1/gate_level/FLP_adder_4/Delay/round4/netlist.v:1545,
  delay will still be annotated.


Warning-[SDFCOM_IWSBA] INTERCONNECT will still be annotated
/MasterClass/M143010027_ALU/Hws/HW1/gate_level/FLP_adder_4/Delay/round4/timing.sdf, 1357
module: XNR2D1BWP16P90, "instance: testbench.test_module.sub_72.U148"
  SDF Warning: INTERCONNECT from sub_72.U148.ZN to U1359.B1 has Instance at 
  /MasterClass/M143010027_ALU/Hws/HW1/gate_level/FLP_adder_4/Delay/round4/netlist.v:1545,
  delay will still be annotated.


Warning-[SDFCOM_IWSBA] INTERCONNECT will still be annotated
/MasterClass/M143010027_ALU/Hws/HW1/gate_level/FLP_adder_4/Delay/round4/timing.sdf, 1361
module: XOR2D1BWP16P90, "instance: testbench.test_module.sub_72.U146"
  SDF Warning: INTERCONNECT from sub_72.U146.Z to U1358.B1 has Instance at 
  /MasterClass/M143010027_ALU/Hws/HW1/gate_level/FLP_adder_4/Delay/round4/netlist.v:1545,
  delay will still be annotated.


Warning-[SDFCOM_IWSBA] INTERCONNECT will still be annotated
/MasterClass/M143010027_ALU/Hws/HW1/gate_level/FLP_adder_4/Delay/round4/timing.sdf, 1365
module: XOR2D1BWP16P90, "instance: testbench.test_module.sub_72.U193"
  SDF Warning: INTERCONNECT from sub_72.U193.Z to U1357.B1 has Instance at 
  /MasterClass/M143010027_ALU/Hws/HW1/gate_level/FLP_adder_4/Delay/round4/netlist.v:1545,
  delay will still be annotated.


Warning-[SDFCOM_IWSBA] INTERCONNECT will still be annotated
/MasterClass/M143010027_ALU/Hws/HW1/gate_level/FLP_adder_4/Delay/round4/timing.sdf, 1369
module: XNR2D1BWP16P90, "instance: testbench.test_module.sub_72.U189"
  SDF Warning: INTERCONNECT from sub_72.U189.ZN to U1356.B1 has Instance at 
  /MasterClass/M143010027_ALU/Hws/HW1/gate_level/FLP_adder_4/Delay/round4/netlist.v:1545,
  delay will still be annotated.


Warning-[SDFCOM_IWSBA] INTERCONNECT will still be annotated
/MasterClass/M143010027_ALU/Hws/HW1/gate_level/FLP_adder_4/Delay/round4/timing.sdf, 1373
module: XNR2D1BWP16P90LVT, "instance: testbench.test_module.sub_72.U191"
  SDF Warning: INTERCONNECT from sub_72.U191.ZN to U1355.B1 has Instance at 
  /MasterClass/M143010027_ALU/Hws/HW1/gate_level/FLP_adder_4/Delay/round4/netlist.v:1545,
  delay will still be annotated.


Warning-[SDFCOM_IWSBA] INTERCONNECT will still be annotated
/MasterClass/M143010027_ALU/Hws/HW1/gate_level/FLP_adder_4/Delay/round4/timing.sdf, 1377
module: XNR2D1BWP16P90, "instance: testbench.test_module.sub_72.U145"
  SDF Warning: INTERCONNECT from sub_72.U145.ZN to U1354.B1 has Instance at 
  /MasterClass/M143010027_ALU/Hws/HW1/gate_level/FLP_adder_4/Delay/round4/netlist.v:1545,
  delay will still be annotated.


Warning-[SDFCOM_IWSBA] INTERCONNECT will still be annotated
/MasterClass/M143010027_ALU/Hws/HW1/gate_level/FLP_adder_4/Delay/round4/timing.sdf, 1381
module: XNR2D1BWP16P90, "instance: testbench.test_module.sub_72.U188"
  SDF Warning: INTERCONNECT from sub_72.U188.ZN to U1353.B1 has Instance at 
  /MasterClass/M143010027_ALU/Hws/HW1/gate_level/FLP_adder_4/Delay/round4/netlist.v:1545,
  delay will still be annotated.


Warning-[SDFCOM_IWSBA] INTERCONNECT will still be annotated
/MasterClass/M143010027_ALU/Hws/HW1/gate_level/FLP_adder_4/Delay/round4/timing.sdf, 1385
module: XOR2D1BWP16P90LVT, "instance: testbench.test_module.sub_72.U140"
  SDF Warning: INTERCONNECT from sub_72.U140.Z to U1352.B1 has Instance at 
  /MasterClass/M143010027_ALU/Hws/HW1/gate_level/FLP_adder_4/Delay/round4/netlist.v:1545,
  delay will still be annotated.


Warning-[SDFCOM_IWSBA] INTERCONNECT will still be annotated
/MasterClass/M143010027_ALU/Hws/HW1/gate_level/FLP_adder_4/Delay/round4/timing.sdf, 1389
module: XOR2D1BWP16P90LVT, "instance: testbench.test_module.sub_72.U177"
  SDF Warning: INTERCONNECT from sub_72.U177.Z to U1351.B1 has Instance at 
  /MasterClass/M143010027_ALU/Hws/HW1/gate_level/FLP_adder_4/Delay/round4/netlist.v:1545,
  delay will still be annotated.


Warning-[SDFCOM_IWSBA] INTERCONNECT will still be annotated
/MasterClass/M143010027_ALU/Hws/HW1/gate_level/FLP_adder_4/Delay/round4/timing.sdf, 1393
module: XOR2D1BWP16P90LVT, "instance: testbench.test_module.sub_72.U180"
  SDF Warning: INTERCONNECT from sub_72.U180.Z to U1350.B1 has Instance at 
  /MasterClass/M143010027_ALU/Hws/HW1/gate_level/FLP_adder_4/Delay/round4/netlist.v:1545,
  delay will still be annotated.


Warning-[SDFCOM_IWSBA] INTERCONNECT will still be annotated
/MasterClass/M143010027_ALU/Hws/HW1/gate_level/FLP_adder_4/Delay/round4/timing.sdf, 1397
module: XOR2D1BWP16P90LVT, "instance: testbench.test_module.sub_72.U179"
  SDF Warning: INTERCONNECT from sub_72.U179.Z to U1349.B1 has Instance at 
  /MasterClass/M143010027_ALU/Hws/HW1/gate_level/FLP_adder_4/Delay/round4/netlist.v:1545,
  delay will still be annotated.


Warning-[SDFCOM_IWSBA] INTERCONNECT will still be annotated
/MasterClass/M143010027_ALU/Hws/HW1/gate_level/FLP_adder_4/Delay/round4/timing.sdf, 1401
module: XOR2D1BWP16P90LVT, "instance: testbench.test_module.sub_72.U182"
  SDF Warning: INTERCONNECT from sub_72.U182.Z to U1348.B1 has Instance at 
  /MasterClass/M143010027_ALU/Hws/HW1/gate_level/FLP_adder_4/Delay/round4/netlist.v:1545,
  delay will still be annotated.


Warning-[SDFCOM_IWSBA] INTERCONNECT will still be annotated
/MasterClass/M143010027_ALU/Hws/HW1/gate_level/FLP_adder_4/Delay/round4/timing.sdf, 1405
module: XOR2D1BWP16P90LVT, "instance: testbench.test_module.sub_72.U183"
  SDF Warning: INTERCONNECT from sub_72.U183.Z to U1347.B1 has Instance at 
  /MasterClass/M143010027_ALU/Hws/HW1/gate_level/FLP_adder_4/Delay/round4/netlist.v:1545,
  delay will still be annotated.


Warning-[SDFCOM_IWSBA] INTERCONNECT will still be annotated
/MasterClass/M143010027_ALU/Hws/HW1/gate_level/FLP_adder_4/Delay/round4/timing.sdf, 1409
module: XOR2D1BWP16P90LVT, "instance: testbench.test_module.sub_72.U184"
  SDF Warning: INTERCONNECT from sub_72.U184.Z to U1346.B1 has Instance at 
  /MasterClass/M143010027_ALU/Hws/HW1/gate_level/FLP_adder_4/Delay/round4/netlist.v:1545,
  delay will still be annotated.


Warning-[SDFCOM_IWSBA] INTERCONNECT will still be annotated
/MasterClass/M143010027_ALU/Hws/HW1/gate_level/FLP_adder_4/Delay/round4/timing.sdf, 1413
module: XNR2D1BWP16P90, "instance: testbench.test_module.sub_72.U187"
  SDF Warning: INTERCONNECT from sub_72.U187.ZN to U1345.B1 has Instance at 
  /MasterClass/M143010027_ALU/Hws/HW1/gate_level/FLP_adder_4/Delay/round4/netlist.v:1545,
  delay will still be annotated.


Warning-[SDFCOM_IWSBA] INTERCONNECT will still be annotated
/MasterClass/M143010027_ALU/Hws/HW1/gate_level/FLP_adder_4/Delay/round4/timing.sdf, 1417
module: XOR2D1BWP16P90LVT, "instance: testbench.test_module.sub_72.U170"
  SDF Warning: INTERCONNECT from sub_72.U170.Z to U1344.B1 has Instance at 
  /MasterClass/M143010027_ALU/Hws/HW1/gate_level/FLP_adder_4/Delay/round4/netlist.v:1545,
  delay will still be annotated.


Warning-[SDFCOM_IWSBA] INTERCONNECT will still be annotated
/MasterClass/M143010027_ALU/Hws/HW1/gate_level/FLP_adder_4/Delay/round4/timing.sdf, 1421
module: XOR2D1BWP16P90LVT, "instance: testbench.test_module.sub_72.U168"
  SDF Warning: INTERCONNECT from sub_72.U168.Z to U1343.B1 has Instance at 
  /MasterClass/M143010027_ALU/Hws/HW1/gate_level/FLP_adder_4/Delay/round4/netlist.v:1545,
  delay will still be annotated.


Warning-[SDFCOM_IWSBA] INTERCONNECT will still be annotated
/MasterClass/M143010027_ALU/Hws/HW1/gate_level/FLP_adder_4/Delay/round4/timing.sdf, 1425
module: XOR2D1BWP16P90LVT, "instance: testbench.test_module.sub_72.U171"
  SDF Warning: INTERCONNECT from sub_72.U171.Z to U1342.B1 has Instance at 
  /MasterClass/M143010027_ALU/Hws/HW1/gate_level/FLP_adder_4/Delay/round4/netlist.v:1545,
  delay will still be annotated.


Warning-[SDFCOM_IWSBA] INTERCONNECT will still be annotated
/MasterClass/M143010027_ALU/Hws/HW1/gate_level/FLP_adder_4/Delay/round4/timing.sdf, 1429
module: XOR2D1BWP16P90LVT, "instance: testbench.test_module.sub_72.U169"
  SDF Warning: INTERCONNECT from sub_72.U169.Z to U1341.B1 has Instance at 
  /MasterClass/M143010027_ALU/Hws/HW1/gate_level/FLP_adder_4/Delay/round4/netlist.v:1545,
  delay will still be annotated.


Warning-[SDFCOM_IWSBA] INTERCONNECT will still be annotated
/MasterClass/M143010027_ALU/Hws/HW1/gate_level/FLP_adder_4/Delay/round4/timing.sdf, 1433
module: XOR2D1BWP16P90LVT, "instance: testbench.test_module.sub_72.U172"
  SDF Warning: INTERCONNECT from sub_72.U172.Z to U1340.B1 has Instance at 
  /MasterClass/M143010027_ALU/Hws/HW1/gate_level/FLP_adder_4/Delay/round4/netlist.v:1545,
  delay will still be annotated.


Warning-[SDFCOM_IWSBA] INTERCONNECT will still be annotated
/MasterClass/M143010027_ALU/Hws/HW1/gate_level/FLP_adder_4/Delay/round4/timing.sdf, 1437
module: XOR2D1BWP16P90LVT, "instance: testbench.test_module.sub_72.U174"
  SDF Warning: INTERCONNECT from sub_72.U174.Z to U1339.B1 has Instance at 
  /MasterClass/M143010027_ALU/Hws/HW1/gate_level/FLP_adder_4/Delay/round4/netlist.v:1545,
  delay will still be annotated.


Warning-[SDFCOM_IWSBA] INTERCONNECT will still be annotated
/MasterClass/M143010027_ALU/Hws/HW1/gate_level/FLP_adder_4/Delay/round4/timing.sdf, 1439
module: INR2D1BWP16P90, "instance: testbench.test_module.sub_72.U186"
  SDF Warning: INTERCONNECT from sub_72.U186.ZN to U1338.A1 has Instance at 
  /MasterClass/M143010027_ALU/Hws/HW1/gate_level/FLP_adder_4/Delay/round4/netlist.v:1545,
  delay will still be annotated.


Warning-[SDFCOM_IWSBA] INTERCONNECT will still be annotated
/MasterClass/M143010027_ALU/Hws/HW1/gate_level/FLP_adder_4/Delay/round4/timing.sdf, 1624
module: XOR2D1BWP16P90LVT, "instance: testbench.test_module.add_114.U162"
  SDF Warning: INTERCONNECT from add_114.U162.Z to U1233.I1 has Instance at 
  /MasterClass/M143010027_ALU/Hws/HW1/gate_level/FLP_adder_4/Delay/round4/netlist.v:1515,
  delay will still be annotated.


Warning-[SDFCOM_IWSBA] INTERCONNECT will still be annotated
/MasterClass/M143010027_ALU/Hws/HW1/gate_level/FLP_adder_4/Delay/round4/timing.sdf, 1832
module: XNR2D1BWP16P90LVT, "instance: testbench.test_module.sub_73.U219"
  SDF Warning: INTERCONNECT from sub_73.U219.ZN to U1091.I1 has Instance at 
  /MasterClass/M143010027_ALU/Hws/HW1/gate_level/FLP_adder_4/Delay/round4/netlist.v:1532,
  delay will still be annotated.


Warning-[SDFCOM_IWSBA] INTERCONNECT will still be annotated
/MasterClass/M143010027_ALU/Hws/HW1/gate_level/FLP_adder_4/Delay/round4/timing.sdf, 1933
module: XOR2D2BWP16P90LVT, "instance: testbench.test_module.sub_73.U155"
  SDF Warning: INTERCONNECT from sub_73.U155.Z to U1047.A3 has Instance at 
  /MasterClass/M143010027_ALU/Hws/HW1/gate_level/FLP_adder_4/Delay/round4/netlist.v:1532,
  delay will still be annotated.


Warning-[SDFCOM_IWSBA] INTERCONNECT will still be annotated
/MasterClass/M143010027_ALU/Hws/HW1/gate_level/FLP_adder_4/Delay/round4/timing.sdf, 1936
module: XNR2D2BWP16P90LVT, "instance: testbench.test_module.sub_73.U131"
  SDF Warning: INTERCONNECT from sub_73.U131.ZN to U1047.B3 has Instance at 
  /MasterClass/M143010027_ALU/Hws/HW1/gate_level/FLP_adder_4/Delay/round4/netlist.v:1532,
  delay will still be annotated.


Warning-[SDFCOM_IWSBA] INTERCONNECT will still be annotated
/MasterClass/M143010027_ALU/Hws/HW1/gate_level/FLP_adder_4/Delay/round4/timing.sdf, 1972
module: XOR2D2BWP16P90LVT, "instance: testbench.test_module.sub_73.U182"
  SDF Warning: INTERCONNECT from sub_73.U182.Z to U1034.A1 has Instance at 
  /MasterClass/M143010027_ALU/Hws/HW1/gate_level/FLP_adder_4/Delay/round4/netlist.v:1532,
  delay will still be annotated.


Warning-[SDFCOM_IWSBA] INTERCONNECT will still be annotated
/MasterClass/M143010027_ALU/Hws/HW1/gate_level/FLP_adder_4/Delay/round4/timing.sdf, 1977
module: ND2D1BWP16P90LVT, "instance: testbench.test_module.sub_73.U139"
  SDF Warning: INTERCONNECT from sub_73.U139.ZN to U1033.I1 has Instance at 
  /MasterClass/M143010027_ALU/Hws/HW1/gate_level/FLP_adder_4/Delay/round4/netlist.v:1532,
  delay will still be annotated.


Warning-[SDFCOM_IWSBA] INTERCONNECT will still be annotated
/MasterClass/M143010027_ALU/Hws/HW1/gate_level/FLP_adder_4/Delay/round4/timing.sdf, 1980
module: XOR2D1BWP16P90LVT, "instance: testbench.test_module.sub_73.U208"
  SDF Warning: INTERCONNECT from sub_73.U208.Z to U1032.I1 has Instance at 
  /MasterClass/M143010027_ALU/Hws/HW1/gate_level/FLP_adder_4/Delay/round4/netlist.v:1532,
  delay will still be annotated.


Warning-[SDFCOM_IWSBA] INTERCONNECT will still be annotated
/MasterClass/M143010027_ALU/Hws/HW1/gate_level/FLP_adder_4/Delay/round4/timing.sdf, 2047
module: XOR2D2BWP16P90LVT, "instance: testbench.test_module.sub_73.U182"
  SDF Warning: INTERCONNECT from sub_73.U182.Z to U1006.I has Instance at 
  /MasterClass/M143010027_ALU/Hws/HW1/gate_level/FLP_adder_4/Delay/round4/netlist.v:1532,
  delay will still be annotated.


Warning-[SDFCOM_IWSBA] INTERCONNECT will still be annotated
/MasterClass/M143010027_ALU/Hws/HW1/gate_level/FLP_adder_4/Delay/round4/timing.sdf, 2189
module: XOR2D2BWP16P90LVT, "instance: testbench.test_module.sub_73.U155"
  SDF Warning: INTERCONNECT from sub_73.U155.Z to U951.I has Instance at 
  /MasterClass/M143010027_ALU/Hws/HW1/gate_level/FLP_adder_4/Delay/round4/netlist.v:1532,
  delay will still be annotated.


Warning-[SDFCOM_IWSBA] INTERCONNECT will still be annotated
/MasterClass/M143010027_ALU/Hws/HW1/gate_level/FLP_adder_4/Delay/round4/timing.sdf, 2212
module: XOR2D2BWP16P90LVT, "instance: testbench.test_module.sub_73.U186"
  SDF Warning: INTERCONNECT from sub_73.U186.Z to U941.A3 has Instance at 
  /MasterClass/M143010027_ALU/Hws/HW1/gate_level/FLP_adder_4/Delay/round4/netlist.v:1532,
  delay will still be annotated.


Warning-[SDFCOM_IWSBA] INTERCONNECT will still be annotated
/MasterClass/M143010027_ALU/Hws/HW1/gate_level/FLP_adder_4/Delay/round4/timing.sdf, 2214
module: XOR2D2BWP16P90LVT, "instance: testbench.test_module.sub_73.U155"
  SDF Warning: INTERCONNECT from sub_73.U155.Z to U941.B2 has Instance at 
  /MasterClass/M143010027_ALU/Hws/HW1/gate_level/FLP_adder_4/Delay/round4/netlist.v:1532,
  delay will still be annotated.


Warning-[SDFCOM_IWSBA] INTERCONNECT will still be annotated
/MasterClass/M143010027_ALU/Hws/HW1/gate_level/FLP_adder_4/Delay/round4/timing.sdf, 2325
module: ND2D4BWP16P90LVT, "instance: testbench.test_module.sub_73.U129"
  SDF Warning: INTERCONNECT from sub_73.U129.ZN to U882.A1 has Instance at 
  /MasterClass/M143010027_ALU/Hws/HW1/gate_level/FLP_adder_4/Delay/round4/netlist.v:1532,
  delay will still be annotated.


Warning-[SDFCOM_IWSBA] INTERCONNECT will still be annotated
/MasterClass/M143010027_ALU/Hws/HW1/gate_level/FLP_adder_4/Delay/round4/timing.sdf, 2360
module: XOR2D1BWP16P90LVT, "instance: testbench.test_module.sub_73.U145"
  SDF Warning: INTERCONNECT from sub_73.U145.Z to U869.I1 has Instance at 
  /MasterClass/M143010027_ALU/Hws/HW1/gate_level/FLP_adder_4/Delay/round4/netlist.v:1532,
  delay will still be annotated.


Warning-[SDFCOM_IWSBA] INTERCONNECT will still be annotated
/MasterClass/M143010027_ALU/Hws/HW1/gate_level/FLP_adder_4/Delay/round4/timing.sdf, 2426
module: CKND1BWP16P90LVT, "instance: testbench.test_module.add_79.U354"
  SDF Warning: INTERCONNECT from add_79.U354.ZN to U833.A2 has Instance at 
  /MasterClass/M143010027_ALU/Hws/HW1/gate_level/FLP_adder_4/Delay/round4/netlist.v:1564,
  delay will still be annotated.


Warning-[SDFCOM_IWSBA] INTERCONNECT will still be annotated
/MasterClass/M143010027_ALU/Hws/HW1/gate_level/FLP_adder_4/Delay/round4/timing.sdf, 2445
module: XOR2D1BWP16P90LVT, "instance: testbench.test_module.sub_73.U212"
  SDF Warning: INTERCONNECT from sub_73.U212.Z to U824.I1 has Instance at 
  /MasterClass/M143010027_ALU/Hws/HW1/gate_level/FLP_adder_4/Delay/round4/netlist.v:1532,
  delay will still be annotated.


Warning-[SDFCOM_IWSBA] INTERCONNECT will still be annotated
/MasterClass/M143010027_ALU/Hws/HW1/gate_level/FLP_adder_4/Delay/round4/timing.sdf, 2503
module: XNR2D2BWP16P90LVT, "instance: testbench.test_module.sub_73.U128"
  SDF Warning: INTERCONNECT from sub_73.U128.ZN to U802.I has Instance at 
  /MasterClass/M143010027_ALU/Hws/HW1/gate_level/FLP_adder_4/Delay/round4/netlist.v:1532,
  delay will still be annotated.


Warning-[SDFCOM_IWSBA] INTERCONNECT will still be annotated
/MasterClass/M143010027_ALU/Hws/HW1/gate_level/FLP_adder_4/Delay/round4/timing.sdf, 2525
module: XOR2D1BWP16P90LVT, "instance: testbench.test_module.sub_73.U215"
  SDF Warning: INTERCONNECT from sub_73.U215.Z to U792.I1 has Instance at 
  /MasterClass/M143010027_ALU/Hws/HW1/gate_level/FLP_adder_4/Delay/round4/netlist.v:1532,
  delay will still be annotated.


Warning-[SDFCOM_IWSBA] INTERCONNECT will still be annotated
/MasterClass/M143010027_ALU/Hws/HW1/gate_level/FLP_adder_4/Delay/round4/timing.sdf, 2544
module: XNR2D1BWP16P90, "instance: testbench.test_module.sub_73.U216"
  SDF Warning: INTERCONNECT from sub_73.U216.ZN to U786.I1 has Instance at 
  /MasterClass/M143010027_ALU/Hws/HW1/gate_level/FLP_adder_4/Delay/round4/netlist.v:1532,
  delay will still be annotated.


Warning-[SDFCOM_IWSBA] INTERCONNECT will still be annotated
/MasterClass/M143010027_ALU/Hws/HW1/gate_level/FLP_adder_4/Delay/round4/timing.sdf, 2591
module: XOR2D2BWP16P90LVT, "instance: testbench.test_module.sub_73.U186"
  SDF Warning: INTERCONNECT from sub_73.U186.Z to U767.I has Instance at 
  /MasterClass/M143010027_ALU/Hws/HW1/gate_level/FLP_adder_4/Delay/round4/netlist.v:1532,
  delay will still be annotated.


Warning-[SDFCOM_IWSBA] INTERCONNECT will still be annotated
/MasterClass/M143010027_ALU/Hws/HW1/gate_level/FLP_adder_4/Delay/round4/timing.sdf, 2622
module: ND2D1BWP16P90LVT, "instance: testbench.test_module.sub_73.U139"
  SDF Warning: INTERCONNECT from sub_73.U139.ZN to U751.I has Instance at 
  /MasterClass/M143010027_ALU/Hws/HW1/gate_level/FLP_adder_4/Delay/round4/netlist.v:1532,
  delay will still be annotated.


Warning-[SDFCOM_IWSBA] INTERCONNECT will still be annotated
/MasterClass/M143010027_ALU/Hws/HW1/gate_level/FLP_adder_4/Delay/round4/timing.sdf, 2705
module: XNR2D1BWP16P90LVT, "instance: testbench.test_module.sub_73.U218"
  SDF Warning: INTERCONNECT from sub_73.U218.ZN to U715.I1 has Instance at 
  /MasterClass/M143010027_ALU/Hws/HW1/gate_level/FLP_adder_4/Delay/round4/netlist.v:1532,
  delay will still be annotated.


Warning-[SDFCOM_IWSBA] INTERCONNECT will still be annotated
/MasterClass/M143010027_ALU/Hws/HW1/gate_level/FLP_adder_4/Delay/round4/timing.sdf, 2708
module: XNR2D1BWP16P90LVT, "instance: testbench.test_module.sub_73.U174"
  SDF Warning: INTERCONNECT from sub_73.U174.ZN to U714.I1 has Instance at 
  /MasterClass/M143010027_ALU/Hws/HW1/gate_level/FLP_adder_4/Delay/round4/netlist.v:1532,
  delay will still be annotated.


Warning-[SDFCOM_IWSBA] INTERCONNECT will still be annotated
/MasterClass/M143010027_ALU/Hws/HW1/gate_level/FLP_adder_4/Delay/round4/timing.sdf, 2726
module: XNR2D2BWP16P90LVT, "instance: testbench.test_module.sub_73.U136"
  SDF Warning: INTERCONNECT from sub_73.U136.ZN to U700.I1 has Instance at 
  /MasterClass/M143010027_ALU/Hws/HW1/gate_level/FLP_adder_4/Delay/round4/netlist.v:1532,
  delay will still be annotated.


Warning-[SDFCOM_IWSBA] INTERCONNECT will still be annotated
/MasterClass/M143010027_ALU/Hws/HW1/gate_level/FLP_adder_4/Delay/round4/timing.sdf, 2808
module: XOR2D1BWP16P90LVT, "instance: testbench.test_module.sub_73.U211"
  SDF Warning: INTERCONNECT from sub_73.U211.Z to U669.I1 has Instance at 
  /MasterClass/M143010027_ALU/Hws/HW1/gate_level/FLP_adder_4/Delay/round4/netlist.v:1532,
  delay will still be annotated.


Warning-[SDFCOM_IWSBA] INTERCONNECT will still be annotated
/MasterClass/M143010027_ALU/Hws/HW1/gate_level/FLP_adder_4/Delay/round4/timing.sdf, 2861
module: XOR2D2BWP16P90LVT, "instance: testbench.test_module.sub_73.U182"
  SDF Warning: INTERCONNECT from sub_73.U182.Z to U650.A1 has Instance at 
  /MasterClass/M143010027_ALU/Hws/HW1/gate_level/FLP_adder_4/Delay/round4/netlist.v:1532,
  delay will still be annotated.


Warning-[SDFCOM_IWSBA] INTERCONNECT will still be annotated
/MasterClass/M143010027_ALU/Hws/HW1/gate_level/FLP_adder_4/Delay/round4/timing.sdf, 2877
module: ND2D4BWP16P90LVT, "instance: testbench.test_module.sub_73.U129"
  SDF Warning: INTERCONNECT from sub_73.U129.ZN to U644.I has Instance at 
  /MasterClass/M143010027_ALU/Hws/HW1/gate_level/FLP_adder_4/Delay/round4/netlist.v:1532,
  delay will still be annotated.


Warning-[SDFCOM_IWSBA] INTERCONNECT will still be annotated
/MasterClass/M143010027_ALU/Hws/HW1/gate_level/FLP_adder_4/Delay/round4/timing.sdf, 2890
module: XNR2D2BWP16P90LVT, "instance: testbench.test_module.sub_73.U131"
  SDF Warning: INTERCONNECT from sub_73.U131.ZN to U639.A1 has Instance at 
  /MasterClass/M143010027_ALU/Hws/HW1/gate_level/FLP_adder_4/Delay/round4/netlist.v:1532,
  delay will still be annotated.


Warning-[SDFCOM_IWSBA] INTERCONNECT will still be annotated
/MasterClass/M143010027_ALU/Hws/HW1/gate_level/FLP_adder_4/Delay/round4/timing.sdf, 2942
module: XOR2D2BWP16P90LVT, "instance: testbench.test_module.sub_73.U152"
  SDF Warning: INTERCONNECT from sub_73.U152.Z to U619.I1 has Instance at 
  /MasterClass/M143010027_ALU/Hws/HW1/gate_level/FLP_adder_4/Delay/round4/netlist.v:1532,
  delay will still be annotated.


Warning-[SDFCOM_IWSBA] INTERCONNECT will still be annotated
/MasterClass/M143010027_ALU/Hws/HW1/gate_level/FLP_adder_4/Delay/round4/timing.sdf, 3059
module: ND2D2BWP16P90LVT, "instance: testbench.test_module.sub_73.U167"
  SDF Warning: INTERCONNECT from sub_73.U167.ZN to U565.I has Instance at 
  /MasterClass/M143010027_ALU/Hws/HW1/gate_level/FLP_adder_4/Delay/round4/netlist.v:1532,
  delay will still be annotated.


Warning-[SDFCOM_IWSBA] INTERCONNECT will still be annotated
/MasterClass/M143010027_ALU/Hws/HW1/gate_level/FLP_adder_4/Delay/round4/timing.sdf, 3060
module: ND2D2BWP16P90LVT, "instance: testbench.test_module.sub_73.U167"
  SDF Warning: INTERCONNECT from sub_73.U167.ZN to U564.A1 has Instance at 
  /MasterClass/M143010027_ALU/Hws/HW1/gate_level/FLP_adder_4/Delay/round4/netlist.v:1532,
  delay will still be annotated.


Warning-[SDFCOM_IWSBA] INTERCONNECT will still be annotated
/MasterClass/M143010027_ALU/Hws/HW1/gate_level/FLP_adder_4/Delay/round4/timing.sdf, 3065
module: XOR2D2BWP16P90LVT, "instance: testbench.test_module.sub_73.U182"
  SDF Warning: INTERCONNECT from sub_73.U182.Z to U564.C2 has Instance at 
  /MasterClass/M143010027_ALU/Hws/HW1/gate_level/FLP_adder_4/Delay/round4/netlist.v:1532,
  delay will still be annotated.


Warning-[SDFCOM_SWC] Simple Wire Connection
/MasterClass/M143010027_ALU/Hws/HW1/gate_level/FLP_adder_4/Delay/round4/timing.sdf, 4100
module: DFQD2BWP16P90LVT, "instance: testbench.test_module.s2_ea_reg_6_"
  SDF Warning: The path from s2_ea_reg_6_.Q to sub_110.U114.A2 doesn't have a 
  simple wire connection, delay will still be annotated.


Warning-[SDFCOM_SWC] Simple Wire Connection
/MasterClass/M143010027_ALU/Hws/HW1/gate_level/FLP_adder_4/Delay/round4/timing.sdf, 4101
module: DFQD2BWP16P90LVT, "instance: testbench.test_module.s2_ea_reg_7_"
  SDF Warning: The path from s2_ea_reg_7_.Q to sub_110.U113.I doesn't have a 
  simple wire connection, delay will still be annotated.


Warning-[SDFCOM_SWC] Simple Wire Connection
/MasterClass/M143010027_ALU/Hws/HW1/gate_level/FLP_adder_4/Delay/round4/timing.sdf, 4102
module: DFQD2BWP16P90LVT, "instance: testbench.test_module.s2_ea_reg_6_"
  SDF Warning: The path from s2_ea_reg_6_.Q to sub_110.U112.I doesn't have a 
  simple wire connection, delay will still be annotated.


Warning-[SDFCOM_SWC] Simple Wire Connection
/MasterClass/M143010027_ALU/Hws/HW1/gate_level/FLP_adder_4/Delay/round4/timing.sdf, 4104
module: DFQD2BWP16P90LVT, "instance: testbench.test_module.s2_ea_reg_5_"
  SDF Warning: The path from s2_ea_reg_5_.Q to sub_110.U111.A2 doesn't have a 
  simple wire connection, delay will still be annotated.


Warning-[SDFCOM_SWC] Simple Wire Connection
/MasterClass/M143010027_ALU/Hws/HW1/gate_level/FLP_adder_4/Delay/round4/timing.sdf, 4105
module: DFQD2BWP16P90LVT, "instance: testbench.test_module.s2_ea_reg_5_"
  SDF Warning: The path from s2_ea_reg_5_.Q to sub_110.U110.I doesn't have a 
  simple wire connection, delay will still be annotated.


Warning-[SDFCOM_SWC] Simple Wire Connection
/MasterClass/M143010027_ALU/Hws/HW1/gate_level/FLP_adder_4/Delay/round4/timing.sdf, 4117
module: CKND1BWP16P90LVT, "instance: testbench.test_module.U878"
  SDF Warning: The path from U878.ZN to sub_110.U103.A1 doesn't have a simple 
  wire connection, delay will still be annotated.


Warning-[SDFCOM_SWC] Simple Wire Connection
/MasterClass/M143010027_ALU/Hws/HW1/gate_level/FLP_adder_4/Delay/round4/timing.sdf, 4122
module: OAI22D1BWP16P90LVT, "instance: testbench.test_module.U1784"
  SDF Warning: The path from U1784.ZN to sub_110.U100.I doesn't have a simple 
  wire connection, delay will still be annotated.


Warning-[SDFCOM_SWC] Simple Wire Connection
/MasterClass/M143010027_ALU/Hws/HW1/gate_level/FLP_adder_4/Delay/round4/timing.sdf, 4125
module: OAI33D2BWP16P90LVT, "instance: testbench.test_module.U945"
  SDF Warning: The path from U945.ZN to sub_110.U98.I doesn't have a simple 
  wire connection, delay will still be annotated.


Warning-[SDFCOM_SWC] Simple Wire Connection
/MasterClass/M143010027_ALU/Hws/HW1/gate_level/FLP_adder_4/Delay/round4/timing.sdf, 4128
module: DFQD2BWP16P90LVT, "instance: testbench.test_module.s2_ea_reg_3_"
  SDF Warning: The path from s2_ea_reg_3_.Q to sub_110.U96.A2 doesn't have a 
  simple wire connection, delay will still be annotated.


Warning-[SDFCOM_SWC] Simple Wire Connection
/MasterClass/M143010027_ALU/Hws/HW1/gate_level/FLP_adder_4/Delay/round4/timing.sdf, 4133
module: DFQD2BWP16P90LVT, "instance: testbench.test_module.s2_ea_reg_2_"
  SDF Warning: The path from s2_ea_reg_2_.Q to sub_110.U94.A2 doesn't have a 
  simple wire connection, delay will still be annotated.


Warning-[SDFCOM_SWC] Simple Wire Connection
/MasterClass/M143010027_ALU/Hws/HW1/gate_level/FLP_adder_4/Delay/round4/timing.sdf, 4135
module: DFQD2BWP16P90LVT, "instance: testbench.test_module.s2_ea_reg_1_"
  SDF Warning: The path from s2_ea_reg_1_.Q to sub_110.U93.A2 doesn't have a 
  simple wire connection, delay will still be annotated.


Warning-[SDFCOM_SWC] Simple Wire Connection
/MasterClass/M143010027_ALU/Hws/HW1/gate_level/FLP_adder_4/Delay/round4/timing.sdf, 4143
module: DFQD2BWP16P90LVT, "instance: testbench.test_module.s2_ea_reg_2_"
  SDF Warning: The path from s2_ea_reg_2_.Q to sub_110.U89.A2 doesn't have a 
  simple wire connection, delay will still be annotated.


Warning-[SDFCOM_SWC] Simple Wire Connection
/MasterClass/M143010027_ALU/Hws/HW1/gate_level/FLP_adder_4/Delay/round4/timing.sdf, 4149
module: DFQD2BWP16P90LVT, "instance: testbench.test_module.s2_ea_reg_0_"
  SDF Warning: The path from s2_ea_reg_0_.Q to sub_110.U86.A2 doesn't have a 
  simple wire connection, delay will still be annotated.


Warning-[SDFCOM_SWC] Simple Wire Connection
/MasterClass/M143010027_ALU/Hws/HW1/gate_level/FLP_adder_4/Delay/round4/timing.sdf, 4151
module: DFQD2BWP16P90LVT, "instance: testbench.test_module.s2_ea_reg_0_"
  SDF Warning: The path from s2_ea_reg_0_.Q to sub_110.U85.A2 doesn't have a 
  simple wire connection, delay will still be annotated.


Warning-[SDFCOM_SWC] Simple Wire Connection
/MasterClass/M143010027_ALU/Hws/HW1/gate_level/FLP_adder_4/Delay/round4/timing.sdf, 4158
module: DFQD2BWP16P90LVT, "instance: testbench.test_module.s2_ea_reg_1_"
  SDF Warning: The path from s2_ea_reg_1_.Q to sub_110.U81.A2 doesn't have a 
  simple wire connection, delay will still be annotated.


Warning-[SDFCOM_SWC] Simple Wire Connection
/MasterClass/M143010027_ALU/Hws/HW1/gate_level/FLP_adder_4/Delay/round4/timing.sdf, 4159
module: NR2D1BWP16P90LVT, "instance: testbench.test_module.U932"
  SDF Warning: The path from U932.ZN to sub_110.U80.I doesn't have a simple 
  wire connection, delay will still be annotated.


Warning-[SDFCOM_SWC] Simple Wire Connection
/MasterClass/M143010027_ALU/Hws/HW1/gate_level/FLP_adder_4/Delay/round4/timing.sdf, 4168
module: DFQD2BWP16P90LVT, "instance: testbench.test_module.s2_ea_reg_4_"
  SDF Warning: The path from s2_ea_reg_4_.Q to sub_110.U75.A2 doesn't have a 
  simple wire connection, delay will still be annotated.


Warning-[SDFCOM_SWC] Simple Wire Connection
/MasterClass/M143010027_ALU/Hws/HW1/gate_level/FLP_adder_4/Delay/round4/timing.sdf, 4170
module: DFQD2BWP16P90LVT, "instance: testbench.test_module.s2_ea_reg_4_"
  SDF Warning: The path from s2_ea_reg_4_.Q to sub_110.U74.A2 doesn't have a 
  simple wire connection, delay will still be annotated.


Warning-[SDFCOM_SWC] Simple Wire Connection
/MasterClass/M143010027_ALU/Hws/HW1/gate_level/FLP_adder_4/Delay/round4/timing.sdf, 4172
module: DFQD2BWP16P90LVT, "instance: testbench.test_module.s2_ea_reg_4_"
  SDF Warning: The path from s2_ea_reg_4_.Q to sub_110.U73.A2 doesn't have a 
  simple wire connection, delay will still be annotated.


Warning-[SDFCOM_SWC] Simple Wire Connection
/MasterClass/M143010027_ALU/Hws/HW1/gate_level/FLP_adder_4/Delay/round4/timing.sdf, 4177
module: OAI32D2BWP16P90LVT, "instance: testbench.test_module.U1040"
  SDF Warning: The path from U1040.ZN to sub_110.U70.I doesn't have a simple 
  wire connection, delay will still be annotated.


Warning-[SDFCOM_SWC] Simple Wire Connection
/MasterClass/M143010027_ALU/Hws/HW1/gate_level/FLP_adder_4/Delay/round4/timing.sdf, 4178
module: OAI32D2BWP16P90LVT, "instance: testbench.test_module.U1040"
  SDF Warning: The path from U1040.ZN to sub_110.U69.I doesn't have a simple 
  wire connection, delay will still be annotated.


Warning-[SDFCOM_SWC] Simple Wire Connection
/MasterClass/M143010027_ALU/Hws/HW1/gate_level/FLP_adder_4/Delay/round4/timing.sdf, 4179
module: ND2D1BWP16P90LVT, "instance: testbench.test_module.U748"
  SDF Warning: The path from U748.ZN to sub_110.U68.I doesn't have a simple 
  wire connection, delay will still be annotated.


Warning-[SDFCOM_SWC] Simple Wire Connection
/MasterClass/M143010027_ALU/Hws/HW1/gate_level/FLP_adder_4/Delay/round4/timing.sdf, 4181
module: DFQD2BWP16P90LVT, "instance: testbench.test_module.s2_ea_reg_3_"
  SDF Warning: The path from s2_ea_reg_3_.Q to sub_110.U67.A2 doesn't have a 
  simple wire connection, delay will still be annotated.


Warning-[SDFCOM_SWC] Simple Wire Connection
/MasterClass/M143010027_ALU/Hws/HW1/gate_level/FLP_adder_4/Delay/round4/timing.sdf, 4188
module: CKND1BWP16P90LVT, "instance: testbench.test_module.U878"
  SDF Warning: The path from U878.ZN to sub_110.U21.A1 doesn't have a simple 
  wire connection, delay will still be annotated.


Warning-[SDFCOM_SWC] Simple Wire Connection
/MasterClass/M143010027_ALU/Hws/HW1/gate_level/FLP_adder_4/Delay/round4/timing.sdf, 4196
module: DFQD2BWP16P90LVT, "instance: testbench.test_module.s2_ea_reg_5_"
  SDF Warning: The path from s2_ea_reg_5_.Q to sub_110.U15.A2 doesn't have a 
  simple wire connection, delay will still be annotated.


Warning-[SDFCOM_SWC] Simple Wire Connection
/MasterClass/M143010027_ALU/Hws/HW1/gate_level/FLP_adder_4/Delay/round4/timing.sdf, 4203
module: DFQD2BWP16P90LVT, "instance: testbench.test_module.s2_ea_reg_6_"
  SDF Warning: The path from s2_ea_reg_6_.Q to sub_110.U5.A2 doesn't have a 
  simple wire connection, delay will still be annotated.


Warning-[SDFCOM_SWC] Simple Wire Connection
/MasterClass/M143010027_ALU/Hws/HW1/gate_level/FLP_adder_4/Delay/round4/timing.sdf, 4206
module: INVD1BWP16P90LVT, "instance: testbench.test_module.U1173"
  SDF Warning: The path from U1173.ZN to sub_72.U194.A1 doesn't have a simple 
  wire connection, delay will still be annotated.


Warning-[SDFCOM_SWC] Simple Wire Connection
/MasterClass/M143010027_ALU/Hws/HW1/gate_level/FLP_adder_4/Delay/round4/timing.sdf, 4209
module: INVD1BWP16P90LVT, "instance: testbench.test_module.U1174"
  SDF Warning: The path from U1174.ZN to sub_72.U193.A2 doesn't have a simple 
  wire connection, delay will still be annotated.


Warning-[SDFCOM_SWC] Simple Wire Connection
/MasterClass/M143010027_ALU/Hws/HW1/gate_level/FLP_adder_4/Delay/round4/timing.sdf, 4213
module: INVD1BWP16P90LVT, "instance: testbench.test_module.U1112"
  SDF Warning: The path from U1112.ZN to sub_72.U191.A2 doesn't have a simple 
  wire connection, delay will still be annotated.


Warning-[SDFCOM_SWC] Simple Wire Connection
/MasterClass/M143010027_ALU/Hws/HW1/gate_level/FLP_adder_4/Delay/round4/timing.sdf, 4215
module: INVD1BWP16P90LVT, "instance: testbench.test_module.U1174"
  SDF Warning: The path from U1174.ZN to sub_72.U190.A2 doesn't have a simple 
  wire connection, delay will still be annotated.


Warning-[SDFCOM_SWC] Simple Wire Connection
/MasterClass/M143010027_ALU/Hws/HW1/gate_level/FLP_adder_4/Delay/round4/timing.sdf, 4217
module: INVD1BWP16P90LVT, "instance: testbench.test_module.U1177"
  SDF Warning: The path from U1177.ZN to sub_72.U189.A2 doesn't have a simple 
  wire connection, delay will still be annotated.


Warning-[SDFCOM_SWC] Simple Wire Connection
/MasterClass/M143010027_ALU/Hws/HW1/gate_level/FLP_adder_4/Delay/round4/timing.sdf, 4219
module: INVD1BWP16P90LVT, "instance: testbench.test_module.U1175"
  SDF Warning: The path from U1175.ZN to sub_72.U188.A2 doesn't have a simple 
  wire connection, delay will still be annotated.


Warning-[SDFCOM_SWC] Simple Wire Connection
/MasterClass/M143010027_ALU/Hws/HW1/gate_level/FLP_adder_4/Delay/round4/timing.sdf, 4221
module: INVD1BWP16P90LVT, "instance: testbench.test_module.U1117"
  SDF Warning: The path from U1117.ZN to sub_72.U187.A2 doesn't have a simple 
  wire connection, delay will still be annotated.


Warning-[SDFCOM_SWC] Simple Wire Connection
/MasterClass/M143010027_ALU/Hws/HW1/gate_level/FLP_adder_4/Delay/round4/timing.sdf, 4227
module: INVD1BWP16P90LVT, "instance: testbench.test_module.U1095"
  SDF Warning: The path from U1095.ZN to sub_72.U184.A2 doesn't have a simple 
  wire connection, delay will still be annotated.


Warning-[SDFCOM_SWC] Simple Wire Connection
/MasterClass/M143010027_ALU/Hws/HW1/gate_level/FLP_adder_4/Delay/round4/timing.sdf, 4229
module: INVD1BWP16P90LVT, "instance: testbench.test_module.U1094"
  SDF Warning: The path from U1094.ZN to sub_72.U183.A2 doesn't have a simple 
  wire connection, delay will still be annotated.


Warning-[SDFCOM_SWC] Simple Wire Connection
/MasterClass/M143010027_ALU/Hws/HW1/gate_level/FLP_adder_4/Delay/round4/timing.sdf, 4231
module: INVD1BWP16P90LVT, "instance: testbench.test_module.U1093"
  SDF Warning: The path from U1093.ZN to sub_72.U182.A2 doesn't have a simple 
  wire connection, delay will still be annotated.


Warning-[SDFCOM_SWC] Simple Wire Connection
/MasterClass/M143010027_ALU/Hws/HW1/gate_level/FLP_adder_4/Delay/round4/timing.sdf, 4233
module: INVD1BWP16P90LVT, "instance: testbench.test_module.U1114"
  SDF Warning: The path from U1114.ZN to sub_72.U181.A2 doesn't have a simple 
  wire connection, delay will still be annotated.


Warning-[SDFCOM_SWC] Simple Wire Connection
/MasterClass/M143010027_ALU/Hws/HW1/gate_level/FLP_adder_4/Delay/round4/timing.sdf, 4235
module: INVD1BWP16P90LVT, "instance: testbench.test_module.U1092"
  SDF Warning: The path from U1092.ZN to sub_72.U180.A2 doesn't have a simple 
  wire connection, delay will still be annotated.


Warning-[SDFCOM_SWC] Simple Wire Connection
/MasterClass/M143010027_ALU/Hws/HW1/gate_level/FLP_adder_4/Delay/round4/timing.sdf, 4237
module: INVD1BWP16P90LVT, "instance: testbench.test_module.U1183"
  SDF Warning: The path from U1183.ZN to sub_72.U179.A2 doesn't have a simple 
  wire connection, delay will still be annotated.


Warning-[SDFCOM_SWC] Simple Wire Connection
/MasterClass/M143010027_ALU/Hws/HW1/gate_level/FLP_adder_4/Delay/round4/timing.sdf, 4240
module: INVD1BWP16P90LVT, "instance: testbench.test_module.U1114"
  SDF Warning: The path from U1114.ZN to sub_72.U177.A2 doesn't have a simple 
  wire connection, delay will still be annotated.


Warning-[SDFCOM_SWC] Simple Wire Connection
/MasterClass/M143010027_ALU/Hws/HW1/gate_level/FLP_adder_4/Delay/round4/timing.sdf, 4241
module: INVD1BWP16P90LVT, "instance: testbench.test_module.U1176"
  SDF Warning: The path from U1176.ZN to sub_72.U176.I doesn't have a simple 
  wire connection, delay will still be annotated.


Warning-[SDFCOM_SWC] Simple Wire Connection
/MasterClass/M143010027_ALU/Hws/HW1/gate_level/FLP_adder_4/Delay/round4/timing.sdf, 4245
module: CKND1BWP16P90LVT, "instance: testbench.test_module.U1195"
  SDF Warning: The path from U1195.ZN to sub_72.U174.A2 doesn't have a simple 
  wire connection, delay will still be annotated.


Warning-[SDFCOM_SWC] Simple Wire Connection
/MasterClass/M143010027_ALU/Hws/HW1/gate_level/FLP_adder_4/Delay/round4/timing.sdf, 4247
module: CKND1BWP16P90LVT, "instance: testbench.test_module.U1192"
  SDF Warning: The path from U1192.ZN to sub_72.U173.A2 doesn't have a simple 
  wire connection, delay will still be annotated.


Warning-[SDFCOM_SWC] Simple Wire Connection
/MasterClass/M143010027_ALU/Hws/HW1/gate_level/FLP_adder_4/Delay/round4/timing.sdf, 4249
module: CKND1BWP16P90LVT, "instance: testbench.test_module.U1193"
  SDF Warning: The path from U1193.ZN to sub_72.U172.A2 doesn't have a simple 
  wire connection, delay will still be annotated.


Warning-[SDFCOM_SWC] Simple Wire Connection
/MasterClass/M143010027_ALU/Hws/HW1/gate_level/FLP_adder_4/Delay/round4/timing.sdf, 4251
module: CKND1BWP16P90LVT, "instance: testbench.test_module.U1191"
  SDF Warning: The path from U1191.ZN to sub_72.U171.A2 doesn't have a simple 
  wire connection, delay will still be annotated.


Warning-[SDFCOM_SWC] Simple Wire Connection
/MasterClass/M143010027_ALU/Hws/HW1/gate_level/FLP_adder_4/Delay/round4/timing.sdf, 4253
module: INVD1BWP16P90LVT, "instance: testbench.test_module.U1098"
  SDF Warning: The path from U1098.ZN to sub_72.U170.A2 doesn't have a simple 
  wire connection, delay will still be annotated.


Warning-[SDFCOM_SWC] Simple Wire Connection
/MasterClass/M143010027_ALU/Hws/HW1/gate_level/FLP_adder_4/Delay/round4/timing.sdf, 4255
module: CKND1BWP16P90LVT, "instance: testbench.test_module.U1192"
  SDF Warning: The path from U1192.ZN to sub_72.U169.A2 doesn't have a simple 
  wire connection, delay will still be annotated.


Warning-[SDFCOM_SWC] Simple Wire Connection
/MasterClass/M143010027_ALU/Hws/HW1/gate_level/FLP_adder_4/Delay/round4/timing.sdf, 4257
module: CKND1BWP16P90LVT, "instance: testbench.test_module.U1190"
  SDF Warning: The path from U1190.ZN to sub_72.U168.A2 doesn't have a simple 
  wire connection, delay will still be annotated.


Warning-[SDFCOM_SWC] Simple Wire Connection
/MasterClass/M143010027_ALU/Hws/HW1/gate_level/FLP_adder_4/Delay/round4/timing.sdf, 4259
module: CKND1BWP16P90LVT, "instance: testbench.test_module.U1195"
  SDF Warning: The path from U1195.ZN to sub_72.U167.A2 doesn't have a simple 
  wire connection, delay will still be annotated.


Warning-[SDFCOM_SWC] Simple Wire Connection
/MasterClass/M143010027_ALU/Hws/HW1/gate_level/FLP_adder_4/Delay/round4/timing.sdf, 4260
module: CKND1BWP16P90LVT, "instance: testbench.test_module.U1192"
  SDF Warning: The path from U1192.ZN to sub_72.U166.A1 doesn't have a simple 
  wire connection, delay will still be annotated.


Warning-[SDFCOM_SWC] Simple Wire Connection
/MasterClass/M143010027_ALU/Hws/HW1/gate_level/FLP_adder_4/Delay/round4/timing.sdf, 4262
module: CKND1BWP16P90LVT, "instance: testbench.test_module.U1190"
  SDF Warning: The path from U1190.ZN to sub_72.U165.I doesn't have a simple 
  wire connection, delay will still be annotated.


Warning-[SDFCOM_SWC] Simple Wire Connection
/MasterClass/M143010027_ALU/Hws/HW1/gate_level/FLP_adder_4/Delay/round4/timing.sdf, 4263
module: CKND1BWP16P90LVT, "instance: testbench.test_module.U1191"
  SDF Warning: The path from U1191.ZN to sub_72.U164.I doesn't have a simple 
  wire connection, delay will still be annotated.


Warning-[SDFCOM_SWC] Simple Wire Connection
/MasterClass/M143010027_ALU/Hws/HW1/gate_level/FLP_adder_4/Delay/round4/timing.sdf, 4266
module: INVD1BWP16P90LVT, "instance: testbench.test_module.U1098"
  SDF Warning: The path from U1098.ZN to sub_72.U162.I doesn't have a simple 
  wire connection, delay will still be annotated.


Warning-[SDFCOM_SWC] Simple Wire Connection
/MasterClass/M143010027_ALU/Hws/HW1/gate_level/FLP_adder_4/Delay/round4/timing.sdf, 4267
module: INVD1BWP16P90LVT, "instance: testbench.test_module.U1095"
  SDF Warning: The path from U1095.ZN to sub_72.U161.I doesn't have a simple 
  wire connection, delay will still be annotated.


Warning-[SDFCOM_SWC] Simple Wire Connection
/MasterClass/M143010027_ALU/Hws/HW1/gate_level/FLP_adder_4/Delay/round4/timing.sdf, 4268
module: INVD1BWP16P90LVT, "instance: testbench.test_module.U1094"
  SDF Warning: The path from U1094.ZN to sub_72.U160.I doesn't have a simple 
  wire connection, delay will still be annotated.


Warning-[SDFCOM_SWC] Simple Wire Connection
/MasterClass/M143010027_ALU/Hws/HW1/gate_level/FLP_adder_4/Delay/round4/timing.sdf, 4269
module: INVD1BWP16P90LVT, "instance: testbench.test_module.U1112"
  SDF Warning: The path from U1112.ZN to sub_72.U159.I doesn't have a simple 
  wire connection, delay will still be annotated.


Warning-[SDFCOM_SWC] Simple Wire Connection
/MasterClass/M143010027_ALU/Hws/HW1/gate_level/FLP_adder_4/Delay/round4/timing.sdf, 4270
module: INVD1BWP16P90LVT, "instance: testbench.test_module.U1183"
  SDF Warning: The path from U1183.ZN to sub_72.U158.A1 doesn't have a simple 
  wire connection, delay will still be annotated.


Warning-[SDFCOM_SWC] Simple Wire Connection
/MasterClass/M143010027_ALU/Hws/HW1/gate_level/FLP_adder_4/Delay/round4/timing.sdf, 4272
module: INVD1BWP16P90LVT, "instance: testbench.test_module.U1114"
  SDF Warning: The path from U1114.ZN to sub_72.U157.I doesn't have a simple 
  wire connection, delay will still be annotated.


Warning-[SDFCOM_SWC] Simple Wire Connection
/MasterClass/M143010027_ALU/Hws/HW1/gate_level/FLP_adder_4/Delay/round4/timing.sdf, 4273
module: INVD1BWP16P90LVT, "instance: testbench.test_module.U1092"
  SDF Warning: The path from U1092.ZN to sub_72.U156.I doesn't have a simple 
  wire connection, delay will still be annotated.


Warning-[SDFCOM_SWC] Simple Wire Connection
/MasterClass/M143010027_ALU/Hws/HW1/gate_level/FLP_adder_4/Delay/round4/timing.sdf, 4274
module: INVD1BWP16P90LVT, "instance: testbench.test_module.U1174"
  SDF Warning: The path from U1174.ZN to sub_72.U155.A1 doesn't have a simple 
  wire connection, delay will still be annotated.


Warning-[SDFCOM_SWC] Simple Wire Connection
/MasterClass/M143010027_ALU/Hws/HW1/gate_level/FLP_adder_4/Delay/round4/timing.sdf, 4276
module: INVD1BWP16P90LVT, "instance: testbench.test_module.U1111"
  SDF Warning: The path from U1111.ZN to sub_72.U154.I doesn't have a simple 
  wire connection, delay will still be annotated.


Warning-[SDFCOM_SWC] Simple Wire Connection
/MasterClass/M143010027_ALU/Hws/HW1/gate_level/FLP_adder_4/Delay/round4/timing.sdf, 4279
module: INVD1BWP16P90LVT, "instance: testbench.test_module.U1173"
  SDF Warning: The path from U1173.ZN to sub_72.U152.A1 doesn't have a simple 
  wire connection, delay will still be annotated.


Warning-[SDFCOM_SWC] Simple Wire Connection
/MasterClass/M143010027_ALU/Hws/HW1/gate_level/FLP_adder_4/Delay/round4/timing.sdf, 4281
module: INVD1BWP16P90LVT, "instance: testbench.test_module.U1113"
  SDF Warning: The path from U1113.ZN to sub_72.U151.I doesn't have a simple 
  wire connection, delay will still be annotated.


Warning-[SDFCOM_SWC] Simple Wire Connection
/MasterClass/M143010027_ALU/Hws/HW1/gate_level/FLP_adder_4/Delay/round4/timing.sdf, 4287
module: INVD1BWP16P90LVT, "instance: testbench.test_module.U1184"
  SDF Warning: The path from U1184.ZN to sub_72.U148.A2 doesn't have a simple 
  wire connection, delay will still be annotated.


Warning-[SDFCOM_SWC] Simple Wire Connection
/MasterClass/M143010027_ALU/Hws/HW1/gate_level/FLP_adder_4/Delay/round4/timing.sdf, 4291
module: INVD1BWP16P90LVT, "instance: testbench.test_module.U1111"
  SDF Warning: The path from U1111.ZN to sub_72.U146.A2 doesn't have a simple 
  wire connection, delay will still be annotated.


Warning-[SDFCOM_SWC] Simple Wire Connection
/MasterClass/M143010027_ALU/Hws/HW1/gate_level/FLP_adder_4/Delay/round4/timing.sdf, 4293
module: INVD1BWP16P90LVT, "instance: testbench.test_module.U1113"
  SDF Warning: The path from U1113.ZN to sub_72.U145.A2 doesn't have a simple 
  wire connection, delay will still be annotated.


Warning-[SDFCOM_SWC] Simple Wire Connection
/MasterClass/M143010027_ALU/Hws/HW1/gate_level/FLP_adder_4/Delay/round4/timing.sdf, 4297
module: INVD1BWP16P90LVT, "instance: testbench.test_module.U1183"
  SDF Warning: The path from U1183.ZN to sub_72.U143.A2 doesn't have a simple 
  wire connection, delay will still be annotated.


Warning-[SDFCOM_SWC] Simple Wire Connection
/MasterClass/M143010027_ALU/Hws/HW1/gate_level/FLP_adder_4/Delay/round4/timing.sdf, 4299
module: CKND1BWP16P90LVT, "instance: testbench.test_module.U1190"
  SDF Warning: The path from U1190.ZN to sub_72.U142.A2 doesn't have a simple 
  wire connection, delay will still be annotated.


Warning-[SDFCOM_SWC] Simple Wire Connection
/MasterClass/M143010027_ALU/Hws/HW1/gate_level/FLP_adder_4/Delay/round4/timing.sdf, 4302
module: INVD1BWP16P90LVT, "instance: testbench.test_module.U1178"
  SDF Warning: The path from U1178.ZN to sub_72.U140.A2 doesn't have a simple 
  wire connection, delay will still be annotated.


Warning-[SDFCOM_SWC] Simple Wire Connection
/MasterClass/M143010027_ALU/Hws/HW1/gate_level/FLP_adder_4/Delay/round4/timing.sdf, 4303
module: INVD1BWP16P90LVT, "instance: testbench.test_module.U1175"
  SDF Warning: The path from U1175.ZN to sub_72.U139.I doesn't have a simple 
  wire connection, delay will still be annotated.


Warning-[SDFCOM_SWC] Simple Wire Connection
/MasterClass/M143010027_ALU/Hws/HW1/gate_level/FLP_adder_4/Delay/round4/timing.sdf, 4304
module: INVD1BWP16P90LVT, "instance: testbench.test_module.U1178"
  SDF Warning: The path from U1178.ZN to sub_72.U138.I doesn't have a simple 
  wire connection, delay will still be annotated.


Warning-[SDFCOM_SWC] Simple Wire Connection
/MasterClass/M143010027_ALU/Hws/HW1/gate_level/FLP_adder_4/Delay/round4/timing.sdf, 4305
module: INVD1BWP16P90LVT, "instance: testbench.test_module.U1184"
  SDF Warning: The path from U1184.ZN to sub_72.U137.I doesn't have a simple 
  wire connection, delay will still be annotated.


Warning-[SDFCOM_SWC] Simple Wire Connection
/MasterClass/M143010027_ALU/Hws/HW1/gate_level/FLP_adder_4/Delay/round4/timing.sdf, 4314
module: INVD1BWP16P90LVT, "instance: testbench.test_module.U1117"
  SDF Warning: The path from U1117.ZN to sub_72.U130.I doesn't have a simple 
  wire connection, delay will still be annotated.


Warning-[SDFCOM_SWC] Simple Wire Connection
/MasterClass/M143010027_ALU/Hws/HW1/gate_level/FLP_adder_4/Delay/round4/timing.sdf, 4316
module: CKND1BWP16P90LVT, "instance: testbench.test_module.U1193"
  SDF Warning: The path from U1193.ZN to sub_72.U128.I doesn't have a simple 
  wire connection, delay will still be annotated.


Warning-[SDFCOM_SWC] Simple Wire Connection
/MasterClass/M143010027_ALU/Hws/HW1/gate_level/FLP_adder_4/Delay/round4/timing.sdf, 4317
module: INVD1BWP16P90LVT, "instance: testbench.test_module.U1177"
  SDF Warning: The path from U1177.ZN to sub_72.U127.I doesn't have a simple 
  wire connection, delay will still be annotated.


Warning-[SDFCOM_SWC] Simple Wire Connection
/MasterClass/M143010027_ALU/Hws/HW1/gate_level/FLP_adder_4/Delay/round4/timing.sdf, 4318
module: INVD1BWP16P90LVT, "instance: testbench.test_module.U1093"
  SDF Warning: The path from U1093.ZN to sub_72.U126.I doesn't have a simple 
  wire connection, delay will still be annotated.


Warning-[SDFCOM_SWC] Simple Wire Connection
/MasterClass/M143010027_ALU/Hws/HW1/gate_level/FLP_adder_4/Delay/round4/timing.sdf, 4372
module: MUX2ND2BWP16P90LVT, "instance: testbench.test_module.U697"
  SDF Warning: The path from U697.ZN to sub_73.U220.I doesn't have a simple 
  wire connection, delay will still be annotated.


Warning-[SDFCOM_SWC] Simple Wire Connection
/MasterClass/M143010027_ALU/Hws/HW1/gate_level/FLP_adder_4/Delay/round4/timing.sdf, 4374
module: MUX2ND2BWP16P90LVT, "instance: testbench.test_module.U681"
  SDF Warning: The path from U681.ZN to sub_73.U219.A2 doesn't have a simple 
  wire connection, delay will still be annotated.


Warning-[SDFCOM_SWC] Simple Wire Connection
/MasterClass/M143010027_ALU/Hws/HW1/gate_level/FLP_adder_4/Delay/round4/timing.sdf, 4376
module: MUX2ND2BWP16P90LVT, "instance: testbench.test_module.U682"
  SDF Warning: The path from U682.ZN to sub_73.U218.A2 doesn't have a simple 
  wire connection, delay will still be annotated.


Warning-[SDFCOM_SWC] Simple Wire Connection
/MasterClass/M143010027_ALU/Hws/HW1/gate_level/FLP_adder_4/Delay/round4/timing.sdf, 4378
module: CKND2BWP16P90LVT, "instance: testbench.test_module.U1005"
  SDF Warning: The path from U1005.ZN to sub_73.U217.A2 doesn't have a simple 
  wire connection, delay will still be annotated.


Warning-[SDFCOM_SWC] Simple Wire Connection
/MasterClass/M143010027_ALU/Hws/HW1/gate_level/FLP_adder_4/Delay/round4/timing.sdf, 4380
module: MUX2ND2BWP16P90LVT, "instance: testbench.test_module.U691"
  SDF Warning: The path from U691.ZN to sub_73.U216.A2 doesn't have a simple 
  wire connection, delay will still be annotated.


Warning-[SDFCOM_SWC] Simple Wire Connection
/MasterClass/M143010027_ALU/Hws/HW1/gate_level/FLP_adder_4/Delay/round4/timing.sdf, 4382
module: MUX2ND2BWP16P90LVT, "instance: testbench.test_module.U683"
  SDF Warning: The path from U683.ZN to sub_73.U215.A2 doesn't have a simple 
  wire connection, delay will still be annotated.


Warning-[SDFCOM_SWC] Simple Wire Connection
/MasterClass/M143010027_ALU/Hws/HW1/gate_level/FLP_adder_4/Delay/round4/timing.sdf, 4384
module: MUX2ND2BWP16P90LVT, "instance: testbench.test_module.U698"
  SDF Warning: The path from U698.ZN to sub_73.U214.A2 doesn't have a simple 
  wire connection, delay will still be annotated.


Warning-[SDFCOM_SWC] Simple Wire Connection
/MasterClass/M143010027_ALU/Hws/HW1/gate_level/FLP_adder_4/Delay/round4/timing.sdf, 4386
module: MUX2ND2BWP16P90LVT, "instance: testbench.test_module.U697"
  SDF Warning: The path from U697.ZN to sub_73.U213.A2 doesn't have a simple 
  wire connection, delay will still be annotated.


Warning-[SDFCOM_SWC] Simple Wire Connection
/MasterClass/M143010027_ALU/Hws/HW1/gate_level/FLP_adder_4/Delay/round4/timing.sdf, 4387
module: MUX2ND2BWP16P90LVT, "instance: testbench.test_module.U698"
  SDF Warning: The path from U698.ZN to sub_73.U212.A1 doesn't have a simple 
  wire connection, delay will still be annotated.


Warning-[SDFCOM_SWC] Simple Wire Connection
/MasterClass/M143010027_ALU/Hws/HW1/gate_level/FLP_adder_4/Delay/round4/timing.sdf, 4390
module: MUX2ND2BWP16P90LVT, "instance: testbench.test_module.U1208"
  SDF Warning: The path from U1208.ZN to sub_73.U211.A2 doesn't have a simple 
  wire connection, delay will still be annotated.


Warning-[SDFCOM_SWC] Simple Wire Connection
/MasterClass/M143010027_ALU/Hws/HW1/gate_level/FLP_adder_4/Delay/round4/timing.sdf, 4393
module: INVD1BWP16P90LVT, "instance: testbench.test_module.U1172"
  SDF Warning: The path from U1172.ZN to sub_73.U209.A1 doesn't have a simple 
  wire connection, delay will still be annotated.


Warning-[SDFCOM_SWC] Simple Wire Connection
/MasterClass/M143010027_ALU/Hws/HW1/gate_level/FLP_adder_4/Delay/round4/timing.sdf, 4396
module: CKND1BWP16P90LVT, "instance: testbench.test_module.U692"
  SDF Warning: The path from U692.ZN to sub_73.U208.A2 doesn't have a simple 
  wire connection, delay will still be annotated.


Warning-[SDFCOM_SWC] Simple Wire Connection
/MasterClass/M143010027_ALU/Hws/HW1/gate_level/FLP_adder_4/Delay/round4/timing.sdf, 4398
module: INVD1BWP16P90LVT, "instance: testbench.test_module.U1166"
  SDF Warning: The path from U1166.ZN to sub_73.U207.A2 doesn't have a simple 
  wire connection, delay will still be annotated.


Warning-[SDFCOM_SWC] Simple Wire Connection
/MasterClass/M143010027_ALU/Hws/HW1/gate_level/FLP_adder_4/Delay/round4/timing.sdf, 4400
module: INVD1BWP16P90LVT, "instance: testbench.test_module.U1172"
  SDF Warning: The path from U1172.ZN to sub_73.U206.A2 doesn't have a simple 
  wire connection, delay will still be annotated.


Warning-[SDFCOM_SWC] Simple Wire Connection
/MasterClass/M143010027_ALU/Hws/HW1/gate_level/FLP_adder_4/Delay/round4/timing.sdf, 4407
module: MUX2ND2BWP16P90LVT, "instance: testbench.test_module.U1208"
  SDF Warning: The path from U1208.ZN to sub_73.U202.A2 doesn't have a simple 
  wire connection, delay will still be annotated.


Warning-[SDFCOM_SWC] Simple Wire Connection
/MasterClass/M143010027_ALU/Hws/HW1/gate_level/FLP_adder_4/Delay/round4/timing.sdf, 4408
module: MUX2ND2BWP16P90LVT, "instance: testbench.test_module.U681"
  SDF Warning: The path from U681.ZN to sub_73.U201.I doesn't have a simple 
  wire connection, delay will still be annotated.


Warning-[SDFCOM_SWC] Simple Wire Connection
/MasterClass/M143010027_ALU/Hws/HW1/gate_level/FLP_adder_4/Delay/round4/timing.sdf, 4411
module: CKND2BWP16P90LVT, "instance: testbench.test_module.U750"
  SDF Warning: The path from U750.ZN to sub_73.U198.I doesn't have a simple 
  wire connection, delay will still be annotated.


Warning-[SDFCOM_SWC] Simple Wire Connection
/MasterClass/M143010027_ALU/Hws/HW1/gate_level/FLP_adder_4/Delay/round4/timing.sdf, 4412
module: CKND1BWP16P90LVT, "instance: testbench.test_module.U834"
  SDF Warning: The path from U834.ZN to sub_73.U197.I doesn't have a simple 
  wire connection, delay will still be annotated.


Warning-[SDFCOM_SWC] Simple Wire Connection
/MasterClass/M143010027_ALU/Hws/HW1/gate_level/FLP_adder_4/Delay/round4/timing.sdf, 4413
module: INVD2BWP16P90LVT, "instance: testbench.test_module.U852"
  SDF Warning: The path from U852.ZN to sub_73.U196.I doesn't have a simple 
  wire connection, delay will still be annotated.


Warning-[SDFCOM_SWC] Simple Wire Connection
/MasterClass/M143010027_ALU/Hws/HW1/gate_level/FLP_adder_4/Delay/round4/timing.sdf, 4414
module: INVD1BWP16P90LVT, "instance: testbench.test_module.U1166"
  SDF Warning: The path from U1166.ZN to sub_73.U195.I doesn't have a simple 
  wire connection, delay will still be annotated.


Warning-[SDFCOM_SWC] Simple Wire Connection
/MasterClass/M143010027_ALU/Hws/HW1/gate_level/FLP_adder_4/Delay/round4/timing.sdf, 4429
module: INVD1BWP16P90LVT, "instance: testbench.test_module.U1171"
  SDF Warning: The path from U1171.ZN to sub_73.U186.A2 doesn't have a simple 
  wire connection, delay will still be annotated.


Warning-[SDFCOM_SWC] Simple Wire Connection
/MasterClass/M143010027_ALU/Hws/HW1/gate_level/FLP_adder_4/Delay/round4/timing.sdf, 4437
module: INVD1BWP16P90LVT, "instance: testbench.test_module.U1166"
  SDF Warning: The path from U1166.ZN to sub_73.U182.A2 doesn't have a simple 
  wire connection, delay will still be annotated.


Warning-[SDFCOM_SWC] Simple Wire Connection
/MasterClass/M143010027_ALU/Hws/HW1/gate_level/FLP_adder_4/Delay/round4/timing.sdf, 4450
module: MUX2ND2BWP16P90LVT, "instance: testbench.test_module.U678"
  SDF Warning: The path from U678.ZN to sub_73.U174.A1 doesn't have a simple 
  wire connection, delay will still be annotated.


Warning-[SDFCOM_SWC] Simple Wire Connection
/MasterClass/M143010027_ALU/Hws/HW1/gate_level/FLP_adder_4/Delay/round4/timing.sdf, 4458
module: MUX2ND2BWP16P90LVT, "instance: testbench.test_module.U681"
  SDF Warning: The path from U681.ZN to sub_73.U170.A1 doesn't have a simple 
  wire connection, delay will still be annotated.


Warning-[SDFCOM_SWC] Simple Wire Connection
/MasterClass/M143010027_ALU/Hws/HW1/gate_level/FLP_adder_4/Delay/round4/timing.sdf, 4459
module: MUX2ND2BWP16P90LVT, "instance: testbench.test_module.U682"
  SDF Warning: The path from U682.ZN to sub_73.U170.A2 doesn't have a simple 
  wire connection, delay will still be annotated.


Warning-[SDFCOM_SWC] Simple Wire Connection
/MasterClass/M143010027_ALU/Hws/HW1/gate_level/FLP_adder_4/Delay/round4/timing.sdf, 4460
module: MUX2ND2BWP16P90LVT, "instance: testbench.test_module.U698"
  SDF Warning: The path from U698.ZN to sub_73.U169.A1 doesn't have a simple 
  wire connection, delay will still be annotated.


Warning-[SDFCOM_SWC] Simple Wire Connection
/MasterClass/M143010027_ALU/Hws/HW1/gate_level/FLP_adder_4/Delay/round4/timing.sdf, 4466
module: CKND1BWP16P90LVT, "instance: testbench.test_module.U834"
  SDF Warning: The path from U834.ZN to sub_73.U166.A2 doesn't have a simple 
  wire connection, delay will still be annotated.


Warning-[SDFCOM_SWC] Simple Wire Connection
/MasterClass/M143010027_ALU/Hws/HW1/gate_level/FLP_adder_4/Delay/round4/timing.sdf, 4470
module: INVD1BWP16P90LVT, "instance: testbench.test_module.U1171"
  SDF Warning: The path from U1171.ZN to sub_73.U164.A2 doesn't have a simple 
  wire connection, delay will still be annotated.


Warning-[SDFCOM_SWC] Simple Wire Connection
/MasterClass/M143010027_ALU/Hws/HW1/gate_level/FLP_adder_4/Delay/round4/timing.sdf, 4471
module: INVD1BWP16P90LVT, "instance: testbench.test_module.U1160"
  SDF Warning: The path from U1160.ZN to sub_73.U163.I doesn't have a simple 
  wire connection, delay will still be annotated.


Warning-[SDFCOM_SWC] Simple Wire Connection
/MasterClass/M143010027_ALU/Hws/HW1/gate_level/FLP_adder_4/Delay/round4/timing.sdf, 4472
module: MUX2ND2BWP16P90LVT, "instance: testbench.test_module.U1207"
  SDF Warning: The path from U1207.ZN to sub_73.U162.I doesn't have a simple 
  wire connection, delay will still be annotated.


Warning-[SDFCOM_SWC] Simple Wire Connection
/MasterClass/M143010027_ALU/Hws/HW1/gate_level/FLP_adder_4/Delay/round4/timing.sdf, 4473
module: MUX2ND2BWP16P90LVT, "instance: testbench.test_module.U1206"
  SDF Warning: The path from U1206.ZN to sub_73.U161.I doesn't have a simple 
  wire connection, delay will still be annotated.


Warning-[SDFCOM_SWC] Simple Wire Connection
/MasterClass/M143010027_ALU/Hws/HW1/gate_level/FLP_adder_4/Delay/round4/timing.sdf, 4476
module: INVD2BWP16P90LVT, "instance: testbench.test_module.U852"
  SDF Warning: The path from U852.ZN to sub_73.U159.A2 doesn't have a simple 
  wire connection, delay will still be annotated.


Warning-[SDFCOM_SWC] Simple Wire Connection
/MasterClass/M143010027_ALU/Hws/HW1/gate_level/FLP_adder_4/Delay/round4/timing.sdf, 4479
module: CKND1BWP16P90LVT, "instance: testbench.test_module.U699"
  SDF Warning: The path from U699.ZN to sub_73.U157.I doesn't have a simple 
  wire connection, delay will still be annotated.


Warning-[SDFCOM_SWC] Simple Wire Connection
/MasterClass/M143010027_ALU/Hws/HW1/gate_level/FLP_adder_4/Delay/round4/timing.sdf, 4480
module: CKND1BWP16P90LVT, "instance: testbench.test_module.U692"
  SDF Warning: The path from U692.ZN to sub_73.U156.I doesn't have a simple 
  wire connection, delay will still be annotated.


Warning-[SDFCOM_SWC] Simple Wire Connection
/MasterClass/M143010027_ALU/Hws/HW1/gate_level/FLP_adder_4/Delay/round4/timing.sdf, 4482
module: CKND1BWP16P90LVT, "instance: testbench.test_module.U699"
  SDF Warning: The path from U699.ZN to sub_73.U155.A2 doesn't have a simple 
  wire connection, delay will still be annotated.


Warning-[SDFCOM_SWC] Simple Wire Connection
/MasterClass/M143010027_ALU/Hws/HW1/gate_level/FLP_adder_4/Delay/round4/timing.sdf, 4488
module: CKND2BWP16P90LVT, "instance: testbench.test_module.U620"
  SDF Warning: The path from U620.ZN to sub_73.U152.A2 doesn't have a simple 
  wire connection, delay will still be annotated.


Warning-[SDFCOM_SWC] Simple Wire Connection
/MasterClass/M143010027_ALU/Hws/HW1/gate_level/FLP_adder_4/Delay/round4/timing.sdf, 4491
module: MUX2ND2BWP16P90LVT, "instance: testbench.test_module.U678"
  SDF Warning: The path from U678.ZN to sub_73.U150.A1 doesn't have a simple 
  wire connection, delay will still be annotated.


Warning-[SDFCOM_SWC] Simple Wire Connection
/MasterClass/M143010027_ALU/Hws/HW1/gate_level/FLP_adder_4/Delay/round4/timing.sdf, 4493
module: CKND2BWP16P90LVT, "instance: testbench.test_module.U750"
  SDF Warning: The path from U750.ZN to sub_73.U149.I doesn't have a simple 
  wire connection, delay will still be annotated.


Warning-[SDFCOM_SWC] Simple Wire Connection
/MasterClass/M143010027_ALU/Hws/HW1/gate_level/FLP_adder_4/Delay/round4/timing.sdf, 4498
module: MUX2ND2BWP16P90LVT, "instance: testbench.test_module.U1204"
  SDF Warning: The path from U1204.ZN to sub_73.U146.I doesn't have a simple 
  wire connection, delay will still be annotated.


Warning-[SDFCOM_SWC] Simple Wire Connection
/MasterClass/M143010027_ALU/Hws/HW1/gate_level/FLP_adder_4/Delay/round4/timing.sdf, 4500
module: MUX2ND2BWP16P90LVT, "instance: testbench.test_module.U1207"
  SDF Warning: The path from U1207.ZN to sub_73.U145.A2 doesn't have a simple 
  wire connection, delay will still be annotated.


Warning-[SDFCOM_SWC] Simple Wire Connection
/MasterClass/M143010027_ALU/Hws/HW1/gate_level/FLP_adder_4/Delay/round4/timing.sdf, 4502
module: MUX2ND2BWP16P90LVT, "instance: testbench.test_module.U1206"
  SDF Warning: The path from U1206.ZN to sub_73.U144.A2 doesn't have a simple 
  wire connection, delay will still be annotated.


Warning-[SDFCOM_SWC] Simple Wire Connection
/MasterClass/M143010027_ALU/Hws/HW1/gate_level/FLP_adder_4/Delay/round4/timing.sdf, 4505
module: MUX2ND2BWP16P90LVT, "instance: testbench.test_module.U691"
  SDF Warning: The path from U691.ZN to sub_73.U142.I doesn't have a simple 
  wire connection, delay will still be annotated.


Warning-[SDFCOM_SWC] Simple Wire Connection
/MasterClass/M143010027_ALU/Hws/HW1/gate_level/FLP_adder_4/Delay/round4/timing.sdf, 4508
module: CKND2BWP16P90LVT, "instance: testbench.test_module.U750"
  SDF Warning: The path from U750.ZN to sub_73.U140.A2 doesn't have a simple 
  wire connection, delay will still be annotated.


Warning-[SDFCOM_SWC] Simple Wire Connection
/MasterClass/M143010027_ALU/Hws/HW1/gate_level/FLP_adder_4/Delay/round4/timing.sdf, 4511
module: CKND2BWP16P90LVT, "instance: testbench.test_module.U1005"
  SDF Warning: The path from U1005.ZN to sub_73.U138.A1 doesn't have a simple 
  wire connection, delay will still be annotated.


Warning-[SDFCOM_SWC] Simple Wire Connection
/MasterClass/M143010027_ALU/Hws/HW1/gate_level/FLP_adder_4/Delay/round4/timing.sdf, 4513
module: MUX2ND2BWP16P90LVT, "instance: testbench.test_module.U683"
  SDF Warning: The path from U683.ZN to sub_73.U137.I doesn't have a simple 
  wire connection, delay will still be annotated.


Warning-[SDFCOM_SWC] Simple Wire Connection
/MasterClass/M143010027_ALU/Hws/HW1/gate_level/FLP_adder_4/Delay/round4/timing.sdf, 4515
module: MUX2ND2BWP16P90LVT, "instance: testbench.test_module.U1204"
  SDF Warning: The path from U1204.ZN to sub_73.U136.A2 doesn't have a simple 
  wire connection, delay will still be annotated.


Warning-[SDFCOM_SWC] Simple Wire Connection
/MasterClass/M143010027_ALU/Hws/HW1/gate_level/FLP_adder_4/Delay/round4/timing.sdf, 4524
module: INVD1BWP16P90LVT, "instance: testbench.test_module.U1172"
  SDF Warning: The path from U1172.ZN to sub_73.U131.A2 doesn't have a simple 
  wire connection, delay will still be annotated.


Warning-[SDFCOM_SWC] Simple Wire Connection
/MasterClass/M143010027_ALU/Hws/HW1/gate_level/FLP_adder_4/Delay/round4/timing.sdf, 4525
module: MUX2ND2BWP16P90LVT, "instance: testbench.test_module.U679"
  SDF Warning: The path from U679.ZN to sub_73.U130.I doesn't have a simple 
  wire connection, delay will still be annotated.


Warning-[SDFCOM_SWC] Simple Wire Connection
/MasterClass/M143010027_ALU/Hws/HW1/gate_level/FLP_adder_4/Delay/round4/timing.sdf, 4528
module: INVD1BWP16P90LVT, "instance: testbench.test_module.U1160"
  SDF Warning: The path from U1160.ZN to sub_73.U128.A1 doesn't have a simple 
  wire connection, delay will still be annotated.


Warning-[SDFCOM_SWC] Simple Wire Connection
/MasterClass/M143010027_ALU/Hws/HW1/gate_level/FLP_adder_4/Delay/round4/timing.sdf, 4533
module: CKND2BWP16P90LVT, "instance: testbench.test_module.U1005"
  SDF Warning: The path from U1005.ZN to sub_73.U126.A2 doesn't have a simple 
  wire connection, delay will still be annotated.


Warning-[SDFCOM_SWC] Simple Wire Connection
/MasterClass/M143010027_ALU/Hws/HW1/gate_level/FLP_adder_4/Delay/round4/timing.sdf, 4536
module: MUX2ND2BWP16P90LVT, "instance: testbench.test_module.U1208"
  SDF Warning: The path from U1208.ZN to sub_73.U124.I doesn't have a simple 
  wire connection, delay will still be annotated.


Warning-[SDFCOM_SWC] Simple Wire Connection
/MasterClass/M143010027_ALU/Hws/HW1/gate_level/FLP_adder_4/Delay/round4/timing.sdf, 4539
module: CKND2BWP16P90LVT, "instance: testbench.test_module.U620"
  SDF Warning: The path from U620.ZN to sub_73.U122.I doesn't have a simple 
  wire connection, delay will still be annotated.


Warning-[SDFCOM_SWC] Simple Wire Connection
/MasterClass/M143010027_ALU/Hws/HW1/gate_level/FLP_adder_4/Delay/round4/timing.sdf, 4554
module: DFQD2BWP16P90LVT, "instance: testbench.test_module.s3_md_norm_reg_3_"
  SDF Warning: The path from s3_md_norm_reg_3_.Q to add_114.U183.A1 doesn't 
  have a simple wire connection, delay will still be annotated.


Warning-[SDFCOM_SWC] Simple Wire Connection
/MasterClass/M143010027_ALU/Hws/HW1/gate_level/FLP_adder_4/Delay/round4/timing.sdf, 4555
module: DFQD2BWP16P90LVT, "instance: testbench.test_module.s3_md_norm_reg_2_"
  SDF Warning: The path from s3_md_norm_reg_2_.Q to add_114.U183.A2 doesn't 
  have a simple wire connection, delay will still be annotated.


Warning-[SDFCOM_SWC] Simple Wire Connection
/MasterClass/M143010027_ALU/Hws/HW1/gate_level/FLP_adder_4/Delay/round4/timing.sdf, 4556
module: DFQD2BWP16P90LVT, "instance: testbench.test_module.s3_md_norm_reg_6_"
  SDF Warning: The path from s3_md_norm_reg_6_.Q to add_114.U182.I doesn't 
  have a simple wire connection, delay will still be annotated.


Warning-[SDFCOM_SWC] Simple Wire Connection
/MasterClass/M143010027_ALU/Hws/HW1/gate_level/FLP_adder_4/Delay/round4/timing.sdf, 4558
module: DFQD2BWP16P90LVT, "instance: testbench.test_module.s3_md_norm_reg_4_"
  SDF Warning: The path from s3_md_norm_reg_4_.Q to add_114.U181.A2 doesn't 
  have a simple wire connection, delay will still be annotated.


Warning-[SDFCOM_SWC] Simple Wire Connection
/MasterClass/M143010027_ALU/Hws/HW1/gate_level/FLP_adder_4/Delay/round4/timing.sdf, 4560
module: DFQD2BWP16P90LVT, "instance: testbench.test_module.s3_md_norm_reg_5_"
  SDF Warning: The path from s3_md_norm_reg_5_.Q to add_114.U180.A2 doesn't 
  have a simple wire connection, delay will still be annotated.


Warning-[SDFCOM_SWC] Simple Wire Connection
/MasterClass/M143010027_ALU/Hws/HW1/gate_level/FLP_adder_4/Delay/round4/timing.sdf, 4564
module: DFQD2BWP16P90LVT, "instance: testbench.test_module.s3_md_norm_reg_7_"
  SDF Warning: The path from s3_md_norm_reg_7_.Q to add_114.U178.A2 doesn't 
  have a simple wire connection, delay will still be annotated.


Warning-[SDFCOM_SWC] Simple Wire Connection
/MasterClass/M143010027_ALU/Hws/HW1/gate_level/FLP_adder_4/Delay/round4/timing.sdf, 4566
module: DFQD2BWP16P90LVT, "instance: testbench.test_module.s3_md_norm_reg_8_"
  SDF Warning: The path from s3_md_norm_reg_8_.Q to add_114.U177.A2 doesn't 
  have a simple wire connection, delay will still be annotated.


Warning-[SDFCOM_SWC] Simple Wire Connection
/MasterClass/M143010027_ALU/Hws/HW1/gate_level/FLP_adder_4/Delay/round4/timing.sdf, 4568
module: DFQD2BWP16P90LVT, "instance: testbench.test_module.s3_md_norm_reg_22_"
  SDF Warning: The path from s3_md_norm_reg_22_.Q to add_114.U176.A2 doesn't 
  have a simple wire connection, delay will still be annotated.


Warning-[SDFCOM_SWC] Simple Wire Connection
/MasterClass/M143010027_ALU/Hws/HW1/gate_level/FLP_adder_4/Delay/round4/timing.sdf, 4572
module: DFQD2BWP16P90LVT, "instance: testbench.test_module.s3_md_norm_reg_20_"
  SDF Warning: The path from s3_md_norm_reg_20_.Q to add_114.U174.A2 doesn't 
  have a simple wire connection, delay will still be annotated.


Warning-[SDFCOM_SWC] Simple Wire Connection
/MasterClass/M143010027_ALU/Hws/HW1/gate_level/FLP_adder_4/Delay/round4/timing.sdf, 4574
module: DFQD2BWP16P90LVT, "instance: testbench.test_module.s3_md_norm_reg_24_"
  SDF Warning: The path from s3_md_norm_reg_24_.Q to add_114.U173.A2 doesn't 
  have a simple wire connection, delay will still be annotated.


Warning-[SDFCOM_SWC] Simple Wire Connection
/MasterClass/M143010027_ALU/Hws/HW1/gate_level/FLP_adder_4/Delay/round4/timing.sdf, 4576
module: DFQD2BWP16P90LVT, "instance: testbench.test_module.s3_md_norm_reg_23_"
  SDF Warning: The path from s3_md_norm_reg_23_.Q to add_114.U172.A2 doesn't 
  have a simple wire connection, delay will still be annotated.


Warning-[SDFCOM_SWC] Simple Wire Connection
/MasterClass/M143010027_ALU/Hws/HW1/gate_level/FLP_adder_4/Delay/round4/timing.sdf, 4580
module: DFQD2BWP16P90LVT, "instance: testbench.test_module.s3_md_norm_reg_21_"
  SDF Warning: The path from s3_md_norm_reg_21_.Q to add_114.U170.A2 doesn't 
  have a simple wire connection, delay will still be annotated.


Warning-[SDFCOM_SWC] Simple Wire Connection
/MasterClass/M143010027_ALU/Hws/HW1/gate_level/FLP_adder_4/Delay/round4/timing.sdf, 4582
module: DFQD2BWP16P90LVT, "instance: testbench.test_module.s3_md_norm_reg_25_"
  SDF Warning: The path from s3_md_norm_reg_25_.Q to add_114.U169.A2 doesn't 
  have a simple wire connection, delay will still be annotated.


Warning-[SDFCOM_SWC] Simple Wire Connection
/MasterClass/M143010027_ALU/Hws/HW1/gate_level/FLP_adder_4/Delay/round4/timing.sdf, 4583
module: DFQD2BWP16P90LVT, "instance: testbench.test_module.s3_md_norm_reg_2_"
  SDF Warning: The path from s3_md_norm_reg_2_.Q to add_114.U168.I doesn't 
  have a simple wire connection, delay will still be annotated.


Warning-[SDFCOM_SWC] Simple Wire Connection
/MasterClass/M143010027_ALU/Hws/HW1/gate_level/FLP_adder_4/Delay/round4/timing.sdf, 4592
module: DFQD2BWP16P90LVT, "instance: testbench.test_module.s3_md_norm_reg_26_"
  SDF Warning: The path from s3_md_norm_reg_26_.Q to add_114.U163.I doesn't 
  have a simple wire connection, delay will still be annotated.


Warning-[SDFCOM_SWC] Simple Wire Connection
/MasterClass/M143010027_ALU/Hws/HW1/gate_level/FLP_adder_4/Delay/round4/timing.sdf, 4609
module: DFQD2BWP16P90LVT, "instance: testbench.test_module.s3_md_norm_reg_12_"
  SDF Warning: The path from s3_md_norm_reg_12_.Q to add_114.U153.I doesn't 
  have a simple wire connection, delay will still be annotated.


Warning-[SDFCOM_SWC] Simple Wire Connection
/MasterClass/M143010027_ALU/Hws/HW1/gate_level/FLP_adder_4/Delay/round4/timing.sdf, 4610
module: DFQD2BWP16P90LVT, "instance: testbench.test_module.s3_md_norm_reg_18_"
  SDF Warning: The path from s3_md_norm_reg_18_.Q to add_114.U152.I doesn't 
  have a simple wire connection, delay will still be annotated.


Warning-[SDFCOM_SWC] Simple Wire Connection
/MasterClass/M143010027_ALU/Hws/HW1/gate_level/FLP_adder_4/Delay/round4/timing.sdf, 4612
module: DFQD2BWP16P90LVT, "instance: testbench.test_module.s3_md_norm_reg_10_"
  SDF Warning: The path from s3_md_norm_reg_10_.Q to add_114.U151.A2 doesn't 
  have a simple wire connection, delay will still be annotated.


Warning-[SDFCOM_SWC] Simple Wire Connection
/MasterClass/M143010027_ALU/Hws/HW1/gate_level/FLP_adder_4/Delay/round4/timing.sdf, 4614
module: DFQD2BWP16P90LVT, "instance: testbench.test_module.s3_md_norm_reg_11_"
  SDF Warning: The path from s3_md_norm_reg_11_.Q to add_114.U150.A2 doesn't 
  have a simple wire connection, delay will still be annotated.


Warning-[SDFCOM_SWC] Simple Wire Connection
/MasterClass/M143010027_ALU/Hws/HW1/gate_level/FLP_adder_4/Delay/round4/timing.sdf, 4616
module: DFQD2BWP16P90LVT, "instance: testbench.test_module.s3_md_norm_reg_9_"
  SDF Warning: The path from s3_md_norm_reg_9_.Q to add_114.U149.A2 doesn't 
  have a simple wire connection, delay will still be annotated.


Warning-[SDFCOM_SWC] Simple Wire Connection
/MasterClass/M143010027_ALU/Hws/HW1/gate_level/FLP_adder_4/Delay/round4/timing.sdf, 4618
module: DFQD2BWP16P90LVT, "instance: testbench.test_module.s3_md_norm_reg_14_"
  SDF Warning: The path from s3_md_norm_reg_14_.Q to add_114.U148.A2 doesn't 
  have a simple wire connection, delay will still be annotated.


Warning-[SDFCOM_SWC] Simple Wire Connection
/MasterClass/M143010027_ALU/Hws/HW1/gate_level/FLP_adder_4/Delay/round4/timing.sdf, 4620
module: DFQD2BWP16P90LVT, "instance: testbench.test_module.s3_md_norm_reg_16_"
  SDF Warning: The path from s3_md_norm_reg_16_.Q to add_114.U147.A2 doesn't 
  have a simple wire connection, delay will still be annotated.


Warning-[SDFCOM_SWC] Simple Wire Connection
/MasterClass/M143010027_ALU/Hws/HW1/gate_level/FLP_adder_4/Delay/round4/timing.sdf, 4622
module: DFQD2BWP16P90LVT, "instance: testbench.test_module.s3_md_norm_reg_19_"
  SDF Warning: The path from s3_md_norm_reg_19_.Q to add_114.U146.A2 doesn't 
  have a simple wire connection, delay will still be annotated.


Warning-[SDFCOM_SWC] Simple Wire Connection
/MasterClass/M143010027_ALU/Hws/HW1/gate_level/FLP_adder_4/Delay/round4/timing.sdf, 4624
module: DFQD2BWP16P90LVT, "instance: testbench.test_module.s3_md_norm_reg_13_"
  SDF Warning: The path from s3_md_norm_reg_13_.Q to add_114.U145.A2 doesn't 
  have a simple wire connection, delay will still be annotated.


Warning-[SDFCOM_SWC] Simple Wire Connection
/MasterClass/M143010027_ALU/Hws/HW1/gate_level/FLP_adder_4/Delay/round4/timing.sdf, 4626
module: DFQD2BWP16P90LVT, "instance: testbench.test_module.s3_md_norm_reg_15_"
  SDF Warning: The path from s3_md_norm_reg_15_.Q to add_114.U144.A2 doesn't 
  have a simple wire connection, delay will still be annotated.


Warning-[SDFCOM_SWC] Simple Wire Connection
/MasterClass/M143010027_ALU/Hws/HW1/gate_level/FLP_adder_4/Delay/round4/timing.sdf, 4628
module: DFQD2BWP16P90LVT, "instance: testbench.test_module.s3_md_norm_reg_17_"
  SDF Warning: The path from s3_md_norm_reg_17_.Q to add_114.U143.A2 doesn't 
  have a simple wire connection, delay will still be annotated.


Warning-[SDFCOM_SWC] Simple Wire Connection
/MasterClass/M143010027_ALU/Hws/HW1/gate_level/FLP_adder_4/Delay/round4/timing.sdf, 4644
module: DFQD2BWP16P90LVT, "instance: testbench.test_module.s3_md_norm_reg_3_"
  SDF Warning: The path from s3_md_norm_reg_3_.Q to add_114.U132.A1 doesn't 
  have a simple wire connection, delay will still be annotated.


Warning-[SDFCOM_SWC] Simple Wire Connection
/MasterClass/M143010027_ALU/Hws/HW1/gate_level/FLP_adder_4/Delay/round4/timing.sdf, 4645
module: DFQD2BWP16P90LVT, "instance: testbench.test_module.s3_md_norm_reg_2_"
  SDF Warning: The path from s3_md_norm_reg_2_.Q to add_114.U132.A2 doesn't 
  have a simple wire connection, delay will still be annotated.


Warning-[SDFCOM_SWC] Simple Wire Connection
/MasterClass/M143010027_ALU/Hws/HW1/gate_level/FLP_adder_4/Delay/round4/timing.sdf, 4651
module: DFQD2BWP16P90LVT, "instance: testbench.test_module.s3_md_norm_reg_4_"
  SDF Warning: The path from s3_md_norm_reg_4_.Q to add_114.U116.A2 doesn't 
  have a simple wire connection, delay will still be annotated.


Warning-[SDFCOM_SWC] Simple Wire Connection
/MasterClass/M143010027_ALU/Hws/HW1/gate_level/FLP_adder_4/Delay/round4/timing.sdf, 4652
module: DFQD2BWP16P90LVT, "instance: testbench.test_module.s3_md_norm_reg_4_"
  SDF Warning: The path from s3_md_norm_reg_4_.Q to add_114.U112.A1 doesn't 
  have a simple wire connection, delay will still be annotated.


Warning-[SDFCOM_SWC] Simple Wire Connection
/MasterClass/M143010027_ALU/Hws/HW1/gate_level/FLP_adder_4/Delay/round4/timing.sdf, 4653
module: DFQD2BWP16P90LVT, "instance: testbench.test_module.s3_md_norm_reg_5_"
  SDF Warning: The path from s3_md_norm_reg_5_.Q to add_114.U112.A2 doesn't 
  have a simple wire connection, delay will still be annotated.


Warning-[SDFCOM_SWC] Simple Wire Connection
/MasterClass/M143010027_ALU/Hws/HW1/gate_level/FLP_adder_4/Delay/round4/timing.sdf, 4654
module: DFQD2BWP16P90LVT, "instance: testbench.test_module.s3_md_norm_reg_6_"
  SDF Warning: The path from s3_md_norm_reg_6_.Q to add_114.U101.A1 doesn't 
  have a simple wire connection, delay will still be annotated.


Warning-[SDFCOM_SWC] Simple Wire Connection
/MasterClass/M143010027_ALU/Hws/HW1/gate_level/FLP_adder_4/Delay/round4/timing.sdf, 4655
module: DFQD2BWP16P90LVT, "instance: testbench.test_module.s3_md_norm_reg_7_"
  SDF Warning: The path from s3_md_norm_reg_7_.Q to add_114.U101.A2 doesn't 
  have a simple wire connection, delay will still be annotated.


Warning-[SDFCOM_SWC] Simple Wire Connection
/MasterClass/M143010027_ALU/Hws/HW1/gate_level/FLP_adder_4/Delay/round4/timing.sdf, 4657
module: DFQD2BWP16P90LVT, "instance: testbench.test_module.s3_md_norm_reg_8_"
  SDF Warning: The path from s3_md_norm_reg_8_.Q to add_114.U96.A2 doesn't 
  have a simple wire connection, delay will still be annotated.


Warning-[SDFCOM_SWC] Simple Wire Connection
/MasterClass/M143010027_ALU/Hws/HW1/gate_level/FLP_adder_4/Delay/round4/timing.sdf, 4658
module: DFQD2BWP16P90LVT, "instance: testbench.test_module.s3_md_norm_reg_8_"
  SDF Warning: The path from s3_md_norm_reg_8_.Q to add_114.U92.A1 doesn't 
  have a simple wire connection, delay will still be annotated.


Warning-[SDFCOM_SWC] Simple Wire Connection
/MasterClass/M143010027_ALU/Hws/HW1/gate_level/FLP_adder_4/Delay/round4/timing.sdf, 4659
module: DFQD2BWP16P90LVT, "instance: testbench.test_module.s3_md_norm_reg_9_"
  SDF Warning: The path from s3_md_norm_reg_9_.Q to add_114.U92.A2 doesn't 
  have a simple wire connection, delay will still be annotated.


Warning-[SDFCOM_SWC] Simple Wire Connection
/MasterClass/M143010027_ALU/Hws/HW1/gate_level/FLP_adder_4/Delay/round4/timing.sdf, 4661
module: DFQD2BWP16P90LVT, "instance: testbench.test_module.s3_md_norm_reg_10_"
  SDF Warning: The path from s3_md_norm_reg_10_.Q to add_114.U85.A2 doesn't 
  have a simple wire connection, delay will still be annotated.


Warning-[SDFCOM_SWC] Simple Wire Connection
/MasterClass/M143010027_ALU/Hws/HW1/gate_level/FLP_adder_4/Delay/round4/timing.sdf, 4662
module: DFQD2BWP16P90LVT, "instance: testbench.test_module.s3_md_norm_reg_10_"
  SDF Warning: The path from s3_md_norm_reg_10_.Q to add_114.U81.A1 doesn't 
  have a simple wire connection, delay will still be annotated.


Warning-[SDFCOM_SWC] Simple Wire Connection
/MasterClass/M143010027_ALU/Hws/HW1/gate_level/FLP_adder_4/Delay/round4/timing.sdf, 4663
module: DFQD2BWP16P90LVT, "instance: testbench.test_module.s3_md_norm_reg_11_"
  SDF Warning: The path from s3_md_norm_reg_11_.Q to add_114.U81.A2 doesn't 
  have a simple wire connection, delay will still be annotated.


Warning-[SDFCOM_SWC] Simple Wire Connection
/MasterClass/M143010027_ALU/Hws/HW1/gate_level/FLP_adder_4/Delay/round4/timing.sdf, 4666
module: DFQD2BWP16P90LVT, "instance: testbench.test_module.s3_md_norm_reg_12_"
  SDF Warning: The path from s3_md_norm_reg_12_.Q to add_114.U70.A1 doesn't 
  have a simple wire connection, delay will still be annotated.


Warning-[SDFCOM_SWC] Simple Wire Connection
/MasterClass/M143010027_ALU/Hws/HW1/gate_level/FLP_adder_4/Delay/round4/timing.sdf, 4667
module: DFQD2BWP16P90LVT, "instance: testbench.test_module.s3_md_norm_reg_13_"
  SDF Warning: The path from s3_md_norm_reg_13_.Q to add_114.U70.A2 doesn't 
  have a simple wire connection, delay will still be annotated.


Warning-[SDFCOM_SWC] Simple Wire Connection
/MasterClass/M143010027_ALU/Hws/HW1/gate_level/FLP_adder_4/Delay/round4/timing.sdf, 4671
module: DFQD2BWP16P90LVT, "instance: testbench.test_module.s3_md_norm_reg_14_"
  SDF Warning: The path from s3_md_norm_reg_14_.Q to add_114.U63.A2 doesn't 
  have a simple wire connection, delay will still be annotated.


Warning-[SDFCOM_SWC] Simple Wire Connection
/MasterClass/M143010027_ALU/Hws/HW1/gate_level/FLP_adder_4/Delay/round4/timing.sdf, 4672
module: DFQD2BWP16P90LVT, "instance: testbench.test_module.s3_md_norm_reg_14_"
  SDF Warning: The path from s3_md_norm_reg_14_.Q to add_114.U59.A1 doesn't 
  have a simple wire connection, delay will still be annotated.


Warning-[SDFCOM_SWC] Simple Wire Connection
/MasterClass/M143010027_ALU/Hws/HW1/gate_level/FLP_adder_4/Delay/round4/timing.sdf, 4673
module: DFQD2BWP16P90LVT, "instance: testbench.test_module.s3_md_norm_reg_15_"
  SDF Warning: The path from s3_md_norm_reg_15_.Q to add_114.U59.A2 doesn't 
  have a simple wire connection, delay will still be annotated.


Warning-[SDFCOM_SWC] Simple Wire Connection
/MasterClass/M143010027_ALU/Hws/HW1/gate_level/FLP_adder_4/Delay/round4/timing.sdf, 4675
module: DFQD2BWP16P90LVT, "instance: testbench.test_module.s3_md_norm_reg_16_"
  SDF Warning: The path from s3_md_norm_reg_16_.Q to add_114.U54.A2 doesn't 
  have a simple wire connection, delay will still be annotated.


Warning-[SDFCOM_SWC] Simple Wire Connection
/MasterClass/M143010027_ALU/Hws/HW1/gate_level/FLP_adder_4/Delay/round4/timing.sdf, 4676
module: DFQD2BWP16P90LVT, "instance: testbench.test_module.s3_md_norm_reg_16_"
  SDF Warning: The path from s3_md_norm_reg_16_.Q to add_114.U50.A1 doesn't 
  have a simple wire connection, delay will still be annotated.


Warning-[SDFCOM_SWC] Simple Wire Connection
/MasterClass/M143010027_ALU/Hws/HW1/gate_level/FLP_adder_4/Delay/round4/timing.sdf, 4677
module: DFQD2BWP16P90LVT, "instance: testbench.test_module.s3_md_norm_reg_17_"
  SDF Warning: The path from s3_md_norm_reg_17_.Q to add_114.U50.A2 doesn't 
  have a simple wire connection, delay will still be annotated.


Warning-[SDFCOM_SWC] Simple Wire Connection
/MasterClass/M143010027_ALU/Hws/HW1/gate_level/FLP_adder_4/Delay/round4/timing.sdf, 4680
module: DFQD2BWP16P90LVT, "instance: testbench.test_module.s3_md_norm_reg_18_"
  SDF Warning: The path from s3_md_norm_reg_18_.Q to add_114.U37.A1 doesn't 
  have a simple wire connection, delay will still be annotated.


Warning-[SDFCOM_SWC] Simple Wire Connection
/MasterClass/M143010027_ALU/Hws/HW1/gate_level/FLP_adder_4/Delay/round4/timing.sdf, 4681
module: DFQD2BWP16P90LVT, "instance: testbench.test_module.s3_md_norm_reg_19_"
  SDF Warning: The path from s3_md_norm_reg_19_.Q to add_114.U37.A2 doesn't 
  have a simple wire connection, delay will still be annotated.


Warning-[SDFCOM_SWC] Simple Wire Connection
/MasterClass/M143010027_ALU/Hws/HW1/gate_level/FLP_adder_4/Delay/round4/timing.sdf, 4683
module: DFQD2BWP16P90LVT, "instance: testbench.test_module.s3_md_norm_reg_20_"
  SDF Warning: The path from s3_md_norm_reg_20_.Q to add_114.U32.A2 doesn't 
  have a simple wire connection, delay will still be annotated.


Warning-[SDFCOM_SWC] Simple Wire Connection
/MasterClass/M143010027_ALU/Hws/HW1/gate_level/FLP_adder_4/Delay/round4/timing.sdf, 4684
module: DFQD2BWP16P90LVT, "instance: testbench.test_module.s3_md_norm_reg_20_"
  SDF Warning: The path from s3_md_norm_reg_20_.Q to add_114.U28.A1 doesn't 
  have a simple wire connection, delay will still be annotated.


Warning-[SDFCOM_SWC] Simple Wire Connection
/MasterClass/M143010027_ALU/Hws/HW1/gate_level/FLP_adder_4/Delay/round4/timing.sdf, 4685
module: DFQD2BWP16P90LVT, "instance: testbench.test_module.s3_md_norm_reg_21_"
  SDF Warning: The path from s3_md_norm_reg_21_.Q to add_114.U28.A2 doesn't 
  have a simple wire connection, delay will still be annotated.


Warning-[SDFCOM_SWC] Simple Wire Connection
/MasterClass/M143010027_ALU/Hws/HW1/gate_level/FLP_adder_4/Delay/round4/timing.sdf, 4689
module: DFQD2BWP16P90LVT, "instance: testbench.test_module.s3_md_norm_reg_22_"
  SDF Warning: The path from s3_md_norm_reg_22_.Q to add_114.U21.A2 doesn't 
  have a simple wire connection, delay will still be annotated.


Warning-[SDFCOM_SWC] Simple Wire Connection
/MasterClass/M143010027_ALU/Hws/HW1/gate_level/FLP_adder_4/Delay/round4/timing.sdf, 4690
module: DFQD2BWP16P90LVT, "instance: testbench.test_module.s3_md_norm_reg_22_"
  SDF Warning: The path from s3_md_norm_reg_22_.Q to add_114.U17.A1 doesn't 
  have a simple wire connection, delay will still be annotated.


Warning-[SDFCOM_SWC] Simple Wire Connection
/MasterClass/M143010027_ALU/Hws/HW1/gate_level/FLP_adder_4/Delay/round4/timing.sdf, 4691
module: DFQD2BWP16P90LVT, "instance: testbench.test_module.s3_md_norm_reg_23_"
  SDF Warning: The path from s3_md_norm_reg_23_.Q to add_114.U17.A2 doesn't 
  have a simple wire connection, delay will still be annotated.


Warning-[SDFCOM_SWC] Simple Wire Connection
/MasterClass/M143010027_ALU/Hws/HW1/gate_level/FLP_adder_4/Delay/round4/timing.sdf, 4693
module: DFQD2BWP16P90LVT, "instance: testbench.test_module.s3_md_norm_reg_24_"
  SDF Warning: The path from s3_md_norm_reg_24_.Q to add_114.U12.A2 doesn't 
  have a simple wire connection, delay will still be annotated.


Warning-[SDFCOM_SWC] Simple Wire Connection
/MasterClass/M143010027_ALU/Hws/HW1/gate_level/FLP_adder_4/Delay/round4/timing.sdf, 4694
module: DFQD2BWP16P90LVT, "instance: testbench.test_module.s3_md_norm_reg_24_"
  SDF Warning: The path from s3_md_norm_reg_24_.Q to add_114.U8.A1 doesn't 
  have a simple wire connection, delay will still be annotated.


Warning-[SDFCOM_SWC] Simple Wire Connection
/MasterClass/M143010027_ALU/Hws/HW1/gate_level/FLP_adder_4/Delay/round4/timing.sdf, 4695
module: DFQD2BWP16P90LVT, "instance: testbench.test_module.s3_md_norm_reg_25_"
  SDF Warning: The path from s3_md_norm_reg_25_.Q to add_114.U8.A2 doesn't 
  have a simple wire connection, delay will still be annotated.


          Total errors: 0
          Total warnings: 312
   ***    SDF annotation completed: Mon Oct  5 20:47:32 2026


