
   ***   $sdf_annotate() version 1.2R
   ***    SDF file: "/MasterClass/M143010027_ALU/Hws/HW1/gate_level/FLP_adder/Delay/round2/timing.sdf"
   ***    Annotation scope: testbench.test_module
   ***    SDF Annotator log file: "sdf_annotation.log"
   ***    MTM selection: "MAXIMUM"
   ***    No SCALE FACTORS argument specified
   ***    No SCALE TYPE argument specified
   ***    SCALE FACTORS defaulted to "1.0:1.0:1.0":
   ***    SCALE TYPE defaulted to: "FROM_MTM"
   ***    Turnoff delay: "FROM_FILE"
   ***    Approximation (mipd) policy: "MAXIMUM"

   ***    SDF annotation begin: Mon Oct  5 20:45:44 2026


SDF Info: +pulse_r/100, +pulse_e/100 in effect

Warning-[SDFCOM_IWSBA] INTERCONNECT will still be annotated
/MasterClass/M143010027_ALU/Hws/HW1/gate_level/FLP_adder/Delay/round2/timing.sdf, 52
module: XNR2D8BWP16P90LVT, "instance: testbench.test_module.add_95.U195"
  SDF Warning: INTERCONNECT from add_95.U195.ZN to U1776.B2 has Instance at 
  /MasterClass/M143010027_ALU/Hws/HW1/gate_level/FLP_adder/Delay/round2/netlist.v:1385,
  delay will still be annotated.


Warning-[SDFCOM_IWSBA] INTERCONNECT will still be annotated
/MasterClass/M143010027_ALU/Hws/HW1/gate_level/FLP_adder/Delay/round2/timing.sdf, 57
module: XNR2D8BWP16P90LVT, "instance: testbench.test_module.add_95.U195"
  SDF Warning: INTERCONNECT from add_95.U195.ZN to U1775.B2 has Instance at 
  /MasterClass/M143010027_ALU/Hws/HW1/gate_level/FLP_adder/Delay/round2/netlist.v:1385,
  delay will still be annotated.


Warning-[SDFCOM_IWSBA] INTERCONNECT will still be annotated
/MasterClass/M143010027_ALU/Hws/HW1/gate_level/FLP_adder/Delay/round2/timing.sdf, 71
module: XOR2D1BWP20P90, "instance: testbench.test_module.add_95.U193"
  SDF Warning: INTERCONNECT from add_95.U193.Z to U1770.A1 has Instance at 
  /MasterClass/M143010027_ALU/Hws/HW1/gate_level/FLP_adder/Delay/round2/netlist.v:1385,
  delay will still be annotated.


Warning-[SDFCOM_IWSBA] INTERCONNECT will still be annotated
/MasterClass/M143010027_ALU/Hws/HW1/gate_level/FLP_adder/Delay/round2/timing.sdf, 73
module: XNR2D1BWP16P90, "instance: testbench.test_module.add_95.U223"
  SDF Warning: INTERCONNECT from add_95.U223.ZN to U1770.B1 has Instance at 
  /MasterClass/M143010027_ALU/Hws/HW1/gate_level/FLP_adder/Delay/round2/netlist.v:1385,
  delay will still be annotated.


Warning-[SDFCOM_IWSBA] INTERCONNECT will still be annotated
/MasterClass/M143010027_ALU/Hws/HW1/gate_level/FLP_adder/Delay/round2/timing.sdf, 75
module: XNR2D1BWP16P90, "instance: testbench.test_module.add_95.U223"
  SDF Warning: INTERCONNECT from add_95.U223.ZN to U1769.I has Instance at 
  /MasterClass/M143010027_ALU/Hws/HW1/gate_level/FLP_adder/Delay/round2/netlist.v:1385,
  delay will still be annotated.


Warning-[SDFCOM_IWSBA] INTERCONNECT will still be annotated
/MasterClass/M143010027_ALU/Hws/HW1/gate_level/FLP_adder/Delay/round2/timing.sdf, 76
module: XOR2D1BWP16P90LVT, "instance: testbench.test_module.add_95.U244"
  SDF Warning: INTERCONNECT from add_95.U244.Z to U1768.I has Instance at 
  /MasterClass/M143010027_ALU/Hws/HW1/gate_level/FLP_adder/Delay/round2/netlist.v:1385,
  delay will still be annotated.


Warning-[SDFCOM_IWSBA] INTERCONNECT will still be annotated
/MasterClass/M143010027_ALU/Hws/HW1/gate_level/FLP_adder/Delay/round2/timing.sdf, 77
module: XNR2D1BWP16P90LVT, "instance: testbench.test_module.add_95.U218"
  SDF Warning: INTERCONNECT from add_95.U218.ZN to U1767.I has Instance at 
  /MasterClass/M143010027_ALU/Hws/HW1/gate_level/FLP_adder/Delay/round2/netlist.v:1385,
  delay will still be annotated.


Warning-[SDFCOM_IWSBA] INTERCONNECT will still be annotated
/MasterClass/M143010027_ALU/Hws/HW1/gate_level/FLP_adder/Delay/round2/timing.sdf, 78
module: XOR2D1BWP16P90LVT, "instance: testbench.test_module.add_95.U243"
  SDF Warning: INTERCONNECT from add_95.U243.Z to U1766.I has Instance at 
  /MasterClass/M143010027_ALU/Hws/HW1/gate_level/FLP_adder/Delay/round2/netlist.v:1385,
  delay will still be annotated.


Warning-[SDFCOM_IWSBA] INTERCONNECT will still be annotated
/MasterClass/M143010027_ALU/Hws/HW1/gate_level/FLP_adder/Delay/round2/timing.sdf, 79
module: XNR2D2BWP16P90, "instance: testbench.test_module.add_95.U155"
  SDF Warning: INTERCONNECT from add_95.U155.ZN to U1765.I has Instance at 
  /MasterClass/M143010027_ALU/Hws/HW1/gate_level/FLP_adder/Delay/round2/netlist.v:1385,
  delay will still be annotated.


Warning-[SDFCOM_IWSBA] INTERCONNECT will still be annotated
/MasterClass/M143010027_ALU/Hws/HW1/gate_level/FLP_adder/Delay/round2/timing.sdf, 80
module: XOR2D1BWP16P90, "instance: testbench.test_module.add_95.U176"
  SDF Warning: INTERCONNECT from add_95.U176.Z to U1764.I has Instance at 
  /MasterClass/M143010027_ALU/Hws/HW1/gate_level/FLP_adder/Delay/round2/netlist.v:1385,
  delay will still be annotated.


Warning-[SDFCOM_IWSBA] INTERCONNECT will still be annotated
/MasterClass/M143010027_ALU/Hws/HW1/gate_level/FLP_adder/Delay/round2/timing.sdf, 81
module: XNR2D1BWP16P90, "instance: testbench.test_module.add_95.U161"
  SDF Warning: INTERCONNECT from add_95.U161.ZN to U1763.I has Instance at 
  /MasterClass/M143010027_ALU/Hws/HW1/gate_level/FLP_adder/Delay/round2/netlist.v:1385,
  delay will still be annotated.


Warning-[SDFCOM_IWSBA] INTERCONNECT will still be annotated
/MasterClass/M143010027_ALU/Hws/HW1/gate_level/FLP_adder/Delay/round2/timing.sdf, 82
module: XNR2D1BWP16P90, "instance: testbench.test_module.add_95.U249"
  SDF Warning: INTERCONNECT from add_95.U249.ZN to U1762.I has Instance at 
  /MasterClass/M143010027_ALU/Hws/HW1/gate_level/FLP_adder/Delay/round2/netlist.v:1385,
  delay will still be annotated.


Warning-[SDFCOM_IWSBA] INTERCONNECT will still be annotated
/MasterClass/M143010027_ALU/Hws/HW1/gate_level/FLP_adder/Delay/round2/timing.sdf, 83
module: XNR2D1BWP16P90LVT, "instance: testbench.test_module.add_95.U167"
  SDF Warning: INTERCONNECT from add_95.U167.ZN to U1761.I has Instance at 
  /MasterClass/M143010027_ALU/Hws/HW1/gate_level/FLP_adder/Delay/round2/netlist.v:1385,
  delay will still be annotated.


Warning-[SDFCOM_IWSBA] INTERCONNECT will still be annotated
/MasterClass/M143010027_ALU/Hws/HW1/gate_level/FLP_adder/Delay/round2/timing.sdf, 84
module: XOR2D1BWP16P90LVT, "instance: testbench.test_module.add_95.U242"
  SDF Warning: INTERCONNECT from add_95.U242.Z to U1760.I has Instance at 
  /MasterClass/M143010027_ALU/Hws/HW1/gate_level/FLP_adder/Delay/round2/netlist.v:1385,
  delay will still be annotated.


Warning-[SDFCOM_IWSBA] INTERCONNECT will still be annotated
/MasterClass/M143010027_ALU/Hws/HW1/gate_level/FLP_adder/Delay/round2/timing.sdf, 85
module: XNR2D2BWP16P90, "instance: testbench.test_module.add_95.U162"
  SDF Warning: INTERCONNECT from add_95.U162.ZN to U1759.I has Instance at 
  /MasterClass/M143010027_ALU/Hws/HW1/gate_level/FLP_adder/Delay/round2/netlist.v:1385,
  delay will still be annotated.


Warning-[SDFCOM_IWSBA] INTERCONNECT will still be annotated
/MasterClass/M143010027_ALU/Hws/HW1/gate_level/FLP_adder/Delay/round2/timing.sdf, 86
module: XOR2D1BWP16P90LVT, "instance: testbench.test_module.add_95.U248"
  SDF Warning: INTERCONNECT from add_95.U248.Z to U1758.I has Instance at 
  /MasterClass/M143010027_ALU/Hws/HW1/gate_level/FLP_adder/Delay/round2/netlist.v:1385,
  delay will still be annotated.


Warning-[SDFCOM_IWSBA] INTERCONNECT will still be annotated
/MasterClass/M143010027_ALU/Hws/HW1/gate_level/FLP_adder/Delay/round2/timing.sdf, 87
module: XNR2D1BWP16P90LVT, "instance: testbench.test_module.add_95.U166"
  SDF Warning: INTERCONNECT from add_95.U166.ZN to U1757.I has Instance at 
  /MasterClass/M143010027_ALU/Hws/HW1/gate_level/FLP_adder/Delay/round2/netlist.v:1385,
  delay will still be annotated.


Warning-[SDFCOM_IWSBA] INTERCONNECT will still be annotated
/MasterClass/M143010027_ALU/Hws/HW1/gate_level/FLP_adder/Delay/round2/timing.sdf, 92
module: XOR2D1BWP16P90, "instance: testbench.test_module.add_95.U238"
  SDF Warning: INTERCONNECT from add_95.U238.Z to U1755.I has Instance at 
  /MasterClass/M143010027_ALU/Hws/HW1/gate_level/FLP_adder/Delay/round2/netlist.v:1385,
  delay will still be annotated.


Warning-[SDFCOM_IWSBA] INTERCONNECT will still be annotated
/MasterClass/M143010027_ALU/Hws/HW1/gate_level/FLP_adder/Delay/round2/timing.sdf, 95
module: XNR2D1BWP16P90LVT, "instance: testbench.test_module.add_95.U175"
  SDF Warning: INTERCONNECT from add_95.U175.ZN to U1753.I has Instance at 
  /MasterClass/M143010027_ALU/Hws/HW1/gate_level/FLP_adder/Delay/round2/netlist.v:1385,
  delay will still be annotated.


Warning-[SDFCOM_IWSBA] INTERCONNECT will still be annotated
/MasterClass/M143010027_ALU/Hws/HW1/gate_level/FLP_adder/Delay/round2/timing.sdf, 96
module: XNR2D1BWP16P90, "instance: testbench.test_module.add_95.U239"
  SDF Warning: INTERCONNECT from add_95.U239.ZN to U1752.I has Instance at 
  /MasterClass/M143010027_ALU/Hws/HW1/gate_level/FLP_adder/Delay/round2/netlist.v:1385,
  delay will still be annotated.


Warning-[SDFCOM_IWSBA] INTERCONNECT will still be annotated
/MasterClass/M143010027_ALU/Hws/HW1/gate_level/FLP_adder/Delay/round2/timing.sdf, 101
module: XNR2D2BWP16P90, "instance: testbench.test_module.add_95.U189"
  SDF Warning: INTERCONNECT from add_95.U189.ZN to U1750.I has Instance at 
  /MasterClass/M143010027_ALU/Hws/HW1/gate_level/FLP_adder/Delay/round2/netlist.v:1385,
  delay will still be annotated.


Warning-[SDFCOM_IWSBA] INTERCONNECT will still be annotated
/MasterClass/M143010027_ALU/Hws/HW1/gate_level/FLP_adder/Delay/round2/timing.sdf, 106
module: XOR2D1BWP16P90LVT, "instance: testbench.test_module.add_95.U245"
  SDF Warning: INTERCONNECT from add_95.U245.Z to U1748.I has Instance at 
  /MasterClass/M143010027_ALU/Hws/HW1/gate_level/FLP_adder/Delay/round2/netlist.v:1385,
  delay will still be annotated.


Warning-[SDFCOM_IWSBA] INTERCONNECT will still be annotated
/MasterClass/M143010027_ALU/Hws/HW1/gate_level/FLP_adder/Delay/round2/timing.sdf, 111
module: XOR2D1BWP16P90, "instance: testbench.test_module.add_95.U234"
  SDF Warning: INTERCONNECT from add_95.U234.Z to U1746.I has Instance at 
  /MasterClass/M143010027_ALU/Hws/HW1/gate_level/FLP_adder/Delay/round2/netlist.v:1385,
  delay will still be annotated.


Warning-[SDFCOM_IWSBA] INTERCONNECT will still be annotated
/MasterClass/M143010027_ALU/Hws/HW1/gate_level/FLP_adder/Delay/round2/timing.sdf, 116
module: XOR2D1BWP16P90, "instance: testbench.test_module.add_95.U255"
  SDF Warning: INTERCONNECT from add_95.U255.Z to U1744.I has Instance at 
  /MasterClass/M143010027_ALU/Hws/HW1/gate_level/FLP_adder/Delay/round2/netlist.v:1385,
  delay will still be annotated.


Warning-[SDFCOM_IWSBA] INTERCONNECT will still be annotated
/MasterClass/M143010027_ALU/Hws/HW1/gate_level/FLP_adder/Delay/round2/timing.sdf, 117
module: XOR2D1BWP16P90, "instance: testbench.test_module.add_95.U257"
  SDF Warning: INTERCONNECT from add_95.U257.Z to U1743.I has Instance at 
  /MasterClass/M143010027_ALU/Hws/HW1/gate_level/FLP_adder/Delay/round2/netlist.v:1385,
  delay will still be annotated.


Warning-[SDFCOM_IWSBA] INTERCONNECT will still be annotated
/MasterClass/M143010027_ALU/Hws/HW1/gate_level/FLP_adder/Delay/round2/timing.sdf, 118
module: XNR2D1BWP16P90, "instance: testbench.test_module.add_95.U235"
  SDF Warning: INTERCONNECT from add_95.U235.ZN to U1742.I has Instance at 
  /MasterClass/M143010027_ALU/Hws/HW1/gate_level/FLP_adder/Delay/round2/netlist.v:1385,
  delay will still be annotated.


Warning-[SDFCOM_IWSBA] INTERCONNECT will still be annotated
/MasterClass/M143010027_ALU/Hws/HW1/gate_level/FLP_adder/Delay/round2/timing.sdf, 124
module: XOR2D1BWP16P90, "instance: testbench.test_module.add_95.U257"
  SDF Warning: INTERCONNECT from add_95.U257.Z to U1740.A1 has Instance at 
  /MasterClass/M143010027_ALU/Hws/HW1/gate_level/FLP_adder/Delay/round2/netlist.v:1385,
  delay will still be annotated.


Warning-[SDFCOM_IWSBA] INTERCONNECT will still be annotated
/MasterClass/M143010027_ALU/Hws/HW1/gate_level/FLP_adder/Delay/round2/timing.sdf, 126
module: CKND1BWP16P90LVT, "instance: testbench.test_module.add_95.U258"
  SDF Warning: INTERCONNECT from add_95.U258.ZN to U1740.B1 has Instance at 
  /MasterClass/M143010027_ALU/Hws/HW1/gate_level/FLP_adder/Delay/round2/netlist.v:1385,
  delay will still be annotated.


Warning-[SDFCOM_SWC] Simple Wire Connection
/MasterClass/M143010027_ALU/Hws/HW1/gate_level/FLP_adder/Delay/round2/timing.sdf, 361
module: ND2D1BWP16P90LVT, "instance: testbench.test_module.U628"
  SDF Warning: The path from U628.ZN to U1669.I0 doesn't have a simple wire 
  connection, delay will still be annotated.


Warning-[SDFCOM_IWSBA] INTERCONNECT will still be annotated
/MasterClass/M143010027_ALU/Hws/HW1/gate_level/FLP_adder/Delay/round2/timing.sdf, 455
module: MUX2ND2BWP16P90LVT, "instance: testbench.test_module.U916"
  SDF Warning: INTERCONNECT from U916.ZN to U1636.I1 has Instance at 
  /MasterClass/M143010027_ALU/Hws/HW1/gate_level/FLP_adder/Delay/round2/netlist.v:1412,
  delay will still be annotated.


Warning-[SDFCOM_IWSBA] INTERCONNECT will still be annotated
/MasterClass/M143010027_ALU/Hws/HW1/gate_level/FLP_adder/Delay/round2/timing.sdf, 492
module: XNR2D1BWP16P90, "instance: testbench.test_module.sub_56.U217"
  SDF Warning: INTERCONNECT from sub_56.U217.ZN to U1626.I1 has Instance at 
  /MasterClass/M143010027_ALU/Hws/HW1/gate_level/FLP_adder/Delay/round2/netlist.v:1412,
  delay will still be annotated.


Warning-[SDFCOM_IWSBA] INTERCONNECT will still be annotated
/MasterClass/M143010027_ALU/Hws/HW1/gate_level/FLP_adder/Delay/round2/timing.sdf, 505
module: XNR2D1BWP16P90, "instance: testbench.test_module.sub_56.U199"
  SDF Warning: INTERCONNECT from sub_56.U199.ZN to U1623.I1 has Instance at 
  /MasterClass/M143010027_ALU/Hws/HW1/gate_level/FLP_adder/Delay/round2/netlist.v:1412,
  delay will still be annotated.


Warning-[SDFCOM_IWSBA] INTERCONNECT will still be annotated
/MasterClass/M143010027_ALU/Hws/HW1/gate_level/FLP_adder/Delay/round2/timing.sdf, 517
module: XOR2D1BWP16P90LVT, "instance: testbench.test_module.sub_56.U218"
  SDF Warning: INTERCONNECT from sub_56.U218.Z to U1620.I1 has Instance at 
  /MasterClass/M143010027_ALU/Hws/HW1/gate_level/FLP_adder/Delay/round2/netlist.v:1412,
  delay will still be annotated.


Warning-[SDFCOM_IWSBA] INTERCONNECT will still be annotated
/MasterClass/M143010027_ALU/Hws/HW1/gate_level/FLP_adder/Delay/round2/timing.sdf, 526
module: XOR2D1BWP16P90LVT, "instance: testbench.test_module.sub_56.U125"
  SDF Warning: INTERCONNECT from sub_56.U125.Z to U1617.I1 has Instance at 
  /MasterClass/M143010027_ALU/Hws/HW1/gate_level/FLP_adder/Delay/round2/netlist.v:1412,
  delay will still be annotated.


Warning-[SDFCOM_IWSBA] INTERCONNECT will still be annotated
/MasterClass/M143010027_ALU/Hws/HW1/gate_level/FLP_adder/Delay/round2/timing.sdf, 541
module: XNR2D2BWP16P90LVT, "instance: testbench.test_module.sub_56.U126"
  SDF Warning: INTERCONNECT from sub_56.U126.ZN to U1613.I1 has Instance at 
  /MasterClass/M143010027_ALU/Hws/HW1/gate_level/FLP_adder/Delay/round2/netlist.v:1412,
  delay will still be annotated.


Warning-[SDFCOM_IWSBA] INTERCONNECT will still be annotated
/MasterClass/M143010027_ALU/Hws/HW1/gate_level/FLP_adder/Delay/round2/timing.sdf, 549
module: XNR2D1BWP16P90LVT, "instance: testbench.test_module.sub_56.U216"
  SDF Warning: INTERCONNECT from sub_56.U216.ZN to U1610.I1 has Instance at 
  /MasterClass/M143010027_ALU/Hws/HW1/gate_level/FLP_adder/Delay/round2/netlist.v:1412,
  delay will still be annotated.


Warning-[SDFCOM_IWSBA] INTERCONNECT will still be annotated
/MasterClass/M143010027_ALU/Hws/HW1/gate_level/FLP_adder/Delay/round2/timing.sdf, 557
module: XNR2D1BWP16P90, "instance: testbench.test_module.sub_56.U151"
  SDF Warning: INTERCONNECT from sub_56.U151.ZN to U1608.I1 has Instance at 
  /MasterClass/M143010027_ALU/Hws/HW1/gate_level/FLP_adder/Delay/round2/netlist.v:1412,
  delay will still be annotated.


Warning-[SDFCOM_IWSBA] INTERCONNECT will still be annotated
/MasterClass/M143010027_ALU/Hws/HW1/gate_level/FLP_adder/Delay/round2/timing.sdf, 560
module: XOR2D2BWP16P90LVT, "instance: testbench.test_module.sub_56.U160"
  SDF Warning: INTERCONNECT from sub_56.U160.Z to U1607.I1 has Instance at 
  /MasterClass/M143010027_ALU/Hws/HW1/gate_level/FLP_adder/Delay/round2/netlist.v:1412,
  delay will still be annotated.


Warning-[SDFCOM_IWSBA] INTERCONNECT will still be annotated
/MasterClass/M143010027_ALU/Hws/HW1/gate_level/FLP_adder/Delay/round2/timing.sdf, 563
module: XNR2D1BWP16P90LVT, "instance: testbench.test_module.sub_56.U214"
  SDF Warning: INTERCONNECT from sub_56.U214.ZN to U1606.I1 has Instance at 
  /MasterClass/M143010027_ALU/Hws/HW1/gate_level/FLP_adder/Delay/round2/netlist.v:1412,
  delay will still be annotated.


Warning-[SDFCOM_IWSBA] INTERCONNECT will still be annotated
/MasterClass/M143010027_ALU/Hws/HW1/gate_level/FLP_adder/Delay/round2/timing.sdf, 567
module: XOR2D2BWP16P90LVT, "instance: testbench.test_module.sub_56.U172"
  SDF Warning: INTERCONNECT from sub_56.U172.Z to U1604.A1 has Instance at 
  /MasterClass/M143010027_ALU/Hws/HW1/gate_level/FLP_adder/Delay/round2/netlist.v:1412,
  delay will still be annotated.


Warning-[SDFCOM_IWSBA] INTERCONNECT will still be annotated
/MasterClass/M143010027_ALU/Hws/HW1/gate_level/FLP_adder/Delay/round2/timing.sdf, 571
module: XOR2D2BWP16P90LVT, "instance: testbench.test_module.sub_56.U160"
  SDF Warning: INTERCONNECT from sub_56.U160.Z to U1603.A1 has Instance at 
  /MasterClass/M143010027_ALU/Hws/HW1/gate_level/FLP_adder/Delay/round2/netlist.v:1412,
  delay will still be annotated.


Warning-[SDFCOM_IWSBA] INTERCONNECT will still be annotated
/MasterClass/M143010027_ALU/Hws/HW1/gate_level/FLP_adder/Delay/round2/timing.sdf, 575
module: XNR2D1BWP16P90, "instance: testbench.test_module.sub_56.U151"
  SDF Warning: INTERCONNECT from sub_56.U151.ZN to U1602.A1 has Instance at 
  /MasterClass/M143010027_ALU/Hws/HW1/gate_level/FLP_adder/Delay/round2/netlist.v:1412,
  delay will still be annotated.


Warning-[SDFCOM_IWSBA] INTERCONNECT will still be annotated
/MasterClass/M143010027_ALU/Hws/HW1/gate_level/FLP_adder/Delay/round2/timing.sdf, 579
module: XOR2D1BWP16P90LVT, "instance: testbench.test_module.sub_56.U150"
  SDF Warning: INTERCONNECT from sub_56.U150.Z to U1601.A1 has Instance at 
  /MasterClass/M143010027_ALU/Hws/HW1/gate_level/FLP_adder/Delay/round2/netlist.v:1412,
  delay will still be annotated.


Warning-[SDFCOM_IWSBA] INTERCONNECT will still be annotated
/MasterClass/M143010027_ALU/Hws/HW1/gate_level/FLP_adder/Delay/round2/timing.sdf, 583
module: XOR2D1BWP16P90LVT, "instance: testbench.test_module.sub_56.U137"
  SDF Warning: INTERCONNECT from sub_56.U137.Z to U1600.A1 has Instance at 
  /MasterClass/M143010027_ALU/Hws/HW1/gate_level/FLP_adder/Delay/round2/netlist.v:1412,
  delay will still be annotated.


Warning-[SDFCOM_IWSBA] INTERCONNECT will still be annotated
/MasterClass/M143010027_ALU/Hws/HW1/gate_level/FLP_adder/Delay/round2/timing.sdf, 587
module: XOR2D2BWP16P90LVT, "instance: testbench.test_module.sub_56.U160"
  SDF Warning: INTERCONNECT from sub_56.U160.Z to U1599.A1 has Instance at 
  /MasterClass/M143010027_ALU/Hws/HW1/gate_level/FLP_adder/Delay/round2/netlist.v:1412,
  delay will still be annotated.


Warning-[SDFCOM_IWSBA] INTERCONNECT will still be annotated
/MasterClass/M143010027_ALU/Hws/HW1/gate_level/FLP_adder/Delay/round2/timing.sdf, 593
module: XOR2D2BWP16P90LVT, "instance: testbench.test_module.sub_56.U172"
  SDF Warning: INTERCONNECT from sub_56.U172.Z to U1597.A1 has Instance at 
  /MasterClass/M143010027_ALU/Hws/HW1/gate_level/FLP_adder/Delay/round2/netlist.v:1412,
  delay will still be annotated.


Warning-[SDFCOM_IWSBA] INTERCONNECT will still be annotated
/MasterClass/M143010027_ALU/Hws/HW1/gate_level/FLP_adder/Delay/round2/timing.sdf, 602
module: XOR2D1BWP16P90LVT, "instance: testbench.test_module.sub_56.U150"
  SDF Warning: INTERCONNECT from sub_56.U150.Z to U1595.I1 has Instance at 
  /MasterClass/M143010027_ALU/Hws/HW1/gate_level/FLP_adder/Delay/round2/netlist.v:1412,
  delay will still be annotated.


Warning-[SDFCOM_IWSBA] INTERCONNECT will still be annotated
/MasterClass/M143010027_ALU/Hws/HW1/gate_level/FLP_adder/Delay/round2/timing.sdf, 605
module: XOR2D2BWP16P90LVT, "instance: testbench.test_module.sub_56.U129"
  SDF Warning: INTERCONNECT from sub_56.U129.Z to U1594.I1 has Instance at 
  /MasterClass/M143010027_ALU/Hws/HW1/gate_level/FLP_adder/Delay/round2/netlist.v:1412,
  delay will still be annotated.


Warning-[SDFCOM_IWSBA] INTERCONNECT will still be annotated
/MasterClass/M143010027_ALU/Hws/HW1/gate_level/FLP_adder/Delay/round2/timing.sdf, 608
module: XOR2D2BWP16P90LVT, "instance: testbench.test_module.sub_56.U172"
  SDF Warning: INTERCONNECT from sub_56.U172.Z to U1593.I1 has Instance at 
  /MasterClass/M143010027_ALU/Hws/HW1/gate_level/FLP_adder/Delay/round2/netlist.v:1412,
  delay will still be annotated.


Warning-[SDFCOM_IWSBA] INTERCONNECT will still be annotated
/MasterClass/M143010027_ALU/Hws/HW1/gate_level/FLP_adder/Delay/round2/timing.sdf, 612
module: XOR2D2BWP16P90LVT, "instance: testbench.test_module.sub_56.U164"
  SDF Warning: INTERCONNECT from sub_56.U164.Z to U1591.A1 has Instance at 
  /MasterClass/M143010027_ALU/Hws/HW1/gate_level/FLP_adder/Delay/round2/netlist.v:1412,
  delay will still be annotated.


Warning-[SDFCOM_IWSBA] INTERCONNECT will still be annotated
/MasterClass/M143010027_ALU/Hws/HW1/gate_level/FLP_adder/Delay/round2/timing.sdf, 616
module: XOR2D2BWP16P90LVT, "instance: testbench.test_module.sub_56.U129"
  SDF Warning: INTERCONNECT from sub_56.U129.Z to U1590.A1 has Instance at 
  /MasterClass/M143010027_ALU/Hws/HW1/gate_level/FLP_adder/Delay/round2/netlist.v:1412,
  delay will still be annotated.


Warning-[SDFCOM_IWSBA] INTERCONNECT will still be annotated
/MasterClass/M143010027_ALU/Hws/HW1/gate_level/FLP_adder/Delay/round2/timing.sdf, 620
module: XOR2D1BWP16P90LVT, "instance: testbench.test_module.sub_56.U137"
  SDF Warning: INTERCONNECT from sub_56.U137.Z to U1589.A1 has Instance at 
  /MasterClass/M143010027_ALU/Hws/HW1/gate_level/FLP_adder/Delay/round2/netlist.v:1412,
  delay will still be annotated.


Warning-[SDFCOM_IWSBA] INTERCONNECT will still be annotated
/MasterClass/M143010027_ALU/Hws/HW1/gate_level/FLP_adder/Delay/round2/timing.sdf, 626
module: XOR2D2BWP16P90LVT, "instance: testbench.test_module.sub_56.U177"
  SDF Warning: INTERCONNECT from sub_56.U177.Z to U1587.A1 has Instance at 
  /MasterClass/M143010027_ALU/Hws/HW1/gate_level/FLP_adder/Delay/round2/netlist.v:1412,
  delay will still be annotated.


Warning-[SDFCOM_IWSBA] INTERCONNECT will still be annotated
/MasterClass/M143010027_ALU/Hws/HW1/gate_level/FLP_adder/Delay/round2/timing.sdf, 630
module: XOR2D2BWP16P90LVT, "instance: testbench.test_module.sub_56.U177"
  SDF Warning: INTERCONNECT from sub_56.U177.Z to U1586.A1 has Instance at 
  /MasterClass/M143010027_ALU/Hws/HW1/gate_level/FLP_adder/Delay/round2/netlist.v:1412,
  delay will still be annotated.


Warning-[SDFCOM_IWSBA] INTERCONNECT will still be annotated
/MasterClass/M143010027_ALU/Hws/HW1/gate_level/FLP_adder/Delay/round2/timing.sdf, 636
module: XOR2D2BWP16P90LVT, "instance: testbench.test_module.sub_56.U129"
  SDF Warning: INTERCONNECT from sub_56.U129.Z to U1584.A1 has Instance at 
  /MasterClass/M143010027_ALU/Hws/HW1/gate_level/FLP_adder/Delay/round2/netlist.v:1412,
  delay will still be annotated.


Warning-[SDFCOM_IWSBA] INTERCONNECT will still be annotated
/MasterClass/M143010027_ALU/Hws/HW1/gate_level/FLP_adder/Delay/round2/timing.sdf, 642
module: XOR2D2BWP16P90LVT, "instance: testbench.test_module.sub_56.U164"
  SDF Warning: INTERCONNECT from sub_56.U164.Z to U1582.A1 has Instance at 
  /MasterClass/M143010027_ALU/Hws/HW1/gate_level/FLP_adder/Delay/round2/netlist.v:1412,
  delay will still be annotated.


Warning-[SDFCOM_IWSBA] INTERCONNECT will still be annotated
/MasterClass/M143010027_ALU/Hws/HW1/gate_level/FLP_adder/Delay/round2/timing.sdf, 651
module: XOR2D2BWP16P90LVT, "instance: testbench.test_module.sub_56.U177"
  SDF Warning: INTERCONNECT from sub_56.U177.Z to U1580.I1 has Instance at 
  /MasterClass/M143010027_ALU/Hws/HW1/gate_level/FLP_adder/Delay/round2/netlist.v:1412,
  delay will still be annotated.


Warning-[SDFCOM_IWSBA] INTERCONNECT will still be annotated
/MasterClass/M143010027_ALU/Hws/HW1/gate_level/FLP_adder/Delay/round2/timing.sdf, 658
module: XOR2D2BWP16P90LVT, "instance: testbench.test_module.sub_56.U164"
  SDF Warning: INTERCONNECT from sub_56.U164.Z to U1578.I1 has Instance at 
  /MasterClass/M143010027_ALU/Hws/HW1/gate_level/FLP_adder/Delay/round2/netlist.v:1412,
  delay will still be annotated.


Warning-[SDFCOM_IWSBA] INTERCONNECT will still be annotated
/MasterClass/M143010027_ALU/Hws/HW1/gate_level/FLP_adder/Delay/round2/timing.sdf, 660
module: XOR2D4BWP16P90LVT, "instance: testbench.test_module.sub_56.U161"
  SDF Warning: INTERCONNECT from sub_56.U161.Z to U1577.A1 has Instance at 
  /MasterClass/M143010027_ALU/Hws/HW1/gate_level/FLP_adder/Delay/round2/netlist.v:1412,
  delay will still be annotated.


Warning-[SDFCOM_IWSBA] INTERCONNECT will still be annotated
/MasterClass/M143010027_ALU/Hws/HW1/gate_level/FLP_adder/Delay/round2/timing.sdf, 664
module: ND2D2BWP16P90LVT, "instance: testbench.test_module.sub_56.U138"
  SDF Warning: INTERCONNECT from sub_56.U138.ZN to U1576.A1 has Instance at 
  /MasterClass/M143010027_ALU/Hws/HW1/gate_level/FLP_adder/Delay/round2/netlist.v:1412,
  delay will still be annotated.


Warning-[SDFCOM_IWSBA] INTERCONNECT will still be annotated
/MasterClass/M143010027_ALU/Hws/HW1/gate_level/FLP_adder/Delay/round2/timing.sdf, 669
module: ND2D1BWP16P90LVT, "instance: testbench.test_module.sub_56.U155"
  SDF Warning: INTERCONNECT from sub_56.U155.ZN to U1575.I1 has Instance at 
  /MasterClass/M143010027_ALU/Hws/HW1/gate_level/FLP_adder/Delay/round2/netlist.v:1412,
  delay will still be annotated.


Warning-[SDFCOM_IWSBA] INTERCONNECT will still be annotated
/MasterClass/M143010027_ALU/Hws/HW1/gate_level/FLP_adder/Delay/round2/timing.sdf, 671
module: ND2D2BWP16P90LVT, "instance: testbench.test_module.sub_56.U138"
  SDF Warning: INTERCONNECT from sub_56.U138.ZN to U1574.A1 has Instance at 
  /MasterClass/M143010027_ALU/Hws/HW1/gate_level/FLP_adder/Delay/round2/netlist.v:1412,
  delay will still be annotated.


Warning-[SDFCOM_IWSBA] INTERCONNECT will still be annotated
/MasterClass/M143010027_ALU/Hws/HW1/gate_level/FLP_adder/Delay/round2/timing.sdf, 675
module: XOR2D4BWP16P90LVT, "instance: testbench.test_module.sub_56.U181"
  SDF Warning: INTERCONNECT from sub_56.U181.Z to U1573.A1 has Instance at 
  /MasterClass/M143010027_ALU/Hws/HW1/gate_level/FLP_adder/Delay/round2/netlist.v:1412,
  delay will still be annotated.


Warning-[SDFCOM_IWSBA] INTERCONNECT will still be annotated
/MasterClass/M143010027_ALU/Hws/HW1/gate_level/FLP_adder/Delay/round2/timing.sdf, 765
module: MUX2ND2BWP16P90, "instance: testbench.test_module.U706"
  SDF Warning: INTERCONNECT from U706.ZN to U1539.I1 has Instance at 
  /MasterClass/M143010027_ALU/Hws/HW1/gate_level/FLP_adder/Delay/round2/netlist.v:1375,
  delay will still be annotated.


Warning-[SDFCOM_IWSBA] INTERCONNECT will still be annotated
/MasterClass/M143010027_ALU/Hws/HW1/gate_level/FLP_adder/Delay/round2/timing.sdf, 768
module: XNR2D1BWP16P90, "instance: testbench.test_module.sub_55.U193"
  SDF Warning: INTERCONNECT from sub_55.U193.ZN to U1538.I1 has Instance at 
  /MasterClass/M143010027_ALU/Hws/HW1/gate_level/FLP_adder/Delay/round2/netlist.v:1375,
  delay will still be annotated.


Warning-[SDFCOM_IWSBA] INTERCONNECT will still be annotated
/MasterClass/M143010027_ALU/Hws/HW1/gate_level/FLP_adder/Delay/round2/timing.sdf, 771
module: XNR2D1BWP16P90, "instance: testbench.test_module.sub_55.U187"
  SDF Warning: INTERCONNECT from sub_55.U187.ZN to U1537.I1 has Instance at 
  /MasterClass/M143010027_ALU/Hws/HW1/gate_level/FLP_adder/Delay/round2/netlist.v:1375,
  delay will still be annotated.


Warning-[SDFCOM_IWSBA] INTERCONNECT will still be annotated
/MasterClass/M143010027_ALU/Hws/HW1/gate_level/FLP_adder/Delay/round2/timing.sdf, 774
module: XOR2D1BWP16P90LVT, "instance: testbench.test_module.sub_55.U183"
  SDF Warning: INTERCONNECT from sub_55.U183.Z to U1536.I1 has Instance at 
  /MasterClass/M143010027_ALU/Hws/HW1/gate_level/FLP_adder/Delay/round2/netlist.v:1375,
  delay will still be annotated.


Warning-[SDFCOM_IWSBA] INTERCONNECT will still be annotated
/MasterClass/M143010027_ALU/Hws/HW1/gate_level/FLP_adder/Delay/round2/timing.sdf, 777
module: XOR2D1BWP16P90, "instance: testbench.test_module.sub_55.U186"
  SDF Warning: INTERCONNECT from sub_55.U186.Z to U1535.I1 has Instance at 
  /MasterClass/M143010027_ALU/Hws/HW1/gate_level/FLP_adder/Delay/round2/netlist.v:1375,
  delay will still be annotated.


Warning-[SDFCOM_IWSBA] INTERCONNECT will still be annotated
/MasterClass/M143010027_ALU/Hws/HW1/gate_level/FLP_adder/Delay/round2/timing.sdf, 780
module: XNR2D1BWP16P90LVT, "instance: testbench.test_module.sub_55.U179"
  SDF Warning: INTERCONNECT from sub_55.U179.ZN to U1534.I1 has Instance at 
  /MasterClass/M143010027_ALU/Hws/HW1/gate_level/FLP_adder/Delay/round2/netlist.v:1375,
  delay will still be annotated.


Warning-[SDFCOM_IWSBA] INTERCONNECT will still be annotated
/MasterClass/M143010027_ALU/Hws/HW1/gate_level/FLP_adder/Delay/round2/timing.sdf, 783
module: XNR2D1BWP16P90LVT, "instance: testbench.test_module.sub_55.U184"
  SDF Warning: INTERCONNECT from sub_55.U184.ZN to U1533.I1 has Instance at 
  /MasterClass/M143010027_ALU/Hws/HW1/gate_level/FLP_adder/Delay/round2/netlist.v:1375,
  delay will still be annotated.


Warning-[SDFCOM_IWSBA] INTERCONNECT will still be annotated
/MasterClass/M143010027_ALU/Hws/HW1/gate_level/FLP_adder/Delay/round2/timing.sdf, 786
module: XNR2D1BWP16P90LVT, "instance: testbench.test_module.sub_55.U181"
  SDF Warning: INTERCONNECT from sub_55.U181.ZN to U1532.I1 has Instance at 
  /MasterClass/M143010027_ALU/Hws/HW1/gate_level/FLP_adder/Delay/round2/netlist.v:1375,
  delay will still be annotated.


Warning-[SDFCOM_IWSBA] INTERCONNECT will still be annotated
/MasterClass/M143010027_ALU/Hws/HW1/gate_level/FLP_adder/Delay/round2/timing.sdf, 789
module: XNR2D1BWP16P90, "instance: testbench.test_module.sub_55.U173"
  SDF Warning: INTERCONNECT from sub_55.U173.ZN to U1531.I1 has Instance at 
  /MasterClass/M143010027_ALU/Hws/HW1/gate_level/FLP_adder/Delay/round2/netlist.v:1375,
  delay will still be annotated.


Warning-[SDFCOM_IWSBA] INTERCONNECT will still be annotated
/MasterClass/M143010027_ALU/Hws/HW1/gate_level/FLP_adder/Delay/round2/timing.sdf, 792
module: XOR2D1BWP16P90LVT, "instance: testbench.test_module.sub_55.U149"
  SDF Warning: INTERCONNECT from sub_55.U149.Z to U1530.I1 has Instance at 
  /MasterClass/M143010027_ALU/Hws/HW1/gate_level/FLP_adder/Delay/round2/netlist.v:1375,
  delay will still be annotated.


Warning-[SDFCOM_IWSBA] INTERCONNECT will still be annotated
/MasterClass/M143010027_ALU/Hws/HW1/gate_level/FLP_adder/Delay/round2/timing.sdf, 795
module: XOR2D1BWP16P90LVT, "instance: testbench.test_module.sub_55.U152"
  SDF Warning: INTERCONNECT from sub_55.U152.Z to U1529.I1 has Instance at 
  /MasterClass/M143010027_ALU/Hws/HW1/gate_level/FLP_adder/Delay/round2/netlist.v:1375,
  delay will still be annotated.


Warning-[SDFCOM_IWSBA] INTERCONNECT will still be annotated
/MasterClass/M143010027_ALU/Hws/HW1/gate_level/FLP_adder/Delay/round2/timing.sdf, 798
module: XOR2D1BWP16P90LVT, "instance: testbench.test_module.sub_55.U154"
  SDF Warning: INTERCONNECT from sub_55.U154.Z to U1528.I1 has Instance at 
  /MasterClass/M143010027_ALU/Hws/HW1/gate_level/FLP_adder/Delay/round2/netlist.v:1375,
  delay will still be annotated.


Warning-[SDFCOM_IWSBA] INTERCONNECT will still be annotated
/MasterClass/M143010027_ALU/Hws/HW1/gate_level/FLP_adder/Delay/round2/timing.sdf, 801
module: XOR2D1BWP16P90LVT, "instance: testbench.test_module.sub_55.U157"
  SDF Warning: INTERCONNECT from sub_55.U157.Z to U1527.I1 has Instance at 
  /MasterClass/M143010027_ALU/Hws/HW1/gate_level/FLP_adder/Delay/round2/netlist.v:1375,
  delay will still be annotated.


Warning-[SDFCOM_IWSBA] INTERCONNECT will still be annotated
/MasterClass/M143010027_ALU/Hws/HW1/gate_level/FLP_adder/Delay/round2/timing.sdf, 804
module: XOR2D1BWP16P90LVT, "instance: testbench.test_module.sub_55.U158"
  SDF Warning: INTERCONNECT from sub_55.U158.Z to U1526.I1 has Instance at 
  /MasterClass/M143010027_ALU/Hws/HW1/gate_level/FLP_adder/Delay/round2/netlist.v:1375,
  delay will still be annotated.


Warning-[SDFCOM_IWSBA] INTERCONNECT will still be annotated
/MasterClass/M143010027_ALU/Hws/HW1/gate_level/FLP_adder/Delay/round2/timing.sdf, 807
module: XOR2D1BWP16P90LVT, "instance: testbench.test_module.sub_55.U162"
  SDF Warning: INTERCONNECT from sub_55.U162.Z to U1525.I1 has Instance at 
  /MasterClass/M143010027_ALU/Hws/HW1/gate_level/FLP_adder/Delay/round2/netlist.v:1375,
  delay will still be annotated.


Warning-[SDFCOM_IWSBA] INTERCONNECT will still be annotated
/MasterClass/M143010027_ALU/Hws/HW1/gate_level/FLP_adder/Delay/round2/timing.sdf, 810
module: XOR2D1BWP16P90LVT, "instance: testbench.test_module.sub_55.U160"
  SDF Warning: INTERCONNECT from sub_55.U160.Z to U1524.I1 has Instance at 
  /MasterClass/M143010027_ALU/Hws/HW1/gate_level/FLP_adder/Delay/round2/netlist.v:1375,
  delay will still be annotated.


Warning-[SDFCOM_IWSBA] INTERCONNECT will still be annotated
/MasterClass/M143010027_ALU/Hws/HW1/gate_level/FLP_adder/Delay/round2/timing.sdf, 813
module: XNR2D1BWP16P90, "instance: testbench.test_module.sub_55.U126"
  SDF Warning: INTERCONNECT from sub_55.U126.ZN to U1523.I1 has Instance at 
  /MasterClass/M143010027_ALU/Hws/HW1/gate_level/FLP_adder/Delay/round2/netlist.v:1375,
  delay will still be annotated.


Warning-[SDFCOM_IWSBA] INTERCONNECT will still be annotated
/MasterClass/M143010027_ALU/Hws/HW1/gate_level/FLP_adder/Delay/round2/timing.sdf, 816
module: XOR2D1BWP16P90LVT, "instance: testbench.test_module.sub_55.U172"
  SDF Warning: INTERCONNECT from sub_55.U172.Z to U1522.I1 has Instance at 
  /MasterClass/M143010027_ALU/Hws/HW1/gate_level/FLP_adder/Delay/round2/netlist.v:1375,
  delay will still be annotated.


Warning-[SDFCOM_IWSBA] INTERCONNECT will still be annotated
/MasterClass/M143010027_ALU/Hws/HW1/gate_level/FLP_adder/Delay/round2/timing.sdf, 819
module: XOR2D1BWP16P90LVT, "instance: testbench.test_module.sub_55.U168"
  SDF Warning: INTERCONNECT from sub_55.U168.Z to U1521.I1 has Instance at 
  /MasterClass/M143010027_ALU/Hws/HW1/gate_level/FLP_adder/Delay/round2/netlist.v:1375,
  delay will still be annotated.


Warning-[SDFCOM_IWSBA] INTERCONNECT will still be annotated
/MasterClass/M143010027_ALU/Hws/HW1/gate_level/FLP_adder/Delay/round2/timing.sdf, 822
module: XOR2D1BWP16P90LVT, "instance: testbench.test_module.sub_55.U171"
  SDF Warning: INTERCONNECT from sub_55.U171.Z to U1520.I1 has Instance at 
  /MasterClass/M143010027_ALU/Hws/HW1/gate_level/FLP_adder/Delay/round2/netlist.v:1375,
  delay will still be annotated.


Warning-[SDFCOM_IWSBA] INTERCONNECT will still be annotated
/MasterClass/M143010027_ALU/Hws/HW1/gate_level/FLP_adder/Delay/round2/timing.sdf, 825
module: XOR2D1BWP16P90LVT, "instance: testbench.test_module.sub_55.U170"
  SDF Warning: INTERCONNECT from sub_55.U170.Z to U1519.I1 has Instance at 
  /MasterClass/M143010027_ALU/Hws/HW1/gate_level/FLP_adder/Delay/round2/netlist.v:1375,
  delay will still be annotated.


Warning-[SDFCOM_IWSBA] INTERCONNECT will still be annotated
/MasterClass/M143010027_ALU/Hws/HW1/gate_level/FLP_adder/Delay/round2/timing.sdf, 828
module: XOR2D1BWP16P90LVT, "instance: testbench.test_module.sub_55.U176"
  SDF Warning: INTERCONNECT from sub_55.U176.Z to U1518.I1 has Instance at 
  /MasterClass/M143010027_ALU/Hws/HW1/gate_level/FLP_adder/Delay/round2/netlist.v:1375,
  delay will still be annotated.


Warning-[SDFCOM_IWSBA] INTERCONNECT will still be annotated
/MasterClass/M143010027_ALU/Hws/HW1/gate_level/FLP_adder/Delay/round2/timing.sdf, 831
module: XOR2D1BWP16P90LVT, "instance: testbench.test_module.sub_55.U178"
  SDF Warning: INTERCONNECT from sub_55.U178.Z to U1517.I1 has Instance at 
  /MasterClass/M143010027_ALU/Hws/HW1/gate_level/FLP_adder/Delay/round2/netlist.v:1375,
  delay will still be annotated.


Warning-[SDFCOM_IWSBA] INTERCONNECT will still be annotated
/MasterClass/M143010027_ALU/Hws/HW1/gate_level/FLP_adder/Delay/round2/timing.sdf, 833
module: INR2D1BWP16P90, "instance: testbench.test_module.sub_55.U195"
  SDF Warning: INTERCONNECT from sub_55.U195.ZN to U1516.A1 has Instance at 
  /MasterClass/M143010027_ALU/Hws/HW1/gate_level/FLP_adder/Delay/round2/netlist.v:1375,
  delay will still be annotated.


Warning-[SDFCOM_IWSBA] INTERCONNECT will still be annotated
/MasterClass/M143010027_ALU/Hws/HW1/gate_level/FLP_adder/Delay/round2/timing.sdf, 1307
module: XNR2D8BWP16P90LVT, "instance: testbench.test_module.add_95.U195"
  SDF Warning: INTERCONNECT from add_95.U195.ZN to U1275.A1 has Instance at 
  /MasterClass/M143010027_ALU/Hws/HW1/gate_level/FLP_adder/Delay/round2/netlist.v:1385,
  delay will still be annotated.


Warning-[SDFCOM_IWSBA] INTERCONNECT will still be annotated
/MasterClass/M143010027_ALU/Hws/HW1/gate_level/FLP_adder/Delay/round2/timing.sdf, 1345
module: XOR2D4BWP16P90LVT, "instance: testbench.test_module.sub_56.U161"
  SDF Warning: INTERCONNECT from sub_56.U161.Z to U1265.A1 has Instance at 
  /MasterClass/M143010027_ALU/Hws/HW1/gate_level/FLP_adder/Delay/round2/netlist.v:1412,
  delay will still be annotated.


Warning-[SDFCOM_IWSBA] INTERCONNECT will still be annotated
/MasterClass/M143010027_ALU/Hws/HW1/gate_level/FLP_adder/Delay/round2/timing.sdf, 1381
module: ND2D2BWP16P90LVT, "instance: testbench.test_module.sub_56.U193"
  SDF Warning: INTERCONNECT from sub_56.U193.ZN to U1254.I has Instance at 
  /MasterClass/M143010027_ALU/Hws/HW1/gate_level/FLP_adder/Delay/round2/netlist.v:1412,
  delay will still be annotated.


Warning-[SDFCOM_IWSBA] INTERCONNECT will still be annotated
/MasterClass/M143010027_ALU/Hws/HW1/gate_level/FLP_adder/Delay/round2/timing.sdf, 1406
module: ND2D1BWP16P90LVT, "instance: testbench.test_module.sub_56.U155"
  SDF Warning: INTERCONNECT from sub_56.U155.ZN to U1243.A1 has Instance at 
  /MasterClass/M143010027_ALU/Hws/HW1/gate_level/FLP_adder/Delay/round2/netlist.v:1412,
  delay will still be annotated.


Warning-[SDFCOM_SWC] Simple Wire Connection
/MasterClass/M143010027_ALU/Hws/HW1/gate_level/FLP_adder/Delay/round2/timing.sdf, 1420
module: ND2D1BWP16P90LVT, "instance: testbench.test_module.U747"
  SDF Warning: The path from U747.ZN to U1237.I0 doesn't have a simple wire 
  connection, delay will still be annotated.


Warning-[SDFCOM_IWSBA] INTERCONNECT will still be annotated
/MasterClass/M143010027_ALU/Hws/HW1/gate_level/FLP_adder/Delay/round2/timing.sdf, 1421
module: ND2D1BWP16P90LVT, "instance: testbench.test_module.U747"
  SDF Warning: INTERCONNECT from U747.ZN to U1237.I1 has Instance at 
  /MasterClass/M143010027_ALU/Hws/HW1/gate_level/FLP_adder/Delay/round2/netlist.v:1408,
  delay will still be annotated.


Warning-[SDFCOM_IWSBA] INTERCONNECT will still be annotated
/MasterClass/M143010027_ALU/Hws/HW1/gate_level/FLP_adder/Delay/round2/timing.sdf, 1432
module: XOR2D1BWP16P90LVT, "instance: testbench.test_module.sub_56.U150"
  SDF Warning: INTERCONNECT from sub_56.U150.Z to U1231.A1 has Instance at 
  /MasterClass/M143010027_ALU/Hws/HW1/gate_level/FLP_adder/Delay/round2/netlist.v:1412,
  delay will still be annotated.


Warning-[SDFCOM_IWSBA] INTERCONNECT will still be annotated
/MasterClass/M143010027_ALU/Hws/HW1/gate_level/FLP_adder/Delay/round2/timing.sdf, 1528
module: XNR2D8BWP16P90LVT, "instance: testbench.test_module.add_95.U195"
  SDF Warning: INTERCONNECT from add_95.U195.ZN to U1188.I has Instance at 
  /MasterClass/M143010027_ALU/Hws/HW1/gate_level/FLP_adder/Delay/round2/netlist.v:1385,
  delay will still be annotated.


Warning-[SDFCOM_IWSBA] INTERCONNECT will still be annotated
/MasterClass/M143010027_ALU/Hws/HW1/gate_level/FLP_adder/Delay/round2/timing.sdf, 1529
module: XNR2D8BWP16P90LVT, "instance: testbench.test_module.add_95.U195"
  SDF Warning: INTERCONNECT from add_95.U195.ZN to U1187.A1 has Instance at 
  /MasterClass/M143010027_ALU/Hws/HW1/gate_level/FLP_adder/Delay/round2/netlist.v:1385,
  delay will still be annotated.


Warning-[SDFCOM_IWSBA] INTERCONNECT will still be annotated
/MasterClass/M143010027_ALU/Hws/HW1/gate_level/FLP_adder/Delay/round2/timing.sdf, 1651
module: XOR2D4BWP16P90LVT, "instance: testbench.test_module.sub_56.U181"
  SDF Warning: INTERCONNECT from sub_56.U181.Z to U1142.A1 has Instance at 
  /MasterClass/M143010027_ALU/Hws/HW1/gate_level/FLP_adder/Delay/round2/netlist.v:1412,
  delay will still be annotated.


Warning-[SDFCOM_IWSBA] INTERCONNECT will still be annotated
/MasterClass/M143010027_ALU/Hws/HW1/gate_level/FLP_adder/Delay/round2/timing.sdf, 1657
module: INR2D2BWP16P90LVT, "instance: testbench.test_module.sub_56.U153"
  SDF Warning: INTERCONNECT from sub_56.U153.ZN to U1140.A2 has Instance at 
  /MasterClass/M143010027_ALU/Hws/HW1/gate_level/FLP_adder/Delay/round2/netlist.v:1412,
  delay will still be annotated.


Warning-[SDFCOM_IWSBA] INTERCONNECT will still be annotated
/MasterClass/M143010027_ALU/Hws/HW1/gate_level/FLP_adder/Delay/round2/timing.sdf, 2348
module: INR2D2BWP16P90LVT, "instance: testbench.test_module.sub_56.U153"
  SDF Warning: INTERCONNECT from sub_56.U153.ZN to U807.I has Instance at 
  /MasterClass/M143010027_ALU/Hws/HW1/gate_level/FLP_adder/Delay/round2/netlist.v:1412,
  delay will still be annotated.


Warning-[SDFCOM_IWSBA] INTERCONNECT will still be annotated
/MasterClass/M143010027_ALU/Hws/HW1/gate_level/FLP_adder/Delay/round2/timing.sdf, 2352
module: ND2D2BWP16P90LVT, "instance: testbench.test_module.sub_56.U138"
  SDF Warning: INTERCONNECT from sub_56.U138.ZN to U805.I1 has Instance at 
  /MasterClass/M143010027_ALU/Hws/HW1/gate_level/FLP_adder/Delay/round2/netlist.v:1412,
  delay will still be annotated.


Warning-[SDFCOM_IWSBA] INTERCONNECT will still be annotated
/MasterClass/M143010027_ALU/Hws/HW1/gate_level/FLP_adder/Delay/round2/timing.sdf, 2564
module: XOR2D4BWP16P90LVT, "instance: testbench.test_module.sub_56.U161"
  SDF Warning: INTERCONNECT from sub_56.U161.Z to U709.I1 has Instance at 
  /MasterClass/M143010027_ALU/Hws/HW1/gate_level/FLP_adder/Delay/round2/netlist.v:1412,
  delay will still be annotated.


Warning-[SDFCOM_IWSBA] INTERCONNECT will still be annotated
/MasterClass/M143010027_ALU/Hws/HW1/gate_level/FLP_adder/Delay/round2/timing.sdf, 2655
module: XOR2D1BWP16P90LVT, "instance: testbench.test_module.sub_56.U139"
  SDF Warning: INTERCONNECT from sub_56.U139.Z to U674.B1 has Instance at 
  /MasterClass/M143010027_ALU/Hws/HW1/gate_level/FLP_adder/Delay/round2/netlist.v:1412,
  delay will still be annotated.


Warning-[SDFCOM_IWSBA] INTERCONNECT will still be annotated
/MasterClass/M143010027_ALU/Hws/HW1/gate_level/FLP_adder/Delay/round2/timing.sdf, 2733
module: XOR2D1BWP16P90LVT, "instance: testbench.test_module.sub_56.U139"
  SDF Warning: INTERCONNECT from sub_56.U139.Z to U635.I1 has Instance at 
  /MasterClass/M143010027_ALU/Hws/HW1/gate_level/FLP_adder/Delay/round2/netlist.v:1412,
  delay will still be annotated.


Warning-[SDFCOM_IWSBA] INTERCONNECT will still be annotated
/MasterClass/M143010027_ALU/Hws/HW1/gate_level/FLP_adder/Delay/round2/timing.sdf, 2767
module: ND2D2BWP16P90LVT, "instance: testbench.test_module.sub_56.U193"
  SDF Warning: INTERCONNECT from sub_56.U193.ZN to U620.I1 has Instance at 
  /MasterClass/M143010027_ALU/Hws/HW1/gate_level/FLP_adder/Delay/round2/netlist.v:1412,
  delay will still be annotated.


Warning-[SDFCOM_IWSBA] INTERCONNECT will still be annotated
/MasterClass/M143010027_ALU/Hws/HW1/gate_level/FLP_adder/Delay/round2/timing.sdf, 2787
module: XOR2D4BWP16P90LVT, "instance: testbench.test_module.sub_56.U181"
  SDF Warning: INTERCONNECT from sub_56.U181.Z to U610.I1 has Instance at 
  /MasterClass/M143010027_ALU/Hws/HW1/gate_level/FLP_adder/Delay/round2/netlist.v:1412,
  delay will still be annotated.


Warning-[SDFCOM_IWSBA] INTERCONNECT will still be annotated
/MasterClass/M143010027_ALU/Hws/HW1/gate_level/FLP_adder/Delay/round2/timing.sdf, 2790
module: XOR2D1BWP16P90LVT, "instance: testbench.test_module.sub_56.U137"
  SDF Warning: INTERCONNECT from sub_56.U137.Z to U609.I1 has Instance at 
  /MasterClass/M143010027_ALU/Hws/HW1/gate_level/FLP_adder/Delay/round2/netlist.v:1412,
  delay will still be annotated.


Warning-[SDFCOM_IWSBA] INTERCONNECT will still be annotated
/MasterClass/M143010027_ALU/Hws/HW1/gate_level/FLP_adder/Delay/round2/timing.sdf, 2895
module: XOR2D4BWP16P90LVT, "instance: testbench.test_module.sub_56.U176"
  SDF Warning: INTERCONNECT from sub_56.U176.Z to U565.I1 has Instance at 
  /MasterClass/M143010027_ALU/Hws/HW1/gate_level/FLP_adder/Delay/round2/netlist.v:1412,
  delay will still be annotated.


Warning-[SDFCOM_IWSBA] INTERCONNECT will still be annotated
/MasterClass/M143010027_ALU/Hws/HW1/gate_level/FLP_adder/Delay/round2/timing.sdf, 3216
module: XOR2D4BWP16P90LVT, "instance: testbench.test_module.sub_56.U176"
  SDF Warning: INTERCONNECT from sub_56.U176.Z to U428.I has Instance at 
  /MasterClass/M143010027_ALU/Hws/HW1/gate_level/FLP_adder/Delay/round2/netlist.v:1412,
  delay will still be annotated.


Warning-[SDFCOM_SWC] Simple Wire Connection
/MasterClass/M143010027_ALU/Hws/HW1/gate_level/FLP_adder/Delay/round2/timing.sdf, 3290
module: OAI211D2BWP16P90LVT, "instance: testbench.test_module.U534"
  SDF Warning: The path from U534.ZN to add_60.U489.A1 doesn't have a simple 
  wire connection, delay will still be annotated.


Warning-[SDFCOM_SWC] Simple Wire Connection
/MasterClass/M143010027_ALU/Hws/HW1/gate_level/FLP_adder/Delay/round2/timing.sdf, 3291
module: MUX2D1BWP16P90LVT, "instance: testbench.test_module.U1532"
  SDF Warning: The path from U1532.Z to add_60.U489.A2 doesn't have a simple 
  wire connection, delay will still be annotated.


Warning-[SDFCOM_SWC] Simple Wire Connection
/MasterClass/M143010027_ALU/Hws/HW1/gate_level/FLP_adder/Delay/round2/timing.sdf, 3297
module: OAI211D2BWP16P90LVT, "instance: testbench.test_module.U1277"
  SDF Warning: The path from U1277.ZN to add_60.U485.A1 doesn't have a simple 
  wire connection, delay will still be annotated.


Warning-[SDFCOM_SWC] Simple Wire Connection
/MasterClass/M143010027_ALU/Hws/HW1/gate_level/FLP_adder/Delay/round2/timing.sdf, 3298
module: MUX2D1BWP16P90LVT, "instance: testbench.test_module.U1534"
  SDF Warning: The path from U1534.Z to add_60.U485.A2 doesn't have a simple 
  wire connection, delay will still be annotated.


Warning-[SDFCOM_SWC] Simple Wire Connection
/MasterClass/M143010027_ALU/Hws/HW1/gate_level/FLP_adder/Delay/round2/timing.sdf, 3301
module: OAI21D1BWP16P90LVT, "instance: testbench.test_module.U1566"
  SDF Warning: The path from U1566.ZN to add_60.U482.A1 doesn't have a simple 
  wire connection, delay will still be annotated.


Warning-[SDFCOM_SWC] Simple Wire Connection
/MasterClass/M143010027_ALU/Hws/HW1/gate_level/FLP_adder/Delay/round2/timing.sdf, 3302
module: MUX2D1BWP16P90LVT, "instance: testbench.test_module.U1520"
  SDF Warning: The path from U1520.Z to add_60.U482.A2 doesn't have a simple 
  wire connection, delay will still be annotated.


Warning-[SDFCOM_SWC] Simple Wire Connection
/MasterClass/M143010027_ALU/Hws/HW1/gate_level/FLP_adder/Delay/round2/timing.sdf, 3314
module: IOAI21D1BWP16P90LVT, "instance: testbench.test_module.U889"
  SDF Warning: The path from U889.ZN to add_60.U476.A1 doesn't have a simple 
  wire connection, delay will still be annotated.


Warning-[SDFCOM_SWC] Simple Wire Connection
/MasterClass/M143010027_ALU/Hws/HW1/gate_level/FLP_adder/Delay/round2/timing.sdf, 3315
module: MUX2D1BWP16P90LVT, "instance: testbench.test_module.U1522"
  SDF Warning: The path from U1522.Z to add_60.U476.A2 doesn't have a simple 
  wire connection, delay will still be annotated.


Warning-[SDFCOM_SWC] Simple Wire Connection
/MasterClass/M143010027_ALU/Hws/HW1/gate_level/FLP_adder/Delay/round2/timing.sdf, 3333
module: OAI21D1BWP16P90LVT, "instance: testbench.test_module.U1552"
  SDF Warning: The path from U1552.ZN to add_60.U463.A1 doesn't have a simple 
  wire connection, delay will still be annotated.


Warning-[SDFCOM_SWC] Simple Wire Connection
/MasterClass/M143010027_ALU/Hws/HW1/gate_level/FLP_adder/Delay/round2/timing.sdf, 3334
module: MUX2D1BWP16P90LVT, "instance: testbench.test_module.U1517"
  SDF Warning: The path from U1517.Z to add_60.U463.A2 doesn't have a simple 
  wire connection, delay will still be annotated.


Warning-[SDFCOM_SWC] Simple Wire Connection
/MasterClass/M143010027_ALU/Hws/HW1/gate_level/FLP_adder/Delay/round2/timing.sdf, 3338
module: CKND16BWP16P90LVT, "instance: testbench.test_module.U539"
  SDF Warning: The path from U539.ZN to add_60.U460.I doesn't have a simple 
  wire connection, delay will still be annotated.


Warning-[SDFCOM_SWC] Simple Wire Connection
/MasterClass/M143010027_ALU/Hws/HW1/gate_level/FLP_adder/Delay/round2/timing.sdf, 3339
module: MUX2ND2BWP16P90LVT, "instance: testbench.test_module.U630"
  SDF Warning: The path from U630.ZN to add_60.U459.I doesn't have a simple 
  wire connection, delay will still be annotated.


Warning-[SDFCOM_SWC] Simple Wire Connection
/MasterClass/M143010027_ALU/Hws/HW1/gate_level/FLP_adder/Delay/round2/timing.sdf, 3340
module: OAI21D1BWP16P90LVT, "instance: testbench.test_module.U1552"
  SDF Warning: The path from U1552.ZN to add_60.U458.A1 doesn't have a simple 
  wire connection, delay will still be annotated.


Warning-[SDFCOM_SWC] Simple Wire Connection
/MasterClass/M143010027_ALU/Hws/HW1/gate_level/FLP_adder/Delay/round2/timing.sdf, 3341
module: MUX2D1BWP16P90LVT, "instance: testbench.test_module.U1517"
  SDF Warning: The path from U1517.Z to add_60.U458.A2 doesn't have a simple 
  wire connection, delay will still be annotated.


Warning-[SDFCOM_SWC] Simple Wire Connection
/MasterClass/M143010027_ALU/Hws/HW1/gate_level/FLP_adder/Delay/round2/timing.sdf, 3342
module: OAI211D2BWP16P90LVT, "instance: testbench.test_module.U534"
  SDF Warning: The path from U534.ZN to add_60.U457.A1 doesn't have a simple 
  wire connection, delay will still be annotated.


Warning-[SDFCOM_SWC] Simple Wire Connection
/MasterClass/M143010027_ALU/Hws/HW1/gate_level/FLP_adder/Delay/round2/timing.sdf, 3343
module: MUX2D1BWP16P90LVT, "instance: testbench.test_module.U1532"
  SDF Warning: The path from U1532.Z to add_60.U457.A2 doesn't have a simple 
  wire connection, delay will still be annotated.


Warning-[SDFCOM_SWC] Simple Wire Connection
/MasterClass/M143010027_ALU/Hws/HW1/gate_level/FLP_adder/Delay/round2/timing.sdf, 3350
module: OAI21D1BWP16P90LVT, "instance: testbench.test_module.U1554"
  SDF Warning: The path from U1554.ZN to add_60.U451.A1 doesn't have a simple 
  wire connection, delay will still be annotated.


Warning-[SDFCOM_SWC] Simple Wire Connection
/MasterClass/M143010027_ALU/Hws/HW1/gate_level/FLP_adder/Delay/round2/timing.sdf, 3351
module: MUX2D1BWP16P90LVT, "instance: testbench.test_module.U1518"
  SDF Warning: The path from U1518.Z to add_60.U451.A2 doesn't have a simple 
  wire connection, delay will still be annotated.


Warning-[SDFCOM_SWC] Simple Wire Connection
/MasterClass/M143010027_ALU/Hws/HW1/gate_level/FLP_adder/Delay/round2/timing.sdf, 3371
module: OAI21D2BWP16P90LVT, "instance: testbench.test_module.U1266"
  SDF Warning: The path from U1266.ZN to add_60.U442.A1 doesn't have a simple 
  wire connection, delay will still be annotated.


Warning-[SDFCOM_SWC] Simple Wire Connection
/MasterClass/M143010027_ALU/Hws/HW1/gate_level/FLP_adder/Delay/round2/timing.sdf, 3372
module: MUX2D1BWP16P90LVT, "instance: testbench.test_module.U1531"
  SDF Warning: The path from U1531.Z to add_60.U442.A2 doesn't have a simple 
  wire connection, delay will still be annotated.


Warning-[SDFCOM_SWC] Simple Wire Connection
/MasterClass/M143010027_ALU/Hws/HW1/gate_level/FLP_adder/Delay/round2/timing.sdf, 3373
module: ND3D2BWP16P90LVT, "instance: testbench.test_module.U698"
  SDF Warning: The path from U698.ZN to add_60.U441.A1 doesn't have a simple 
  wire connection, delay will still be annotated.


Warning-[SDFCOM_SWC] Simple Wire Connection
/MasterClass/M143010027_ALU/Hws/HW1/gate_level/FLP_adder/Delay/round2/timing.sdf, 3374
module: MUX2D1BWP16P90LVT, "instance: testbench.test_module.U1538"
  SDF Warning: The path from U1538.Z to add_60.U441.A2 doesn't have a simple 
  wire connection, delay will still be annotated.


Warning-[SDFCOM_SWC] Simple Wire Connection
/MasterClass/M143010027_ALU/Hws/HW1/gate_level/FLP_adder/Delay/round2/timing.sdf, 3431
module: ND3D4BWP16P90LVT, "instance: testbench.test_module.U1015"
  SDF Warning: The path from U1015.ZN to add_60.U412.A1 doesn't have a simple 
  wire connection, delay will still be annotated.


Warning-[SDFCOM_SWC] Simple Wire Connection
/MasterClass/M143010027_ALU/Hws/HW1/gate_level/FLP_adder/Delay/round2/timing.sdf, 3432
module: MUX2D1BWP16P90LVT, "instance: testbench.test_module.U1537"
  SDF Warning: The path from U1537.Z to add_60.U412.A2 doesn't have a simple 
  wire connection, delay will still be annotated.


Warning-[SDFCOM_SWC] Simple Wire Connection
/MasterClass/M143010027_ALU/Hws/HW1/gate_level/FLP_adder/Delay/round2/timing.sdf, 3433
module: ND3D4BWP16P90LVT, "instance: testbench.test_module.U1015"
  SDF Warning: The path from U1015.ZN to add_60.U411.A1 doesn't have a simple 
  wire connection, delay will still be annotated.


Warning-[SDFCOM_SWC] Simple Wire Connection
/MasterClass/M143010027_ALU/Hws/HW1/gate_level/FLP_adder/Delay/round2/timing.sdf, 3434
module: MUX2D1BWP16P90LVT, "instance: testbench.test_module.U1537"
  SDF Warning: The path from U1537.Z to add_60.U411.A2 doesn't have a simple 
  wire connection, delay will still be annotated.


Warning-[SDFCOM_SWC] Simple Wire Connection
/MasterClass/M143010027_ALU/Hws/HW1/gate_level/FLP_adder/Delay/round2/timing.sdf, 3437
module: OAI21D2BWP16P90LVT, "instance: testbench.test_module.U1266"
  SDF Warning: The path from U1266.ZN to add_60.U409.A1 doesn't have a simple 
  wire connection, delay will still be annotated.


Warning-[SDFCOM_SWC] Simple Wire Connection
/MasterClass/M143010027_ALU/Hws/HW1/gate_level/FLP_adder/Delay/round2/timing.sdf, 3438
module: MUX2D1BWP16P90LVT, "instance: testbench.test_module.U1531"
  SDF Warning: The path from U1531.Z to add_60.U409.A2 doesn't have a simple 
  wire connection, delay will still be annotated.


Warning-[SDFCOM_SWC] Simple Wire Connection
/MasterClass/M143010027_ALU/Hws/HW1/gate_level/FLP_adder/Delay/round2/timing.sdf, 3450
module: OAI221D2BWP16P90LVT, "instance: testbench.test_module.U533"
  SDF Warning: The path from U533.ZN to add_60.U404.A1 doesn't have a simple 
  wire connection, delay will still be annotated.


Warning-[SDFCOM_SWC] Simple Wire Connection
/MasterClass/M143010027_ALU/Hws/HW1/gate_level/FLP_adder/Delay/round2/timing.sdf, 3451
module: MUX2D1BWP16P90LVT, "instance: testbench.test_module.U1524"
  SDF Warning: The path from U1524.Z to add_60.U404.A2 doesn't have a simple 
  wire connection, delay will still be annotated.


Warning-[SDFCOM_SWC] Simple Wire Connection
/MasterClass/M143010027_ALU/Hws/HW1/gate_level/FLP_adder/Delay/round2/timing.sdf, 3455
module: OAI221D1BWP16P90LVT, "instance: testbench.test_module.U1463"
  SDF Warning: The path from U1463.ZN to add_60.U402.A1 doesn't have a simple 
  wire connection, delay will still be annotated.


Warning-[SDFCOM_SWC] Simple Wire Connection
/MasterClass/M143010027_ALU/Hws/HW1/gate_level/FLP_adder/Delay/round2/timing.sdf, 3456
module: MUX2D1BWP16P90LVT, "instance: testbench.test_module.U1526"
  SDF Warning: The path from U1526.Z to add_60.U402.A2 doesn't have a simple 
  wire connection, delay will still be annotated.


Warning-[SDFCOM_SWC] Simple Wire Connection
/MasterClass/M143010027_ALU/Hws/HW1/gate_level/FLP_adder/Delay/round2/timing.sdf, 3461
module: OAI221D2BWP16P90LVT, "instance: testbench.test_module.U516"
  SDF Warning: The path from U516.ZN to add_60.U399.A1 doesn't have a simple 
  wire connection, delay will still be annotated.


Warning-[SDFCOM_SWC] Simple Wire Connection
/MasterClass/M143010027_ALU/Hws/HW1/gate_level/FLP_adder/Delay/round2/timing.sdf, 3462
module: MUX2D1BWP16P90LVT, "instance: testbench.test_module.U1528"
  SDF Warning: The path from U1528.Z to add_60.U399.A2 doesn't have a simple 
  wire connection, delay will still be annotated.


Warning-[SDFCOM_SWC] Simple Wire Connection
/MasterClass/M143010027_ALU/Hws/HW1/gate_level/FLP_adder/Delay/round2/timing.sdf, 3463
module: OAI221D1BWP16P90LVT, "instance: testbench.test_module.U559"
  SDF Warning: The path from U559.ZN to add_60.U398.A1 doesn't have a simple 
  wire connection, delay will still be annotated.


Warning-[SDFCOM_SWC] Simple Wire Connection
/MasterClass/M143010027_ALU/Hws/HW1/gate_level/FLP_adder/Delay/round2/timing.sdf, 3464
module: MUX2D1BWP16P90LVT, "instance: testbench.test_module.U1527"
  SDF Warning: The path from U1527.Z to add_60.U398.A2 doesn't have a simple 
  wire connection, delay will still be annotated.


Warning-[SDFCOM_SWC] Simple Wire Connection
/MasterClass/M143010027_ALU/Hws/HW1/gate_level/FLP_adder/Delay/round2/timing.sdf, 3474
module: CKND2D2BWP16P90LVT, "instance: testbench.test_module.U1024"
  SDF Warning: The path from U1024.ZN to add_60.U393.A1 doesn't have a simple 
  wire connection, delay will still be annotated.


Warning-[SDFCOM_SWC] Simple Wire Connection
/MasterClass/M143010027_ALU/Hws/HW1/gate_level/FLP_adder/Delay/round2/timing.sdf, 3475
module: MUX2D1BWP16P90LVT, "instance: testbench.test_module.U1536"
  SDF Warning: The path from U1536.Z to add_60.U393.A2 doesn't have a simple 
  wire connection, delay will still be annotated.


Warning-[SDFCOM_SWC] Simple Wire Connection
/MasterClass/M143010027_ALU/Hws/HW1/gate_level/FLP_adder/Delay/round2/timing.sdf, 3481
module: OAI21D1BWP16P90LVT, "instance: testbench.test_module.U951"
  SDF Warning: The path from U951.ZN to add_60.U388.A1 doesn't have a simple 
  wire connection, delay will still be annotated.


Warning-[SDFCOM_SWC] Simple Wire Connection
/MasterClass/M143010027_ALU/Hws/HW1/gate_level/FLP_adder/Delay/round2/timing.sdf, 3482
module: MUX2D1BWP16P90LVT, "instance: testbench.test_module.U1521"
  SDF Warning: The path from U1521.Z to add_60.U388.A2 doesn't have a simple 
  wire connection, delay will still be annotated.


Warning-[SDFCOM_SWC] Simple Wire Connection
/MasterClass/M143010027_ALU/Hws/HW1/gate_level/FLP_adder/Delay/round2/timing.sdf, 3484
module: OAI211D2BWP16P90LVT, "instance: testbench.test_module.U1277"
  SDF Warning: The path from U1277.ZN to add_60.U386.A1 doesn't have a simple 
  wire connection, delay will still be annotated.


Warning-[SDFCOM_SWC] Simple Wire Connection
/MasterClass/M143010027_ALU/Hws/HW1/gate_level/FLP_adder/Delay/round2/timing.sdf, 3485
module: MUX2D1BWP16P90LVT, "instance: testbench.test_module.U1534"
  SDF Warning: The path from U1534.Z to add_60.U386.A2 doesn't have a simple 
  wire connection, delay will still be annotated.


Warning-[SDFCOM_SWC] Simple Wire Connection
/MasterClass/M143010027_ALU/Hws/HW1/gate_level/FLP_adder/Delay/round2/timing.sdf, 3499
module: CKND2D2BWP16P90LVT, "instance: testbench.test_module.U1024"
  SDF Warning: The path from U1024.ZN to add_60.U377.A1 doesn't have a simple 
  wire connection, delay will still be annotated.


Warning-[SDFCOM_SWC] Simple Wire Connection
/MasterClass/M143010027_ALU/Hws/HW1/gate_level/FLP_adder/Delay/round2/timing.sdf, 3500
module: MUX2D1BWP16P90LVT, "instance: testbench.test_module.U1536"
  SDF Warning: The path from U1536.Z to add_60.U377.A2 doesn't have a simple 
  wire connection, delay will still be annotated.


Warning-[SDFCOM_SWC] Simple Wire Connection
/MasterClass/M143010027_ALU/Hws/HW1/gate_level/FLP_adder/Delay/round2/timing.sdf, 3530
module: OAI21D2BWP16P90LVT, "instance: testbench.test_module.U1174"
  SDF Warning: The path from U1174.ZN to add_60.U359.A1 doesn't have a simple 
  wire connection, delay will still be annotated.


Warning-[SDFCOM_SWC] Simple Wire Connection
/MasterClass/M143010027_ALU/Hws/HW1/gate_level/FLP_adder/Delay/round2/timing.sdf, 3531
module: MUX2D1BWP16P90LVT, "instance: testbench.test_module.U1530"
  SDF Warning: The path from U1530.Z to add_60.U359.A2 doesn't have a simple 
  wire connection, delay will still be annotated.


Warning-[SDFCOM_SWC] Simple Wire Connection
/MasterClass/M143010027_ALU/Hws/HW1/gate_level/FLP_adder/Delay/round2/timing.sdf, 3540
module: OAI21D1BWP16P90LVT, "instance: testbench.test_module.U1550"
  SDF Warning: The path from U1550.ZN to add_60.U353.A1 doesn't have a simple 
  wire connection, delay will still be annotated.


Warning-[SDFCOM_SWC] Simple Wire Connection
/MasterClass/M143010027_ALU/Hws/HW1/gate_level/FLP_adder/Delay/round2/timing.sdf, 3541
module: IND2D1BWP16P90LVT, "instance: testbench.test_module.U1516"
  SDF Warning: The path from U1516.ZN to add_60.U353.A2 doesn't have a simple 
  wire connection, delay will still be annotated.


Warning-[SDFCOM_SWC] Simple Wire Connection
/MasterClass/M143010027_ALU/Hws/HW1/gate_level/FLP_adder/Delay/round2/timing.sdf, 3550
module: OAI221D1BWP16P90LVT, "instance: testbench.test_module.U559"
  SDF Warning: The path from U559.ZN to add_60.U348.A1 doesn't have a simple 
  wire connection, delay will still be annotated.


Warning-[SDFCOM_SWC] Simple Wire Connection
/MasterClass/M143010027_ALU/Hws/HW1/gate_level/FLP_adder/Delay/round2/timing.sdf, 3551
module: MUX2D1BWP16P90LVT, "instance: testbench.test_module.U1527"
  SDF Warning: The path from U1527.Z to add_60.U348.A2 doesn't have a simple 
  wire connection, delay will still be annotated.


Warning-[SDFCOM_SWC] Simple Wire Connection
/MasterClass/M143010027_ALU/Hws/HW1/gate_level/FLP_adder/Delay/round2/timing.sdf, 3591
module: OAI221D2BWP16P90LVT, "instance: testbench.test_module.U552"
  SDF Warning: The path from U552.ZN to add_60.U326.A1 doesn't have a simple 
  wire connection, delay will still be annotated.


Warning-[SDFCOM_SWC] Simple Wire Connection
/MasterClass/M143010027_ALU/Hws/HW1/gate_level/FLP_adder/Delay/round2/timing.sdf, 3592
module: MUX2D1BWP16P90LVT, "instance: testbench.test_module.U1525"
  SDF Warning: The path from U1525.Z to add_60.U326.A2 doesn't have a simple 
  wire connection, delay will still be annotated.


Warning-[SDFCOM_SWC] Simple Wire Connection
/MasterClass/M143010027_ALU/Hws/HW1/gate_level/FLP_adder/Delay/round2/timing.sdf, 3593
module: ND3D2BWP16P90LVT, "instance: testbench.test_module.U698"
  SDF Warning: The path from U698.ZN to add_60.U325.A1 doesn't have a simple 
  wire connection, delay will still be annotated.


Warning-[SDFCOM_SWC] Simple Wire Connection
/MasterClass/M143010027_ALU/Hws/HW1/gate_level/FLP_adder/Delay/round2/timing.sdf, 3594
module: MUX2D1BWP16P90LVT, "instance: testbench.test_module.U1538"
  SDF Warning: The path from U1538.Z to add_60.U325.A2 doesn't have a simple 
  wire connection, delay will still be annotated.


Warning-[SDFCOM_SWC] Simple Wire Connection
/MasterClass/M143010027_ALU/Hws/HW1/gate_level/FLP_adder/Delay/round2/timing.sdf, 3596
module: OAI211D2BWP16P90LVT, "instance: testbench.test_module.U532"
  SDF Warning: The path from U532.ZN to add_60.U323.A1 doesn't have a simple 
  wire connection, delay will still be annotated.


Warning-[SDFCOM_SWC] Simple Wire Connection
/MasterClass/M143010027_ALU/Hws/HW1/gate_level/FLP_adder/Delay/round2/timing.sdf, 3597
module: MUX2D1BWP16P90LVT, "instance: testbench.test_module.U1539"
  SDF Warning: The path from U1539.Z to add_60.U323.A2 doesn't have a simple 
  wire connection, delay will still be annotated.


Warning-[SDFCOM_SWC] Simple Wire Connection
/MasterClass/M143010027_ALU/Hws/HW1/gate_level/FLP_adder/Delay/round2/timing.sdf, 3598
module: OAI211D2BWP16P90LVT, "instance: testbench.test_module.U532"
  SDF Warning: The path from U532.ZN to add_60.U322.A1 doesn't have a simple 
  wire connection, delay will still be annotated.


Warning-[SDFCOM_SWC] Simple Wire Connection
/MasterClass/M143010027_ALU/Hws/HW1/gate_level/FLP_adder/Delay/round2/timing.sdf, 3599
module: MUX2D1BWP16P90LVT, "instance: testbench.test_module.U1539"
  SDF Warning: The path from U1539.Z to add_60.U322.A2 doesn't have a simple 
  wire connection, delay will still be annotated.


Warning-[SDFCOM_SWC] Simple Wire Connection
/MasterClass/M143010027_ALU/Hws/HW1/gate_level/FLP_adder/Delay/round2/timing.sdf, 3616
module: OAI221D1BWP16P90LVT, "instance: testbench.test_module.U1411"
  SDF Warning: The path from U1411.ZN to add_60.U314.A1 doesn't have a simple 
  wire connection, delay will still be annotated.


Warning-[SDFCOM_SWC] Simple Wire Connection
/MasterClass/M143010027_ALU/Hws/HW1/gate_level/FLP_adder/Delay/round2/timing.sdf, 3617
module: MUX2D1BWP16P90LVT, "instance: testbench.test_module.U1529"
  SDF Warning: The path from U1529.Z to add_60.U314.A2 doesn't have a simple 
  wire connection, delay will still be annotated.


Warning-[SDFCOM_SWC] Simple Wire Connection
/MasterClass/M143010027_ALU/Hws/HW1/gate_level/FLP_adder/Delay/round2/timing.sdf, 3618
module: OAI31D2BWP16P90LVT, "instance: testbench.test_module.U1263"
  SDF Warning: The path from U1263.ZN to add_60.U313.A1 doesn't have a simple 
  wire connection, delay will still be annotated.


Warning-[SDFCOM_SWC] Simple Wire Connection
/MasterClass/M143010027_ALU/Hws/HW1/gate_level/FLP_adder/Delay/round2/timing.sdf, 3619
module: MUX2D1BWP16P90LVT, "instance: testbench.test_module.U1535"
  SDF Warning: The path from U1535.Z to add_60.U313.A2 doesn't have a simple 
  wire connection, delay will still be annotated.


Warning-[SDFCOM_SWC] Simple Wire Connection
/MasterClass/M143010027_ALU/Hws/HW1/gate_level/FLP_adder/Delay/round2/timing.sdf, 3620
module: OAI31D2BWP16P90LVT, "instance: testbench.test_module.U1263"
  SDF Warning: The path from U1263.ZN to add_60.U312.A1 doesn't have a simple 
  wire connection, delay will still be annotated.


Warning-[SDFCOM_SWC] Simple Wire Connection
/MasterClass/M143010027_ALU/Hws/HW1/gate_level/FLP_adder/Delay/round2/timing.sdf, 3621
module: MUX2D1BWP16P90LVT, "instance: testbench.test_module.U1535"
  SDF Warning: The path from U1535.Z to add_60.U312.A2 doesn't have a simple 
  wire connection, delay will still be annotated.


Warning-[SDFCOM_SWC] Simple Wire Connection
/MasterClass/M143010027_ALU/Hws/HW1/gate_level/FLP_adder/Delay/round2/timing.sdf, 3624
module: OAI21D2BWP16P90LVT, "instance: testbench.test_module.U513"
  SDF Warning: The path from U513.ZN to add_60.U310.A1 doesn't have a simple 
  wire connection, delay will still be annotated.


Warning-[SDFCOM_SWC] Simple Wire Connection
/MasterClass/M143010027_ALU/Hws/HW1/gate_level/FLP_adder/Delay/round2/timing.sdf, 3625
module: MUX2D1BWP16P90LVT, "instance: testbench.test_module.U1523"
  SDF Warning: The path from U1523.Z to add_60.U310.A2 doesn't have a simple 
  wire connection, delay will still be annotated.


Warning-[SDFCOM_SWC] Simple Wire Connection
/MasterClass/M143010027_ALU/Hws/HW1/gate_level/FLP_adder/Delay/round2/timing.sdf, 3629
module: OAI211D2BWP16P90LVT, "instance: testbench.test_module.U524"
  SDF Warning: The path from U524.ZN to add_60.U308.A1 doesn't have a simple 
  wire connection, delay will still be annotated.


Warning-[SDFCOM_SWC] Simple Wire Connection
/MasterClass/M143010027_ALU/Hws/HW1/gate_level/FLP_adder/Delay/round2/timing.sdf, 3630
module: MUX2D1BWP16P90LVT, "instance: testbench.test_module.U1533"
  SDF Warning: The path from U1533.Z to add_60.U308.A2 doesn't have a simple 
  wire connection, delay will still be annotated.


Warning-[SDFCOM_SWC] Simple Wire Connection
/MasterClass/M143010027_ALU/Hws/HW1/gate_level/FLP_adder/Delay/round2/timing.sdf, 3631
module: OAI221D2BWP16P90LVT, "instance: testbench.test_module.U552"
  SDF Warning: The path from U552.ZN to add_60.U307.A1 doesn't have a simple 
  wire connection, delay will still be annotated.


Warning-[SDFCOM_SWC] Simple Wire Connection
/MasterClass/M143010027_ALU/Hws/HW1/gate_level/FLP_adder/Delay/round2/timing.sdf, 3632
module: MUX2D1BWP16P90LVT, "instance: testbench.test_module.U1525"
  SDF Warning: The path from U1525.Z to add_60.U307.A2 doesn't have a simple 
  wire connection, delay will still be annotated.


Warning-[SDFCOM_SWC] Simple Wire Connection
/MasterClass/M143010027_ALU/Hws/HW1/gate_level/FLP_adder/Delay/round2/timing.sdf, 3633
module: OAI21D2BWP16P90LVT, "instance: testbench.test_module.U1174"
  SDF Warning: The path from U1174.ZN to add_60.U306.A1 doesn't have a simple 
  wire connection, delay will still be annotated.


Warning-[SDFCOM_SWC] Simple Wire Connection
/MasterClass/M143010027_ALU/Hws/HW1/gate_level/FLP_adder/Delay/round2/timing.sdf, 3634
module: MUX2D1BWP16P90LVT, "instance: testbench.test_module.U1530"
  SDF Warning: The path from U1530.Z to add_60.U306.A2 doesn't have a simple 
  wire connection, delay will still be annotated.


Warning-[SDFCOM_SWC] Simple Wire Connection
/MasterClass/M143010027_ALU/Hws/HW1/gate_level/FLP_adder/Delay/round2/timing.sdf, 3650
module: OAI21D1BWP16P90LVT, "instance: testbench.test_module.U1558"
  SDF Warning: The path from U1558.ZN to add_60.U297.A1 doesn't have a simple 
  wire connection, delay will still be annotated.


Warning-[SDFCOM_SWC] Simple Wire Connection
/MasterClass/M143010027_ALU/Hws/HW1/gate_level/FLP_adder/Delay/round2/timing.sdf, 3651
module: MUX2D1BWP16P90LVT, "instance: testbench.test_module.U1519"
  SDF Warning: The path from U1519.Z to add_60.U297.A2 doesn't have a simple 
  wire connection, delay will still be annotated.


Warning-[SDFCOM_SWC] Simple Wire Connection
/MasterClass/M143010027_ALU/Hws/HW1/gate_level/FLP_adder/Delay/round2/timing.sdf, 3669
module: OAI221D1BWP16P90LVT, "instance: testbench.test_module.U1411"
  SDF Warning: The path from U1411.ZN to add_60.U287.A1 doesn't have a simple 
  wire connection, delay will still be annotated.


Warning-[SDFCOM_SWC] Simple Wire Connection
/MasterClass/M143010027_ALU/Hws/HW1/gate_level/FLP_adder/Delay/round2/timing.sdf, 3670
module: MUX2D1BWP16P90LVT, "instance: testbench.test_module.U1529"
  SDF Warning: The path from U1529.Z to add_60.U287.A2 doesn't have a simple 
  wire connection, delay will still be annotated.


Warning-[SDFCOM_SWC] Simple Wire Connection
/MasterClass/M143010027_ALU/Hws/HW1/gate_level/FLP_adder/Delay/round2/timing.sdf, 3671
module: OAI211D2BWP16P90LVT, "instance: testbench.test_module.U524"
  SDF Warning: The path from U524.ZN to add_60.U237.A1 doesn't have a simple 
  wire connection, delay will still be annotated.


Warning-[SDFCOM_SWC] Simple Wire Connection
/MasterClass/M143010027_ALU/Hws/HW1/gate_level/FLP_adder/Delay/round2/timing.sdf, 3672
module: MUX2D1BWP16P90LVT, "instance: testbench.test_module.U1533"
  SDF Warning: The path from U1533.Z to add_60.U237.A2 doesn't have a simple 
  wire connection, delay will still be annotated.


Warning-[SDFCOM_SWC] Simple Wire Connection
/MasterClass/M143010027_ALU/Hws/HW1/gate_level/FLP_adder/Delay/round2/timing.sdf, 3688
module: OAI221D2BWP16P90LVT, "instance: testbench.test_module.U516"
  SDF Warning: The path from U516.ZN to add_60.U174.A1 doesn't have a simple 
  wire connection, delay will still be annotated.


Warning-[SDFCOM_SWC] Simple Wire Connection
/MasterClass/M143010027_ALU/Hws/HW1/gate_level/FLP_adder/Delay/round2/timing.sdf, 3689
module: MUX2D1BWP16P90LVT, "instance: testbench.test_module.U1528"
  SDF Warning: The path from U1528.Z to add_60.U174.A2 doesn't have a simple 
  wire connection, delay will still be annotated.


Warning-[SDFCOM_SWC] Simple Wire Connection
/MasterClass/M143010027_ALU/Hws/HW1/gate_level/FLP_adder/Delay/round2/timing.sdf, 3690
module: OAI221D1BWP16P90LVT, "instance: testbench.test_module.U1463"
  SDF Warning: The path from U1463.ZN to add_60.U148.A1 doesn't have a simple 
  wire connection, delay will still be annotated.


Warning-[SDFCOM_SWC] Simple Wire Connection
/MasterClass/M143010027_ALU/Hws/HW1/gate_level/FLP_adder/Delay/round2/timing.sdf, 3691
module: MUX2D1BWP16P90LVT, "instance: testbench.test_module.U1526"
  SDF Warning: The path from U1526.Z to add_60.U148.A2 doesn't have a simple 
  wire connection, delay will still be annotated.


Warning-[SDFCOM_SWC] Simple Wire Connection
/MasterClass/M143010027_ALU/Hws/HW1/gate_level/FLP_adder/Delay/round2/timing.sdf, 3692
module: OAI221D2BWP16P90LVT, "instance: testbench.test_module.U533"
  SDF Warning: The path from U533.ZN to add_60.U118.A1 doesn't have a simple 
  wire connection, delay will still be annotated.


Warning-[SDFCOM_SWC] Simple Wire Connection
/MasterClass/M143010027_ALU/Hws/HW1/gate_level/FLP_adder/Delay/round2/timing.sdf, 3693
module: MUX2D1BWP16P90LVT, "instance: testbench.test_module.U1524"
  SDF Warning: The path from U1524.Z to add_60.U118.A2 doesn't have a simple 
  wire connection, delay will still be annotated.


Warning-[SDFCOM_SWC] Simple Wire Connection
/MasterClass/M143010027_ALU/Hws/HW1/gate_level/FLP_adder/Delay/round2/timing.sdf, 3694
module: OAI21D2BWP16P90LVT, "instance: testbench.test_module.U513"
  SDF Warning: The path from U513.ZN to add_60.U104.A1 doesn't have a simple 
  wire connection, delay will still be annotated.


Warning-[SDFCOM_SWC] Simple Wire Connection
/MasterClass/M143010027_ALU/Hws/HW1/gate_level/FLP_adder/Delay/round2/timing.sdf, 3695
module: MUX2D1BWP16P90LVT, "instance: testbench.test_module.U1523"
  SDF Warning: The path from U1523.Z to add_60.U104.A2 doesn't have a simple 
  wire connection, delay will still be annotated.


Warning-[SDFCOM_SWC] Simple Wire Connection
/MasterClass/M143010027_ALU/Hws/HW1/gate_level/FLP_adder/Delay/round2/timing.sdf, 3698
module: IOAI21D1BWP16P90LVT, "instance: testbench.test_module.U889"
  SDF Warning: The path from U889.ZN to add_60.U90.A1 doesn't have a simple 
  wire connection, delay will still be annotated.


Warning-[SDFCOM_SWC] Simple Wire Connection
/MasterClass/M143010027_ALU/Hws/HW1/gate_level/FLP_adder/Delay/round2/timing.sdf, 3699
module: MUX2D1BWP16P90LVT, "instance: testbench.test_module.U1522"
  SDF Warning: The path from U1522.Z to add_60.U90.A2 doesn't have a simple 
  wire connection, delay will still be annotated.


Warning-[SDFCOM_SWC] Simple Wire Connection
/MasterClass/M143010027_ALU/Hws/HW1/gate_level/FLP_adder/Delay/round2/timing.sdf, 3700
module: OAI21D1BWP16P90LVT, "instance: testbench.test_module.U951"
  SDF Warning: The path from U951.ZN to add_60.U80.A1 doesn't have a simple 
  wire connection, delay will still be annotated.


Warning-[SDFCOM_SWC] Simple Wire Connection
/MasterClass/M143010027_ALU/Hws/HW1/gate_level/FLP_adder/Delay/round2/timing.sdf, 3701
module: MUX2D1BWP16P90LVT, "instance: testbench.test_module.U1521"
  SDF Warning: The path from U1521.Z to add_60.U80.A2 doesn't have a simple 
  wire connection, delay will still be annotated.


Warning-[SDFCOM_SWC] Simple Wire Connection
/MasterClass/M143010027_ALU/Hws/HW1/gate_level/FLP_adder/Delay/round2/timing.sdf, 3706
module: OAI21D1BWP16P90LVT, "instance: testbench.test_module.U1566"
  SDF Warning: The path from U1566.ZN to add_60.U66.A1 doesn't have a simple 
  wire connection, delay will still be annotated.


Warning-[SDFCOM_SWC] Simple Wire Connection
/MasterClass/M143010027_ALU/Hws/HW1/gate_level/FLP_adder/Delay/round2/timing.sdf, 3707
module: MUX2D1BWP16P90LVT, "instance: testbench.test_module.U1520"
  SDF Warning: The path from U1520.Z to add_60.U66.A2 doesn't have a simple 
  wire connection, delay will still be annotated.


Warning-[SDFCOM_SWC] Simple Wire Connection
/MasterClass/M143010027_ALU/Hws/HW1/gate_level/FLP_adder/Delay/round2/timing.sdf, 3712
module: OAI21D1BWP16P90LVT, "instance: testbench.test_module.U1558"
  SDF Warning: The path from U1558.ZN to add_60.U54.A1 doesn't have a simple 
  wire connection, delay will still be annotated.


Warning-[SDFCOM_SWC] Simple Wire Connection
/MasterClass/M143010027_ALU/Hws/HW1/gate_level/FLP_adder/Delay/round2/timing.sdf, 3713
module: MUX2D1BWP16P90LVT, "instance: testbench.test_module.U1519"
  SDF Warning: The path from U1519.Z to add_60.U54.A2 doesn't have a simple 
  wire connection, delay will still be annotated.


Warning-[SDFCOM_SWC] Simple Wire Connection
/MasterClass/M143010027_ALU/Hws/HW1/gate_level/FLP_adder/Delay/round2/timing.sdf, 3722
module: OAI21D1BWP16P90LVT, "instance: testbench.test_module.U1554"
  SDF Warning: The path from U1554.ZN to add_60.U42.A1 doesn't have a simple 
  wire connection, delay will still be annotated.


Warning-[SDFCOM_SWC] Simple Wire Connection
/MasterClass/M143010027_ALU/Hws/HW1/gate_level/FLP_adder/Delay/round2/timing.sdf, 3723
module: MUX2D1BWP16P90LVT, "instance: testbench.test_module.U1518"
  SDF Warning: The path from U1518.Z to add_60.U42.A2 doesn't have a simple 
  wire connection, delay will still be annotated.


Warning-[SDFCOM_SWC] Simple Wire Connection
/MasterClass/M143010027_ALU/Hws/HW1/gate_level/FLP_adder/Delay/round2/timing.sdf, 3729
module: OAI21D1BWP16P90LVT, "instance: testbench.test_module.U1550"
  SDF Warning: The path from U1550.ZN to add_60.U22.A1 doesn't have a simple 
  wire connection, delay will still be annotated.


Warning-[SDFCOM_SWC] Simple Wire Connection
/MasterClass/M143010027_ALU/Hws/HW1/gate_level/FLP_adder/Delay/round2/timing.sdf, 3730
module: IND2D1BWP16P90LVT, "instance: testbench.test_module.U1516"
  SDF Warning: The path from U1516.ZN to add_60.U22.A2 doesn't have a simple 
  wire connection, delay will still be annotated.


Warning-[SDFCOM_SWC] Simple Wire Connection
/MasterClass/M143010027_ALU/Hws/HW1/gate_level/FLP_adder/Delay/round2/timing.sdf, 3742
module: INVD2BWP16P90LVT, "instance: testbench.test_module.U644"
  SDF Warning: The path from U644.ZN to sub_56.U219.I doesn't have a simple 
  wire connection, delay will still be annotated.


Warning-[SDFCOM_SWC] Simple Wire Connection
/MasterClass/M143010027_ALU/Hws/HW1/gate_level/FLP_adder/Delay/round2/timing.sdf, 3744
module: MUX2ND4BWP16P90LVT, "instance: testbench.test_module.U646"
  SDF Warning: The path from U646.ZN to sub_56.U218.A2 doesn't have a simple 
  wire connection, delay will still be annotated.


Warning-[SDFCOM_SWC] Simple Wire Connection
/MasterClass/M143010027_ALU/Hws/HW1/gate_level/FLP_adder/Delay/round2/timing.sdf, 3745
module: MUX2ND2BWP16P90LVT, "instance: testbench.test_module.U724"
  SDF Warning: The path from U724.ZN to sub_56.U217.A1 doesn't have a simple 
  wire connection, delay will still be annotated.


Warning-[SDFCOM_SWC] Simple Wire Connection
/MasterClass/M143010027_ALU/Hws/HW1/gate_level/FLP_adder/Delay/round2/timing.sdf, 3748
module: MUX2ND1BWP16P90LVT, "instance: testbench.test_module.U1308"
  SDF Warning: The path from U1308.ZN to sub_56.U216.A2 doesn't have a simple 
  wire connection, delay will still be annotated.


Warning-[SDFCOM_SWC] Simple Wire Connection
/MasterClass/M143010027_ALU/Hws/HW1/gate_level/FLP_adder/Delay/round2/timing.sdf, 3749
module: MUX2ND2BWP16P90LVT, "instance: testbench.test_module.U727"
  SDF Warning: The path from U727.ZN to sub_56.U215.I doesn't have a simple 
  wire connection, delay will still be annotated.


Warning-[SDFCOM_SWC] Simple Wire Connection
/MasterClass/M143010027_ALU/Hws/HW1/gate_level/FLP_adder/Delay/round2/timing.sdf, 3751
module: MUX2ND2BWP16P90LVT, "instance: testbench.test_module.U1005"
  SDF Warning: The path from U1005.ZN to sub_56.U214.A2 doesn't have a simple 
  wire connection, delay will still be annotated.


Warning-[SDFCOM_SWC] Simple Wire Connection
/MasterClass/M143010027_ALU/Hws/HW1/gate_level/FLP_adder/Delay/round2/timing.sdf, 3754
module: CKND2BWP16P90LVT, "instance: testbench.test_module.U566"
  SDF Warning: The path from U566.ZN to sub_56.U212.A2 doesn't have a simple 
  wire connection, delay will still be annotated.


Warning-[SDFCOM_SWC] Simple Wire Connection
/MasterClass/M143010027_ALU/Hws/HW1/gate_level/FLP_adder/Delay/round2/timing.sdf, 3760
module: INVD2BWP16P90LVT, "instance: testbench.test_module.U1214"
  SDF Warning: The path from U1214.ZN to sub_56.U209.A2 doesn't have a simple 
  wire connection, delay will still be annotated.


Warning-[SDFCOM_SWC] Simple Wire Connection
/MasterClass/M143010027_ALU/Hws/HW1/gate_level/FLP_adder/Delay/round2/timing.sdf, 3764
module: CKND2BWP16P90LVT, "instance: testbench.test_module.U909"
  SDF Warning: The path from U909.ZN to sub_56.U207.A2 doesn't have a simple 
  wire connection, delay will still be annotated.


Warning-[SDFCOM_SWC] Simple Wire Connection
/MasterClass/M143010027_ALU/Hws/HW1/gate_level/FLP_adder/Delay/round2/timing.sdf, 3776
module: MUX2ND4BWP16P90LVT, "instance: testbench.test_module.U647"
  SDF Warning: The path from U647.ZN to sub_56.U199.A1 doesn't have a simple 
  wire connection, delay will still be annotated.


Warning-[SDFCOM_SWC] Simple Wire Connection
/MasterClass/M143010027_ALU/Hws/HW1/gate_level/FLP_adder/Delay/round2/timing.sdf, 3785
module: MUX2ND2BWP16P90LVT, "instance: testbench.test_module.U723"
  SDF Warning: The path from U723.ZN to sub_56.U195.A2 doesn't have a simple 
  wire connection, delay will still be annotated.


Warning-[SDFCOM_SWC] Simple Wire Connection
/MasterClass/M143010027_ALU/Hws/HW1/gate_level/FLP_adder/Delay/round2/timing.sdf, 3790
module: CKND2BWP16P90LVT, "instance: testbench.test_module.U566"
  SDF Warning: The path from U566.ZN to sub_56.U192.A2 doesn't have a simple 
  wire connection, delay will still be annotated.


Warning-[SDFCOM_SWC] Simple Wire Connection
/MasterClass/M143010027_ALU/Hws/HW1/gate_level/FLP_adder/Delay/round2/timing.sdf, 3795
module: INVD2BWP16P90LVT, "instance: testbench.test_module.U1214"
  SDF Warning: The path from U1214.ZN to sub_56.U189.A2 doesn't have a simple 
  wire connection, delay will still be annotated.


Warning-[SDFCOM_SWC] Simple Wire Connection
/MasterClass/M143010027_ALU/Hws/HW1/gate_level/FLP_adder/Delay/round2/timing.sdf, 3799
module: MUX2ND2BWP16P90LVT, "instance: testbench.test_module.U727"
  SDF Warning: The path from U727.ZN to sub_56.U187.A2 doesn't have a simple 
  wire connection, delay will still be annotated.


Warning-[SDFCOM_SWC] Simple Wire Connection
/MasterClass/M143010027_ALU/Hws/HW1/gate_level/FLP_adder/Delay/round2/timing.sdf, 3806
module: MUX2ND4BWP16P90LVT, "instance: testbench.test_module.U645"
  SDF Warning: The path from U645.ZN to sub_56.U182.A1 doesn't have a simple 
  wire connection, delay will still be annotated.


Warning-[SDFCOM_SWC] Simple Wire Connection
/MasterClass/M143010027_ALU/Hws/HW1/gate_level/FLP_adder/Delay/round2/timing.sdf, 3809
module: CKND2BWP16P90LVT, "instance: testbench.test_module.U1116"
  SDF Warning: The path from U1116.ZN to sub_56.U181.A2 doesn't have a simple 
  wire connection, delay will still be annotated.


Warning-[SDFCOM_SWC] Simple Wire Connection
/MasterClass/M143010027_ALU/Hws/HW1/gate_level/FLP_adder/Delay/round2/timing.sdf, 3810
module: MUX2ND4BWP16P90LVT, "instance: testbench.test_module.U631"
  SDF Warning: The path from U631.ZN to sub_56.U180.A1 doesn't have a simple 
  wire connection, delay will still be annotated.


Warning-[SDFCOM_SWC] Simple Wire Connection
/MasterClass/M143010027_ALU/Hws/HW1/gate_level/FLP_adder/Delay/round2/timing.sdf, 3812
module: MUX2ND4BWP16P90LVT, "instance: testbench.test_module.U1007"
  SDF Warning: The path from U1007.ZN to sub_56.U179.I doesn't have a simple 
  wire connection, delay will still be annotated.


Warning-[SDFCOM_SWC] Simple Wire Connection
/MasterClass/M143010027_ALU/Hws/HW1/gate_level/FLP_adder/Delay/round2/timing.sdf, 3816
module: MUX2ND4BWP16P90LVT, "instance: testbench.test_module.U634"
  SDF Warning: The path from U634.ZN to sub_56.U177.A2 doesn't have a simple 
  wire connection, delay will still be annotated.


Warning-[SDFCOM_SWC] Simple Wire Connection
/MasterClass/M143010027_ALU/Hws/HW1/gate_level/FLP_adder/Delay/round2/timing.sdf, 3818
module: CKND1BWP16P90LVT, "instance: testbench.test_module.U602"
  SDF Warning: The path from U602.ZN to sub_56.U176.A2 doesn't have a simple 
  wire connection, delay will still be annotated.


Warning-[SDFCOM_SWC] Simple Wire Connection
/MasterClass/M143010027_ALU/Hws/HW1/gate_level/FLP_adder/Delay/round2/timing.sdf, 3821
module: CKND2BWP16P90LVT, "instance: testbench.test_module.U1116"
  SDF Warning: The path from U1116.ZN to sub_56.U174.A1 doesn't have a simple 
  wire connection, delay will still be annotated.


Warning-[SDFCOM_SWC] Simple Wire Connection
/MasterClass/M143010027_ALU/Hws/HW1/gate_level/FLP_adder/Delay/round2/timing.sdf, 3826
module: MUX2ND2BWP16P90LVT, "instance: testbench.test_module.U770"
  SDF Warning: The path from U770.ZN to sub_56.U172.A2 doesn't have a simple 
  wire connection, delay will still be annotated.


Warning-[SDFCOM_SWC] Simple Wire Connection
/MasterClass/M143010027_ALU/Hws/HW1/gate_level/FLP_adder/Delay/round2/timing.sdf, 3827
module: MUX2ND2BWP16P90LVT, "instance: testbench.test_module.U770"
  SDF Warning: The path from U770.ZN to sub_56.U171.I doesn't have a simple 
  wire connection, delay will still be annotated.


Warning-[SDFCOM_SWC] Simple Wire Connection
/MasterClass/M143010027_ALU/Hws/HW1/gate_level/FLP_adder/Delay/round2/timing.sdf, 3828
module: MUX2ND4BWP16P90LVT, "instance: testbench.test_module.U647"
  SDF Warning: The path from U647.ZN to sub_56.U170.I doesn't have a simple 
  wire connection, delay will still be annotated.


Warning-[SDFCOM_SWC] Simple Wire Connection
/MasterClass/M143010027_ALU/Hws/HW1/gate_level/FLP_adder/Delay/round2/timing.sdf, 3831
module: MUX2ND2BWP16P90LVT, "instance: testbench.test_module.U1005"
  SDF Warning: The path from U1005.ZN to sub_56.U168.I doesn't have a simple 
  wire connection, delay will still be annotated.


Warning-[SDFCOM_SWC] Simple Wire Connection
/MasterClass/M143010027_ALU/Hws/HW1/gate_level/FLP_adder/Delay/round2/timing.sdf, 3834
module: MUX2ND4BWP16P90LVT, "instance: testbench.test_module.U646"
  SDF Warning: The path from U646.ZN to sub_56.U166.I doesn't have a simple 
  wire connection, delay will still be annotated.


Warning-[SDFCOM_SWC] Simple Wire Connection
/MasterClass/M143010027_ALU/Hws/HW1/gate_level/FLP_adder/Delay/round2/timing.sdf, 3838
module: CKND2BWP16P90LVT, "instance: testbench.test_module.U933"
  SDF Warning: The path from U933.ZN to sub_56.U164.A2 doesn't have a simple 
  wire connection, delay will still be annotated.


Warning-[SDFCOM_SWC] Simple Wire Connection
/MasterClass/M143010027_ALU/Hws/HW1/gate_level/FLP_adder/Delay/round2/timing.sdf, 3839
module: CKND2BWP16P90LVT, "instance: testbench.test_module.U933"
  SDF Warning: The path from U933.ZN to sub_56.U163.I doesn't have a simple 
  wire connection, delay will still be annotated.


Warning-[SDFCOM_SWC] Simple Wire Connection
/MasterClass/M143010027_ALU/Hws/HW1/gate_level/FLP_adder/Delay/round2/timing.sdf, 3840
module: MUX2ND4BWP16P90LVT, "instance: testbench.test_module.U634"
  SDF Warning: The path from U634.ZN to sub_56.U162.I doesn't have a simple 
  wire connection, delay will still be annotated.


Warning-[SDFCOM_SWC] Simple Wire Connection
/MasterClass/M143010027_ALU/Hws/HW1/gate_level/FLP_adder/Delay/round2/timing.sdf, 3842
module: CKND2BWP16P90LVT, "instance: testbench.test_module.U814"
  SDF Warning: The path from U814.ZN to sub_56.U161.A2 doesn't have a simple 
  wire connection, delay will still be annotated.


Warning-[SDFCOM_SWC] Simple Wire Connection
/MasterClass/M143010027_ALU/Hws/HW1/gate_level/FLP_adder/Delay/round2/timing.sdf, 3844
module: CKND2BWP16P90LVT, "instance: testbench.test_module.U880"
  SDF Warning: The path from U880.ZN to sub_56.U160.A2 doesn't have a simple 
  wire connection, delay will still be annotated.


Warning-[SDFCOM_SWC] Simple Wire Connection
/MasterClass/M143010027_ALU/Hws/HW1/gate_level/FLP_adder/Delay/round2/timing.sdf, 3845
module: MUX2ND1BWP16P90LVT, "instance: testbench.test_module.U1308"
  SDF Warning: The path from U1308.ZN to sub_56.U159.I doesn't have a simple 
  wire connection, delay will still be annotated.


Warning-[SDFCOM_SWC] Simple Wire Connection
/MasterClass/M143010027_ALU/Hws/HW1/gate_level/FLP_adder/Delay/round2/timing.sdf, 3848
module: CKND2BWP16P90LVT, "instance: testbench.test_module.U814"
  SDF Warning: The path from U814.ZN to sub_56.U157.I doesn't have a simple 
  wire connection, delay will still be annotated.


Warning-[SDFCOM_SWC] Simple Wire Connection
/MasterClass/M143010027_ALU/Hws/HW1/gate_level/FLP_adder/Delay/round2/timing.sdf, 3850
module: MUX2ND2BWP16P90LVT, "instance: testbench.test_module.U727"
  SDF Warning: The path from U727.ZN to sub_56.U156.A2 doesn't have a simple 
  wire connection, delay will still be annotated.


Warning-[SDFCOM_SWC] Simple Wire Connection
/MasterClass/M143010027_ALU/Hws/HW1/gate_level/FLP_adder/Delay/round2/timing.sdf, 3854
module: MUX2ND2BWP16P90, "instance: testbench.test_module.U1010"
  SDF Warning: The path from U1010.ZN to sub_56.U154.A2 doesn't have a simple 
  wire connection, delay will still be annotated.


Warning-[SDFCOM_SWC] Simple Wire Connection
/MasterClass/M143010027_ALU/Hws/HW1/gate_level/FLP_adder/Delay/round2/timing.sdf, 3860
module: MUX2ND4BWP16P90LVT, "instance: testbench.test_module.U1007"
  SDF Warning: The path from U1007.ZN to sub_56.U151.A2 doesn't have a simple 
  wire connection, delay will still be annotated.


Warning-[SDFCOM_SWC] Simple Wire Connection
/MasterClass/M143010027_ALU/Hws/HW1/gate_level/FLP_adder/Delay/round2/timing.sdf, 3862
module: CKND2BWP16P90LVT, "instance: testbench.test_module.U909"
  SDF Warning: The path from U909.ZN to sub_56.U150.A2 doesn't have a simple 
  wire connection, delay will still be annotated.


Warning-[SDFCOM_SWC] Simple Wire Connection
/MasterClass/M143010027_ALU/Hws/HW1/gate_level/FLP_adder/Delay/round2/timing.sdf, 3864
module: MUX2ND2BWP16P90LVT, "instance: testbench.test_module.U723"
  SDF Warning: The path from U723.ZN to sub_56.U148.I doesn't have a simple 
  wire connection, delay will still be annotated.


Warning-[SDFCOM_SWC] Simple Wire Connection
/MasterClass/M143010027_ALU/Hws/HW1/gate_level/FLP_adder/Delay/round2/timing.sdf, 3867
module: CKND2BWP16P90LVT, "instance: testbench.test_module.U909"
  SDF Warning: The path from U909.ZN to sub_56.U146.I doesn't have a simple 
  wire connection, delay will still be annotated.


Warning-[SDFCOM_SWC] Simple Wire Connection
/MasterClass/M143010027_ALU/Hws/HW1/gate_level/FLP_adder/Delay/round2/timing.sdf, 3869
module: INVD2BWP16P90LVT, "instance: testbench.test_module.U644"
  SDF Warning: The path from U644.ZN to sub_56.U145.A2 doesn't have a simple 
  wire connection, delay will still be annotated.


Warning-[SDFCOM_SWC] Simple Wire Connection
/MasterClass/M143010027_ALU/Hws/HW1/gate_level/FLP_adder/Delay/round2/timing.sdf, 3872
module: CKND2BWP16P90LVT, "instance: testbench.test_module.U566"
  SDF Warning: The path from U566.ZN to sub_56.U143.I doesn't have a simple 
  wire connection, delay will still be annotated.


Warning-[SDFCOM_SWC] Simple Wire Connection
/MasterClass/M143010027_ALU/Hws/HW1/gate_level/FLP_adder/Delay/round2/timing.sdf, 3875
module: INVD2BWP16P90LVT, "instance: testbench.test_module.U1214"
  SDF Warning: The path from U1214.ZN to sub_56.U141.I doesn't have a simple 
  wire connection, delay will still be annotated.


Warning-[SDFCOM_SWC] Simple Wire Connection
/MasterClass/M143010027_ALU/Hws/HW1/gate_level/FLP_adder/Delay/round2/timing.sdf, 3878
module: MUX2ND2BWP16P90, "instance: testbench.test_module.U1010"
  SDF Warning: The path from U1010.ZN to sub_56.U139.A2 doesn't have a simple 
  wire connection, delay will still be annotated.


Warning-[SDFCOM_SWC] Simple Wire Connection
/MasterClass/M143010027_ALU/Hws/HW1/gate_level/FLP_adder/Delay/round2/timing.sdf, 3882
module: INVD2BWP16P90LVT, "instance: testbench.test_module.U644"
  SDF Warning: The path from U644.ZN to sub_56.U137.A2 doesn't have a simple 
  wire connection, delay will still be annotated.


Warning-[SDFCOM_SWC] Simple Wire Connection
/MasterClass/M143010027_ALU/Hws/HW1/gate_level/FLP_adder/Delay/round2/timing.sdf, 3883
module: CKND2BWP16P90LVT, "instance: testbench.test_module.U880"
  SDF Warning: The path from U880.ZN to sub_56.U136.A1 doesn't have a simple 
  wire connection, delay will still be annotated.


Warning-[SDFCOM_SWC] Simple Wire Connection
/MasterClass/M143010027_ALU/Hws/HW1/gate_level/FLP_adder/Delay/round2/timing.sdf, 3885
module: MUX2ND1BWP16P90LVT, "instance: testbench.test_module.U1308"
  SDF Warning: The path from U1308.ZN to sub_56.U135.A1 doesn't have a simple 
  wire connection, delay will still be annotated.


Warning-[SDFCOM_SWC] Simple Wire Connection
/MasterClass/M143010027_ALU/Hws/HW1/gate_level/FLP_adder/Delay/round2/timing.sdf, 3891
module: MUX2ND2BWP16P90LVT, "instance: testbench.test_module.U916"
  SDF Warning: The path from U916.ZN to sub_56.U132.I doesn't have a simple 
  wire connection, delay will still be annotated.


Warning-[SDFCOM_SWC] Simple Wire Connection
/MasterClass/M143010027_ALU/Hws/HW1/gate_level/FLP_adder/Delay/round2/timing.sdf, 3892
module: MUX2ND2BWP16P90LVT, "instance: testbench.test_module.U724"
  SDF Warning: The path from U724.ZN to sub_56.U131.A1 doesn't have a simple 
  wire connection, delay will still be annotated.


Warning-[SDFCOM_SWC] Simple Wire Connection
/MasterClass/M143010027_ALU/Hws/HW1/gate_level/FLP_adder/Delay/round2/timing.sdf, 3897
module: MUX2ND4BWP16P90LVT, "instance: testbench.test_module.U631"
  SDF Warning: The path from U631.ZN to sub_56.U129.A2 doesn't have a simple 
  wire connection, delay will still be annotated.


Warning-[SDFCOM_SWC] Simple Wire Connection
/MasterClass/M143010027_ALU/Hws/HW1/gate_level/FLP_adder/Delay/round2/timing.sdf, 3902
module: MUX2ND4BWP16P90LVT, "instance: testbench.test_module.U645"
  SDF Warning: The path from U645.ZN to sub_56.U126.A2 doesn't have a simple 
  wire connection, delay will still be annotated.


Warning-[SDFCOM_SWC] Simple Wire Connection
/MasterClass/M143010027_ALU/Hws/HW1/gate_level/FLP_adder/Delay/round2/timing.sdf, 3904
module: MUX2ND2BWP16P90LVT, "instance: testbench.test_module.U723"
  SDF Warning: The path from U723.ZN to sub_56.U125.A2 doesn't have a simple 
  wire connection, delay will still be annotated.


Warning-[SDFCOM_SWC] Simple Wire Connection
/MasterClass/M143010027_ALU/Hws/HW1/gate_level/FLP_adder/Delay/round2/timing.sdf, 3907
module: CKND1BWP16P90LVT, "instance: testbench.test_module.U602"
  SDF Warning: The path from U602.ZN to sub_56.U123.I doesn't have a simple 
  wire connection, delay will still be annotated.


Warning-[SDFCOM_SWC] Simple Wire Connection
/MasterClass/M143010027_ALU/Hws/HW1/gate_level/FLP_adder/Delay/round2/timing.sdf, 3908
module: MUX2ND2BWP16P90, "instance: testbench.test_module.U1010"
  SDF Warning: The path from U1010.ZN to sub_56.U122.A1 doesn't have a simple 
  wire connection, delay will still be annotated.


Warning-[SDFCOM_SWC] Simple Wire Connection
/MasterClass/M143010027_ALU/Hws/HW1/gate_level/FLP_adder/Delay/round2/timing.sdf, 3931
module: ND2D1BWP16P90LVT, "instance: testbench.test_module.U628"
  SDF Warning: The path from U628.ZN to sub_64.U218.A1 doesn't have a simple 
  wire connection, delay will still be annotated.


Warning-[SDFCOM_SWC] Simple Wire Connection
/MasterClass/M143010027_ALU/Hws/HW1/gate_level/FLP_adder/Delay/round2/timing.sdf, 3984
module: ND2D1BWP16P90LVT, "instance: testbench.test_module.U628"
  SDF Warning: The path from U628.ZN to sub_64.U188.A1 doesn't have a simple 
  wire connection, delay will still be annotated.


Warning-[SDFCOM_SWC] Simple Wire Connection
/MasterClass/M143010027_ALU/Hws/HW1/gate_level/FLP_adder/Delay/round2/timing.sdf, 4085
module: ND2D1BWP16P90LVT, "instance: testbench.test_module.U747"
  SDF Warning: The path from U747.ZN to sub_64.U125.I doesn't have a simple 
  wire connection, delay will still be annotated.


Warning-[SDFCOM_SWC] Simple Wire Connection
/MasterClass/M143010027_ALU/Hws/HW1/gate_level/FLP_adder/Delay/round2/timing.sdf, 4374
module: OAI32D2BWP16P90LVT, "instance: testbench.test_module.U1029"
  SDF Warning: The path from U1029.ZN to add_95.U258.I doesn't have a simple 
  wire connection, delay will still be annotated.


Warning-[SDFCOM_SWC] Simple Wire Connection
/MasterClass/M143010027_ALU/Hws/HW1/gate_level/FLP_adder/Delay/round2/timing.sdf, 4376
module: OAI32D2BWP16P90LVT, "instance: testbench.test_module.U1029"
  SDF Warning: The path from U1029.ZN to add_95.U257.A2 doesn't have a simple 
  wire connection, delay will still be annotated.


Warning-[SDFCOM_SWC] Simple Wire Connection
/MasterClass/M143010027_ALU/Hws/HW1/gate_level/FLP_adder/Delay/round2/timing.sdf, 4377
module: OAI22D2BWP16P90LVT, "instance: testbench.test_module.U1084"
  SDF Warning: The path from U1084.ZN to add_95.U256.I doesn't have a simple 
  wire connection, delay will still be annotated.


Warning-[SDFCOM_SWC] Simple Wire Connection
/MasterClass/M143010027_ALU/Hws/HW1/gate_level/FLP_adder/Delay/round2/timing.sdf, 4380
module: ND3D1BWP16P90LVT, "instance: testbench.test_module.U1692"
  SDF Warning: The path from U1692.ZN to add_95.U254.I doesn't have a simple 
  wire connection, delay will still be annotated.


Warning-[SDFCOM_SWC] Simple Wire Connection
/MasterClass/M143010027_ALU/Hws/HW1/gate_level/FLP_adder/Delay/round2/timing.sdf, 4413
module: OAI31D1BWP16P90LVT, "instance: testbench.test_module.U1376"
  SDF Warning: The path from U1376.ZN to add_95.U236.I doesn't have a simple 
  wire connection, delay will still be annotated.


Warning-[SDFCOM_SWC] Simple Wire Connection
/MasterClass/M143010027_ALU/Hws/HW1/gate_level/FLP_adder/Delay/round2/timing.sdf, 4425
module: ND3D4BWP16P90LVT, "instance: testbench.test_module.U693"
  SDF Warning: The path from U693.ZN to add_95.U229.I doesn't have a simple 
  wire connection, delay will still be annotated.


Warning-[SDFCOM_SWC] Simple Wire Connection
/MasterClass/M143010027_ALU/Hws/HW1/gate_level/FLP_adder/Delay/round2/timing.sdf, 4438
module: OAI211D2BWP16P90LVT, "instance: testbench.test_module.U1182"
  SDF Warning: The path from U1182.ZN to add_95.U221.A1 doesn't have a simple 
  wire connection, delay will still be annotated.


Warning-[SDFCOM_SWC] Simple Wire Connection
/MasterClass/M143010027_ALU/Hws/HW1/gate_level/FLP_adder/Delay/round2/timing.sdf, 4439
module: ND3D4BWP16P90LVT, "instance: testbench.test_module.U693"
  SDF Warning: The path from U693.ZN to add_95.U221.A2 doesn't have a simple 
  wire connection, delay will still be annotated.


Warning-[SDFCOM_SWC] Simple Wire Connection
/MasterClass/M143010027_ALU/Hws/HW1/gate_level/FLP_adder/Delay/round2/timing.sdf, 4447
module: OAI221D2BWP16P90LVT, "instance: testbench.test_module.U458"
  SDF Warning: The path from U458.ZN to add_95.U216.I doesn't have a simple 
  wire connection, delay will still be annotated.


Warning-[SDFCOM_SWC] Simple Wire Connection
/MasterClass/M143010027_ALU/Hws/HW1/gate_level/FLP_adder/Delay/round2/timing.sdf, 4456
module: OAI211D2BWP16P90LVT, "instance: testbench.test_module.U1082"
  SDF Warning: The path from U1082.ZN to add_95.U211.I doesn't have a simple 
  wire connection, delay will still be annotated.


Warning-[SDFCOM_SWC] Simple Wire Connection
/MasterClass/M143010027_ALU/Hws/HW1/gate_level/FLP_adder/Delay/round2/timing.sdf, 4457
module: OAI211D2BWP16P90LVT, "instance: testbench.test_module.U1297"
  SDF Warning: The path from U1297.ZN to add_95.U210.I doesn't have a simple 
  wire connection, delay will still be annotated.


Warning-[SDFCOM_SWC] Simple Wire Connection
/MasterClass/M143010027_ALU/Hws/HW1/gate_level/FLP_adder/Delay/round2/timing.sdf, 4466
module: OAI221D1BWP16P90LVT, "instance: testbench.test_module.U1725"
  SDF Warning: The path from U1725.ZN to add_95.U205.I doesn't have a simple 
  wire connection, delay will still be annotated.


Warning-[SDFCOM_SWC] Simple Wire Connection
/MasterClass/M143010027_ALU/Hws/HW1/gate_level/FLP_adder/Delay/round2/timing.sdf, 4467
module: OAI22D1BWP16P90LVT, "instance: testbench.test_module.U1075"
  SDF Warning: The path from U1075.ZN to add_95.U204.I doesn't have a simple 
  wire connection, delay will still be annotated.


Warning-[SDFCOM_SWC] Simple Wire Connection
/MasterClass/M143010027_ALU/Hws/HW1/gate_level/FLP_adder/Delay/round2/timing.sdf, 4469
module: AOI211D2BWP16P90LVT, "instance: testbench.test_module.U938"
  SDF Warning: The path from U938.ZN to add_95.U202.I doesn't have a simple 
  wire connection, delay will still be annotated.


Warning-[SDFCOM_SWC] Simple Wire Connection
/MasterClass/M143010027_ALU/Hws/HW1/gate_level/FLP_adder/Delay/round2/timing.sdf, 4470
module: OAI222D2BWP16P90LVT, "instance: testbench.test_module.U1291"
  SDF Warning: The path from U1291.ZN to add_95.U201.I doesn't have a simple 
  wire connection, delay will still be annotated.


Warning-[SDFCOM_SWC] Simple Wire Connection
/MasterClass/M143010027_ALU/Hws/HW1/gate_level/FLP_adder/Delay/round2/timing.sdf, 4474
module: OAI22D2BWP16P90LVT, "instance: testbench.test_module.U1084"
  SDF Warning: The path from U1084.ZN to add_95.U199.A2 doesn't have a simple 
  wire connection, delay will still be annotated.


Warning-[SDFCOM_SWC] Simple Wire Connection
/MasterClass/M143010027_ALU/Hws/HW1/gate_level/FLP_adder/Delay/round2/timing.sdf, 4475
module: OAI211D2BWP16P90LVT, "instance: testbench.test_module.U1182"
  SDF Warning: The path from U1182.ZN to add_95.U198.I doesn't have a simple 
  wire connection, delay will still be annotated.


Warning-[SDFCOM_SWC] Simple Wire Connection
/MasterClass/M143010027_ALU/Hws/HW1/gate_level/FLP_adder/Delay/round2/timing.sdf, 4480
module: INVD4BWP16P90LVT, "instance: testbench.test_module.U1290"
  SDF Warning: The path from U1290.ZN to add_95.U195.A2 doesn't have a simple 
  wire connection, delay will still be annotated.


Warning-[SDFCOM_SWC] Simple Wire Connection
/MasterClass/M143010027_ALU/Hws/HW1/gate_level/FLP_adder/Delay/round2/timing.sdf, 4481
module: OAI211D2BWP16P90LVT, "instance: testbench.test_module.U554"
  SDF Warning: The path from U554.ZN to add_95.U194.I doesn't have a simple 
  wire connection, delay will still be annotated.


Warning-[SDFCOM_SWC] Simple Wire Connection
/MasterClass/M143010027_ALU/Hws/HW1/gate_level/FLP_adder/Delay/round2/timing.sdf, 4484
module: AOI21D2BWP16P90LVT, "instance: testbench.test_module.U1028"
  SDF Warning: The path from U1028.ZN to add_95.U192.I doesn't have a simple 
  wire connection, delay will still be annotated.


Warning-[SDFCOM_SWC] Simple Wire Connection
/MasterClass/M143010027_ALU/Hws/HW1/gate_level/FLP_adder/Delay/round2/timing.sdf, 4485
module: ND2D4BWP16P90LVT, "instance: testbench.test_module.U1184"
  SDF Warning: The path from U1184.ZN to add_95.U191.I doesn't have a simple 
  wire connection, delay will still be annotated.


Warning-[SDFCOM_SWC] Simple Wire Connection
/MasterClass/M143010027_ALU/Hws/HW1/gate_level/FLP_adder/Delay/round2/timing.sdf, 4486
module: ND3D2BWP16P90LVT, "instance: testbench.test_module.U1192"
  SDF Warning: The path from U1192.ZN to add_95.U190.I doesn't have a simple 
  wire connection, delay will still be annotated.


Warning-[SDFCOM_SWC] Simple Wire Connection
/MasterClass/M143010027_ALU/Hws/HW1/gate_level/FLP_adder/Delay/round2/timing.sdf, 4488
module: OAI21D1BWP16P90LVT, "instance: testbench.test_module.U1731"
  SDF Warning: The path from U1731.ZN to add_95.U189.A2 doesn't have a simple 
  wire connection, delay will still be annotated.


Warning-[SDFCOM_SWC] Simple Wire Connection
/MasterClass/M143010027_ALU/Hws/HW1/gate_level/FLP_adder/Delay/round2/timing.sdf, 4490
module: OAI31D1BWP16P90LVT, "instance: testbench.test_module.U1376"
  SDF Warning: The path from U1376.ZN to add_95.U187.A1 doesn't have a simple 
  wire connection, delay will still be annotated.


Warning-[SDFCOM_SWC] Simple Wire Connection
/MasterClass/M143010027_ALU/Hws/HW1/gate_level/FLP_adder/Delay/round2/timing.sdf, 4491
module: OAI21D1BWP16P90LVT, "instance: testbench.test_module.U1731"
  SDF Warning: The path from U1731.ZN to add_95.U187.A2 doesn't have a simple 
  wire connection, delay will still be annotated.


Warning-[SDFCOM_SWC] Simple Wire Connection
/MasterClass/M143010027_ALU/Hws/HW1/gate_level/FLP_adder/Delay/round2/timing.sdf, 4492
module: OAI32D2BWP16P90LVT, "instance: testbench.test_module.U1029"
  SDF Warning: The path from U1029.ZN to add_95.U186.A1 doesn't have a simple 
  wire connection, delay will still be annotated.


Warning-[SDFCOM_SWC] Simple Wire Connection
/MasterClass/M143010027_ALU/Hws/HW1/gate_level/FLP_adder/Delay/round2/timing.sdf, 4493
module: OAI22D1BWP16P90LVT, "instance: testbench.test_module.U1075"
  SDF Warning: The path from U1075.ZN to add_95.U186.A2 doesn't have a simple 
  wire connection, delay will still be annotated.


Warning-[SDFCOM_SWC] Simple Wire Connection
/MasterClass/M143010027_ALU/Hws/HW1/gate_level/FLP_adder/Delay/round2/timing.sdf, 4506
module: OAI211D2BWP16P90LVT, "instance: testbench.test_module.U1082"
  SDF Warning: The path from U1082.ZN to add_95.U177.A1 doesn't have a simple 
  wire connection, delay will still be annotated.


Warning-[SDFCOM_SWC] Simple Wire Connection
/MasterClass/M143010027_ALU/Hws/HW1/gate_level/FLP_adder/Delay/round2/timing.sdf, 4507
module: OAI211D2BWP16P90LVT, "instance: testbench.test_module.U1297"
  SDF Warning: The path from U1297.ZN to add_95.U177.A2 doesn't have a simple 
  wire connection, delay will still be annotated.


Warning-[SDFCOM_SWC] Simple Wire Connection
/MasterClass/M143010027_ALU/Hws/HW1/gate_level/FLP_adder/Delay/round2/timing.sdf, 4511
module: OAI211D2BWP16P90LVT, "instance: testbench.test_module.U843"
  SDF Warning: The path from U843.ZN to add_95.U175.A2 doesn't have a simple 
  wire connection, delay will still be annotated.


Warning-[SDFCOM_SWC] Simple Wire Connection
/MasterClass/M143010027_ALU/Hws/HW1/gate_level/FLP_adder/Delay/round2/timing.sdf, 4519
module: OAI211D2BWP16P90LVT, "instance: testbench.test_module.U899"
  SDF Warning: The path from U899.ZN to add_95.U168.A1 doesn't have a simple 
  wire connection, delay will still be annotated.


Warning-[SDFCOM_SWC] Simple Wire Connection
/MasterClass/M143010027_ALU/Hws/HW1/gate_level/FLP_adder/Delay/round2/timing.sdf, 4520
module: ND2D2BWP16P90LVT, "instance: testbench.test_module.U839"
  SDF Warning: The path from U839.ZN to add_95.U168.A2 doesn't have a simple 
  wire connection, delay will still be annotated.


Warning-[SDFCOM_SWC] Simple Wire Connection
/MasterClass/M143010027_ALU/Hws/HW1/gate_level/FLP_adder/Delay/round2/timing.sdf, 4527
module: ND2D4BWP16P90LVT, "instance: testbench.test_module.U1184"
  SDF Warning: The path from U1184.ZN to add_95.U164.A1 doesn't have a simple 
  wire connection, delay will still be annotated.


Warning-[SDFCOM_SWC] Simple Wire Connection
/MasterClass/M143010027_ALU/Hws/HW1/gate_level/FLP_adder/Delay/round2/timing.sdf, 4528
module: OAI221D1BWP16P90LVT, "instance: testbench.test_module.U1725"
  SDF Warning: The path from U1725.ZN to add_95.U164.A2 doesn't have a simple 
  wire connection, delay will still be annotated.


Warning-[SDFCOM_SWC] Simple Wire Connection
/MasterClass/M143010027_ALU/Hws/HW1/gate_level/FLP_adder/Delay/round2/timing.sdf, 4529
module: OAI211D2BWP16P90LVT, "instance: testbench.test_module.U554"
  SDF Warning: The path from U554.ZN to add_95.U163.A1 doesn't have a simple 
  wire connection, delay will still be annotated.


Warning-[SDFCOM_SWC] Simple Wire Connection
/MasterClass/M143010027_ALU/Hws/HW1/gate_level/FLP_adder/Delay/round2/timing.sdf, 4530
module: OAI211D2BWP16P90LVT, "instance: testbench.test_module.U843"
  SDF Warning: The path from U843.ZN to add_95.U163.A2 doesn't have a simple 
  wire connection, delay will still be annotated.


Warning-[SDFCOM_SWC] Simple Wire Connection
/MasterClass/M143010027_ALU/Hws/HW1/gate_level/FLP_adder/Delay/round2/timing.sdf, 4532
module: OAI221D2BWP16P90LVT, "instance: testbench.test_module.U1157"
  SDF Warning: The path from U1157.ZN to add_95.U162.A2 doesn't have a simple 
  wire connection, delay will still be annotated.


Warning-[SDFCOM_SWC] Simple Wire Connection
/MasterClass/M143010027_ALU/Hws/HW1/gate_level/FLP_adder/Delay/round2/timing.sdf, 4534
module: OAI221D2BWP16P90LVT, "instance: testbench.test_module.U1066"
  SDF Warning: The path from U1066.ZN to add_95.U161.A2 doesn't have a simple 
  wire connection, delay will still be annotated.


Warning-[SDFCOM_SWC] Simple Wire Connection
/MasterClass/M143010027_ALU/Hws/HW1/gate_level/FLP_adder/Delay/round2/timing.sdf, 4536
module: OAI221D2BWP16P90LVT, "instance: testbench.test_module.U1161"
  SDF Warning: The path from U1161.ZN to add_95.U159.I doesn't have a simple 
  wire connection, delay will still be annotated.


Warning-[SDFCOM_SWC] Simple Wire Connection
/MasterClass/M143010027_ALU/Hws/HW1/gate_level/FLP_adder/Delay/round2/timing.sdf, 4539
module: OAI221D2BWP16P90LVT, "instance: testbench.test_module.U458"
  SDF Warning: The path from U458.ZN to add_95.U157.A1 doesn't have a simple 
  wire connection, delay will still be annotated.


Warning-[SDFCOM_SWC] Simple Wire Connection
/MasterClass/M143010027_ALU/Hws/HW1/gate_level/FLP_adder/Delay/round2/timing.sdf, 4540
module: OAI221D2BWP16P90LVT, "instance: testbench.test_module.U1157"
  SDF Warning: The path from U1157.ZN to add_95.U157.A2 doesn't have a simple 
  wire connection, delay will still be annotated.


Warning-[SDFCOM_SWC] Simple Wire Connection
/MasterClass/M143010027_ALU/Hws/HW1/gate_level/FLP_adder/Delay/round2/timing.sdf, 4541
module: ND3D2BWP16P90LVT, "instance: testbench.test_module.U1192"
  SDF Warning: The path from U1192.ZN to add_95.U156.A1 doesn't have a simple 
  wire connection, delay will still be annotated.


Warning-[SDFCOM_SWC] Simple Wire Connection
/MasterClass/M143010027_ALU/Hws/HW1/gate_level/FLP_adder/Delay/round2/timing.sdf, 4542
module: OAI221D2BWP16P90LVT, "instance: testbench.test_module.U1066"
  SDF Warning: The path from U1066.ZN to add_95.U156.A2 doesn't have a simple 
  wire connection, delay will still be annotated.


Warning-[SDFCOM_SWC] Simple Wire Connection
/MasterClass/M143010027_ALU/Hws/HW1/gate_level/FLP_adder/Delay/round2/timing.sdf, 4544
module: OAI211D2BWP16P90LVT, "instance: testbench.test_module.U899"
  SDF Warning: The path from U899.ZN to add_95.U155.A2 doesn't have a simple 
  wire connection, delay will still be annotated.


Warning-[SDFCOM_SWC] Simple Wire Connection
/MasterClass/M143010027_ALU/Hws/HW1/gate_level/FLP_adder/Delay/round2/timing.sdf, 4545
module: OAI221D2BWP16P90LVT, "instance: testbench.test_module.U1161"
  SDF Warning: The path from U1161.ZN to add_95.U154.A1 doesn't have a simple 
  wire connection, delay will still be annotated.


Warning-[SDFCOM_SWC] Simple Wire Connection
/MasterClass/M143010027_ALU/Hws/HW1/gate_level/FLP_adder/Delay/round2/timing.sdf, 4546
module: OAI222D2BWP16P90LVT, "instance: testbench.test_module.U1291"
  SDF Warning: The path from U1291.ZN to add_95.U154.A2 doesn't have a simple 
  wire connection, delay will still be annotated.


Warning-[SDFCOM_SWC] Simple Wire Connection
/MasterClass/M143010027_ALU/Hws/HW1/gate_level/FLP_adder/Delay/round2/timing.sdf, 4547
module: OAI221D2BWP16P90LVT, "instance: testbench.test_module.U1161"
  SDF Warning: The path from U1161.ZN to add_95.U153.A1 doesn't have a simple 
  wire connection, delay will still be annotated.


Warning-[SDFCOM_SWC] Simple Wire Connection
/MasterClass/M143010027_ALU/Hws/HW1/gate_level/FLP_adder/Delay/round2/timing.sdf, 4548
module: OAI222D2BWP16P90LVT, "instance: testbench.test_module.U1291"
  SDF Warning: The path from U1291.ZN to add_95.U153.A2 doesn't have a simple 
  wire connection, delay will still be annotated.


Warning-[SDFCOM_SWC] Simple Wire Connection
/MasterClass/M143010027_ALU/Hws/HW1/gate_level/FLP_adder/Delay/round2/timing.sdf, 4549
module: ND2D2BWP16P90LVT, "instance: testbench.test_module.U839"
  SDF Warning: The path from U839.ZN to add_95.U152.I doesn't have a simple 
  wire connection, delay will still be annotated.


Warning-[SDFCOM_SWC] Simple Wire Connection
/MasterClass/M143010027_ALU/Hws/HW1/gate_level/FLP_adder/Delay/round2/timing.sdf, 4566
module: MUX2ND4BWP16P90, "instance: testbench.test_module.U822"
  SDF Warning: The path from U822.ZN to sub_55.U194.A1 doesn't have a simple 
  wire connection, delay will still be annotated.


Warning-[SDFCOM_SWC] Simple Wire Connection
/MasterClass/M143010027_ALU/Hws/HW1/gate_level/FLP_adder/Delay/round2/timing.sdf, 4568
module: MUX2ND2BWP16P90LVT, "instance: testbench.test_module.U586"
  SDF Warning: The path from U586.ZN to sub_55.U193.A1 doesn't have a simple 
  wire connection, delay will still be annotated.


Warning-[SDFCOM_SWC] Simple Wire Connection
/MasterClass/M143010027_ALU/Hws/HW1/gate_level/FLP_adder/Delay/round2/timing.sdf, 4570
module: MUX2ND2BWP16P90LVT, "instance: testbench.test_module.U592"
  SDF Warning: The path from U592.ZN to sub_55.U192.I doesn't have a simple 
  wire connection, delay will still be annotated.


Warning-[SDFCOM_SWC] Simple Wire Connection
/MasterClass/M143010027_ALU/Hws/HW1/gate_level/FLP_adder/Delay/round2/timing.sdf, 4571
module: MUX2ND2BWP16P90LVT, "instance: testbench.test_module.U593"
  SDF Warning: The path from U593.ZN to sub_55.U191.I doesn't have a simple 
  wire connection, delay will still be annotated.


Warning-[SDFCOM_SWC] Simple Wire Connection
/MasterClass/M143010027_ALU/Hws/HW1/gate_level/FLP_adder/Delay/round2/timing.sdf, 4572
module: MUX2ND2BWP16P90LVT, "instance: testbench.test_module.U594"
  SDF Warning: The path from U594.ZN to sub_55.U190.I doesn't have a simple 
  wire connection, delay will still be annotated.


Warning-[SDFCOM_SWC] Simple Wire Connection
/MasterClass/M143010027_ALU/Hws/HW1/gate_level/FLP_adder/Delay/round2/timing.sdf, 4575
module: MUX2ND2BWP16P90LVT, "instance: testbench.test_module.U590"
  SDF Warning: The path from U590.ZN to sub_55.U188.I doesn't have a simple 
  wire connection, delay will still be annotated.


Warning-[SDFCOM_SWC] Simple Wire Connection
/MasterClass/M143010027_ALU/Hws/HW1/gate_level/FLP_adder/Delay/round2/timing.sdf, 4577
module: MUX2ND2BWP16P90LVT, "instance: testbench.test_module.U571"
  SDF Warning: The path from U571.ZN to sub_55.U187.A2 doesn't have a simple 
  wire connection, delay will still be annotated.


Warning-[SDFCOM_SWC] Simple Wire Connection
/MasterClass/M143010027_ALU/Hws/HW1/gate_level/FLP_adder/Delay/round2/timing.sdf, 4579
module: MUX2ND2BWP16P90LVT, "instance: testbench.test_module.U573"
  SDF Warning: The path from U573.ZN to sub_55.U186.A2 doesn't have a simple 
  wire connection, delay will still be annotated.


Warning-[SDFCOM_SWC] Simple Wire Connection
/MasterClass/M143010027_ALU/Hws/HW1/gate_level/FLP_adder/Delay/round2/timing.sdf, 4583
module: MUX2ND2BWP16P90LVT, "instance: testbench.test_module.U574"
  SDF Warning: The path from U574.ZN to sub_55.U184.A2 doesn't have a simple 
  wire connection, delay will still be annotated.


Warning-[SDFCOM_SWC] Simple Wire Connection
/MasterClass/M143010027_ALU/Hws/HW1/gate_level/FLP_adder/Delay/round2/timing.sdf, 4585
module: MUX2ND2BWP16P90LVT, "instance: testbench.test_module.U587"
  SDF Warning: The path from U587.ZN to sub_55.U183.A2 doesn't have a simple 
  wire connection, delay will still be annotated.


Warning-[SDFCOM_SWC] Simple Wire Connection
/MasterClass/M143010027_ALU/Hws/HW1/gate_level/FLP_adder/Delay/round2/timing.sdf, 4589
module: MUX2ND2BWP16P90LVT, "instance: testbench.test_module.U591"
  SDF Warning: The path from U591.ZN to sub_55.U181.A2 doesn't have a simple 
  wire connection, delay will still be annotated.


Warning-[SDFCOM_SWC] Simple Wire Connection
/MasterClass/M143010027_ALU/Hws/HW1/gate_level/FLP_adder/Delay/round2/timing.sdf, 4590
module: MUX2ND2BWP16P90LVT, "instance: testbench.test_module.U582"
  SDF Warning: The path from U582.ZN to sub_55.U180.I doesn't have a simple 
  wire connection, delay will still be annotated.


Warning-[SDFCOM_SWC] Simple Wire Connection
/MasterClass/M143010027_ALU/Hws/HW1/gate_level/FLP_adder/Delay/round2/timing.sdf, 4592
module: MUX2ND2BWP16P90, "instance: testbench.test_module.U705"
  SDF Warning: The path from U705.ZN to sub_55.U179.A2 doesn't have a simple 
  wire connection, delay will still be annotated.


Warning-[SDFCOM_SWC] Simple Wire Connection
/MasterClass/M143010027_ALU/Hws/HW1/gate_level/FLP_adder/Delay/round2/timing.sdf, 4594
module: MUX2ND2BWP16P90LVT, "instance: testbench.test_module.U596"
  SDF Warning: The path from U596.ZN to sub_55.U178.A2 doesn't have a simple 
  wire connection, delay will still be annotated.


Warning-[SDFCOM_SWC] Simple Wire Connection
/MasterClass/M143010027_ALU/Hws/HW1/gate_level/FLP_adder/Delay/round2/timing.sdf, 4596
module: MUX2ND4BWP16P90, "instance: testbench.test_module.U822"
  SDF Warning: The path from U822.ZN to sub_55.U177.A2 doesn't have a simple 
  wire connection, delay will still be annotated.


Warning-[SDFCOM_SWC] Simple Wire Connection
/MasterClass/M143010027_ALU/Hws/HW1/gate_level/FLP_adder/Delay/round2/timing.sdf, 4598
module: MUX2ND2BWP16P90LVT, "instance: testbench.test_module.U584"
  SDF Warning: The path from U584.ZN to sub_55.U176.A2 doesn't have a simple 
  wire connection, delay will still be annotated.


Warning-[SDFCOM_SWC] Simple Wire Connection
/MasterClass/M143010027_ALU/Hws/HW1/gate_level/FLP_adder/Delay/round2/timing.sdf, 4599
module: MUX2ND2BWP16P90LVT, "instance: testbench.test_module.U581"
  SDF Warning: The path from U581.ZN to sub_55.U175.I doesn't have a simple 
  wire connection, delay will still be annotated.


Warning-[SDFCOM_SWC] Simple Wire Connection
/MasterClass/M143010027_ALU/Hws/HW1/gate_level/FLP_adder/Delay/round2/timing.sdf, 4600
module: MUX2ND2BWP16P90LVT, "instance: testbench.test_module.U579"
  SDF Warning: The path from U579.ZN to sub_55.U174.A1 doesn't have a simple 
  wire connection, delay will still be annotated.


Warning-[SDFCOM_SWC] Simple Wire Connection
/MasterClass/M143010027_ALU/Hws/HW1/gate_level/FLP_adder/Delay/round2/timing.sdf, 4603
module: MUX2ND2BWP16P90LVT, "instance: testbench.test_module.U575"
  SDF Warning: The path from U575.ZN to sub_55.U173.A2 doesn't have a simple 
  wire connection, delay will still be annotated.


Warning-[SDFCOM_SWC] Simple Wire Connection
/MasterClass/M143010027_ALU/Hws/HW1/gate_level/FLP_adder/Delay/round2/timing.sdf, 4605
module: MUX2ND2BWP16P90LVT, "instance: testbench.test_module.U590"
  SDF Warning: The path from U590.ZN to sub_55.U172.A2 doesn't have a simple 
  wire connection, delay will still be annotated.


Warning-[SDFCOM_SWC] Simple Wire Connection
/MasterClass/M143010027_ALU/Hws/HW1/gate_level/FLP_adder/Delay/round2/timing.sdf, 4607
module: MUX2ND2BWP16P90LVT, "instance: testbench.test_module.U593"
  SDF Warning: The path from U593.ZN to sub_55.U171.A2 doesn't have a simple 
  wire connection, delay will still be annotated.


Warning-[SDFCOM_SWC] Simple Wire Connection
/MasterClass/M143010027_ALU/Hws/HW1/gate_level/FLP_adder/Delay/round2/timing.sdf, 4609
module: MUX2ND4BWP16P90, "instance: testbench.test_module.U822"
  SDF Warning: The path from U822.ZN to sub_55.U170.A2 doesn't have a simple 
  wire connection, delay will still be annotated.


Warning-[SDFCOM_SWC] Simple Wire Connection
/MasterClass/M143010027_ALU/Hws/HW1/gate_level/FLP_adder/Delay/round2/timing.sdf, 4610
module: MUX2ND2BWP16P90LVT, "instance: testbench.test_module.U575"
  SDF Warning: The path from U575.ZN to sub_55.U169.I doesn't have a simple 
  wire connection, delay will still be annotated.


Warning-[SDFCOM_SWC] Simple Wire Connection
/MasterClass/M143010027_ALU/Hws/HW1/gate_level/FLP_adder/Delay/round2/timing.sdf, 4612
module: MUX2ND2BWP16P90LVT, "instance: testbench.test_module.U594"
  SDF Warning: The path from U594.ZN to sub_55.U168.A2 doesn't have a simple 
  wire connection, delay will still be annotated.


Warning-[SDFCOM_SWC] Simple Wire Connection
/MasterClass/M143010027_ALU/Hws/HW1/gate_level/FLP_adder/Delay/round2/timing.sdf, 4613
module: MUX2ND2BWP16P90LVT, "instance: testbench.test_module.U578"
  SDF Warning: The path from U578.ZN to sub_55.U167.I doesn't have a simple 
  wire connection, delay will still be annotated.


Warning-[SDFCOM_SWC] Simple Wire Connection
/MasterClass/M143010027_ALU/Hws/HW1/gate_level/FLP_adder/Delay/round2/timing.sdf, 4614
module: MUX2ND2BWP16P90LVT, "instance: testbench.test_module.U577"
  SDF Warning: The path from U577.ZN to sub_55.U166.I doesn't have a simple 
  wire connection, delay will still be annotated.


Warning-[SDFCOM_SWC] Simple Wire Connection
/MasterClass/M143010027_ALU/Hws/HW1/gate_level/FLP_adder/Delay/round2/timing.sdf, 4617
module: MUX2ND2BWP16P90LVT, "instance: testbench.test_module.U576"
  SDF Warning: The path from U576.ZN to sub_55.U164.I doesn't have a simple 
  wire connection, delay will still be annotated.


Warning-[SDFCOM_SWC] Simple Wire Connection
/MasterClass/M143010027_ALU/Hws/HW1/gate_level/FLP_adder/Delay/round2/timing.sdf, 4621
module: MUX2ND2BWP16P90LVT, "instance: testbench.test_module.U581"
  SDF Warning: The path from U581.ZN to sub_55.U162.A2 doesn't have a simple 
  wire connection, delay will still be annotated.


Warning-[SDFCOM_SWC] Simple Wire Connection
/MasterClass/M143010027_ALU/Hws/HW1/gate_level/FLP_adder/Delay/round2/timing.sdf, 4625
module: MUX2ND2BWP16P90LVT, "instance: testbench.test_module.U582"
  SDF Warning: The path from U582.ZN to sub_55.U160.A2 doesn't have a simple 
  wire connection, delay will still be annotated.


Warning-[SDFCOM_SWC] Simple Wire Connection
/MasterClass/M143010027_ALU/Hws/HW1/gate_level/FLP_adder/Delay/round2/timing.sdf, 4627
module: MUX2ND2BWP16P90LVT, "instance: testbench.test_module.U579"
  SDF Warning: The path from U579.ZN to sub_55.U159.A2 doesn't have a simple 
  wire connection, delay will still be annotated.


Warning-[SDFCOM_SWC] Simple Wire Connection
/MasterClass/M143010027_ALU/Hws/HW1/gate_level/FLP_adder/Delay/round2/timing.sdf, 4629
module: MUX2ND2BWP16P90LVT, "instance: testbench.test_module.U580"
  SDF Warning: The path from U580.ZN to sub_55.U158.A2 doesn't have a simple 
  wire connection, delay will still be annotated.


Warning-[SDFCOM_SWC] Simple Wire Connection
/MasterClass/M143010027_ALU/Hws/HW1/gate_level/FLP_adder/Delay/round2/timing.sdf, 4631
module: MUX2ND2BWP16P90LVT, "instance: testbench.test_module.U579"
  SDF Warning: The path from U579.ZN to sub_55.U157.A2 doesn't have a simple 
  wire connection, delay will still be annotated.


Warning-[SDFCOM_SWC] Simple Wire Connection
/MasterClass/M143010027_ALU/Hws/HW1/gate_level/FLP_adder/Delay/round2/timing.sdf, 4632
module: MUX2ND2BWP16P90LVT, "instance: testbench.test_module.U574"
  SDF Warning: The path from U574.ZN to sub_55.U156.I doesn't have a simple 
  wire connection, delay will still be annotated.


Warning-[SDFCOM_SWC] Simple Wire Connection
/MasterClass/M143010027_ALU/Hws/HW1/gate_level/FLP_adder/Delay/round2/timing.sdf, 4634
module: MUX2ND2BWP16P90LVT, "instance: testbench.test_module.U578"
  SDF Warning: The path from U578.ZN to sub_55.U155.A2 doesn't have a simple 
  wire connection, delay will still be annotated.


Warning-[SDFCOM_SWC] Simple Wire Connection
/MasterClass/M143010027_ALU/Hws/HW1/gate_level/FLP_adder/Delay/round2/timing.sdf, 4636
module: MUX2ND2BWP16P90LVT, "instance: testbench.test_module.U577"
  SDF Warning: The path from U577.ZN to sub_55.U154.A2 doesn't have a simple 
  wire connection, delay will still be annotated.


Warning-[SDFCOM_SWC] Simple Wire Connection
/MasterClass/M143010027_ALU/Hws/HW1/gate_level/FLP_adder/Delay/round2/timing.sdf, 4637
module: MUX2ND2BWP16P90LVT, "instance: testbench.test_module.U571"
  SDF Warning: The path from U571.ZN to sub_55.U153.I doesn't have a simple 
  wire connection, delay will still be annotated.


Warning-[SDFCOM_SWC] Simple Wire Connection
/MasterClass/M143010027_ALU/Hws/HW1/gate_level/FLP_adder/Delay/round2/timing.sdf, 4639
module: MUX2ND2BWP16P90LVT, "instance: testbench.test_module.U578"
  SDF Warning: The path from U578.ZN to sub_55.U152.A2 doesn't have a simple 
  wire connection, delay will still be annotated.


Warning-[SDFCOM_SWC] Simple Wire Connection
/MasterClass/M143010027_ALU/Hws/HW1/gate_level/FLP_adder/Delay/round2/timing.sdf, 4640
module: MUX2ND2BWP16P90LVT, "instance: testbench.test_module.U573"
  SDF Warning: The path from U573.ZN to sub_55.U151.A1 doesn't have a simple 
  wire connection, delay will still be annotated.


Warning-[SDFCOM_SWC] Simple Wire Connection
/MasterClass/M143010027_ALU/Hws/HW1/gate_level/FLP_adder/Delay/round2/timing.sdf, 4642
module: MUX2ND2BWP16P90, "instance: testbench.test_module.U706"
  SDF Warning: The path from U706.ZN to sub_55.U150.I doesn't have a simple 
  wire connection, delay will still be annotated.


Warning-[SDFCOM_SWC] Simple Wire Connection
/MasterClass/M143010027_ALU/Hws/HW1/gate_level/FLP_adder/Delay/round2/timing.sdf, 4644
module: MUX2ND2BWP16P90LVT, "instance: testbench.test_module.U576"
  SDF Warning: The path from U576.ZN to sub_55.U149.A2 doesn't have a simple 
  wire connection, delay will still be annotated.


Warning-[SDFCOM_SWC] Simple Wire Connection
/MasterClass/M143010027_ALU/Hws/HW1/gate_level/FLP_adder/Delay/round2/timing.sdf, 4645
module: MUX2ND2BWP16P90LVT, "instance: testbench.test_module.U587"
  SDF Warning: The path from U587.ZN to sub_55.U148.I doesn't have a simple 
  wire connection, delay will still be annotated.


Warning-[SDFCOM_SWC] Simple Wire Connection
/MasterClass/M143010027_ALU/Hws/HW1/gate_level/FLP_adder/Delay/round2/timing.sdf, 4648
module: MUX2ND2BWP16P90LVT, "instance: testbench.test_module.U586"
  SDF Warning: The path from U586.ZN to sub_55.U146.A1 doesn't have a simple 
  wire connection, delay will still be annotated.


Warning-[SDFCOM_SWC] Simple Wire Connection
/MasterClass/M143010027_ALU/Hws/HW1/gate_level/FLP_adder/Delay/round2/timing.sdf, 4650
module: MUX2ND2BWP16P90LVT, "instance: testbench.test_module.U591"
  SDF Warning: The path from U591.ZN to sub_55.U145.I doesn't have a simple 
  wire connection, delay will still be annotated.


Warning-[SDFCOM_SWC] Simple Wire Connection
/MasterClass/M143010027_ALU/Hws/HW1/gate_level/FLP_adder/Delay/round2/timing.sdf, 4656
module: MUX2ND2BWP16P90LVT, "instance: testbench.test_module.U596"
  SDF Warning: The path from U596.ZN to sub_55.U142.A2 doesn't have a simple 
  wire connection, delay will still be annotated.


Warning-[SDFCOM_SWC] Simple Wire Connection
/MasterClass/M143010027_ALU/Hws/HW1/gate_level/FLP_adder/Delay/round2/timing.sdf, 4660
module: MUX2ND2BWP16P90LVT, "instance: testbench.test_module.U573"
  SDF Warning: The path from U573.ZN to sub_55.U140.A2 doesn't have a simple 
  wire connection, delay will still be annotated.


Warning-[SDFCOM_SWC] Simple Wire Connection
/MasterClass/M143010027_ALU/Hws/HW1/gate_level/FLP_adder/Delay/round2/timing.sdf, 4667
module: MUX2ND2BWP16P90LVT, "instance: testbench.test_module.U594"
  SDF Warning: The path from U594.ZN to sub_55.U136.A2 doesn't have a simple 
  wire connection, delay will still be annotated.


Warning-[SDFCOM_SWC] Simple Wire Connection
/MasterClass/M143010027_ALU/Hws/HW1/gate_level/FLP_adder/Delay/round2/timing.sdf, 4681
module: MUX2ND2BWP16P90LVT, "instance: testbench.test_module.U592"
  SDF Warning: The path from U592.ZN to sub_55.U126.A2 doesn't have a simple 
  wire connection, delay will still be annotated.


Warning-[SDFCOM_SWC] Simple Wire Connection
/MasterClass/M143010027_ALU/Hws/HW1/gate_level/FLP_adder/Delay/round2/timing.sdf, 4683
module: MUX2ND2BWP16P90LVT, "instance: testbench.test_module.U584"
  SDF Warning: The path from U584.ZN to sub_55.U124.I doesn't have a simple 
  wire connection, delay will still be annotated.


Warning-[SDFCOM_SWC] Simple Wire Connection
/MasterClass/M143010027_ALU/Hws/HW1/gate_level/FLP_adder/Delay/round2/timing.sdf, 4684
module: MUX2ND2BWP16P90LVT, "instance: testbench.test_module.U580"
  SDF Warning: The path from U580.ZN to sub_55.U123.I doesn't have a simple 
  wire connection, delay will still be annotated.


Warning-[SDFCOM_SWC] Simple Wire Connection
/MasterClass/M143010027_ALU/Hws/HW1/gate_level/FLP_adder/Delay/round2/timing.sdf, 4685
module: MUX2ND2BWP16P90, "instance: testbench.test_module.U705"
  SDF Warning: The path from U705.ZN to sub_55.U122.I doesn't have a simple 
  wire connection, delay will still be annotated.


          Total errors: 0
          Total warnings: 361
   ***    SDF annotation completed: Mon Oct  5 20:45:44 2026


